/*******************************************************************************
 * Size: 16 px
 * Bpp: 4
 * Opts: --font ./NotoSansSC-Regular.ttf --size 16 --bpp 4 --format lvgl --lv-include lvgl.h -o main/ui/noto_sans_eu.c --lv-fallback noto_sans_cjk --range 0x20-0x7e,0xa0-0x103,0x110-0x113,0x11a-0x11b,0x128-0x12b,0x143-0x144,0x147-0x148,0x14c-0x14f,0x152-0x153,0x168-0x16d,0x192,0x1a0-0x1a1,0x1af-0x1b0,0x1cd-0x1dc,0x1f8-0x1f9,0x251,0x261,0x2bb,0x2c7,0x2c9-0x2cb,0x2d9,0x2ea-0x2eb,0x300-0x301,0x304,0x307,0x30c,0x391-0x3a1,0x3a3-0x3a9,0x3b1-0x3c9,0x401,0x410-0x44f,0x451,0x1e3e-0x1e3f,0x1ea0-0x1ef9,0x2002-0x2003,0x2010-0x2016,0x2018-0x201a,0x201c-0x201e,0x2020-0x2022,0x2025-0x2027,0x2030,0x2032-0x2033,0x2035,0x2039-0x203c,0x2042,0x2047-0x2049,0x2051,0x2074,0x20a9,0x20ab-0x20ac,0x20dd-0x20de,0x2100,0x2103,0x2105,0x2109-0x210a,0x210f,0x2113,0x2116,0x2121-0x2122,0x2126-0x2127,0x212b,0x212e,0x2135,0x213b,0x2160-0x216b,0x2170-0x217b,0x2190-0x2199,0x21b8-0x21b9,0x21c4-0x21c6,0x21cb-0x21cc,0x21d0,0x21d2,0x21d4,0x21e6-0x21e9,0x21f5,0x2200,0x2202-0x2203,0x2205-0x220b,0x220f,0x2211-0x2213,0x2215,0x221a,0x221d-0x2220,0x2223,0x2225-0x222e,0x2234-0x2237,0x223d,0x2243,0x2245,0x2248,0x224c,0x2260-0x2262,0x2264-0x2267,0x226a-0x226b,0x226e-0x226f,0x2272-0x2273,0x2276-0x2277,0x2282-0x2287,0x228a-0x228b,0x2295-0x2299,0x22a0,0x22a5,0x22bf,0x22da-0x22db,0x22ef,0x2305-0x2307,0x2312,0x2318,0x2329-0x232a,0x23b0-0x23b1,0x23be-0x23cc,0x23ce,0x23da-0x23db,0x2423,0x2460-0x25ab,0x25b1-0x25b3,0x25b6-0x25b7,0x25bc-0x25bd,0x25c0-0x25c1,0x25c6-0x25c7,0x25c9-0x25cc,0x25ce-0x25d3,0x25e2-0x25e6,0x25ef,0x2600-0x2603,0x2605-0x2606,0x2609,0x260e-0x260f,0x2616-0x2617,0x261c-0x261f,0x262f,0x2640-0x2642,0x2660-0x266f,0x2672-0x267d,0x26a0,0x26bd-0x26be,0x2702,0x2713,0x271a,0x273d,0x273f-0x2740,0x2756,0x2776-0x2793,0x27a1,0x2934-0x2935,0x29bf,0x29fa-0x29fb,0x2b05-0x2b07,0x2b1a,0x2b95,0x2e3a-0x2e3b
 ******************************************************************************/

#ifdef LV_LVGL_H_INCLUDE_SIMPLE
#include "lvgl.h"
#else
#include "lvgl.h"
#endif

#ifndef NOTO_SANS_EU
#define NOTO_SANS_EU 1
#endif

#if NOTO_SANS_EU

/*-----------------
 *    BITMAPS
 *----------------*/

/*Store the image of the glyphs*/
static LV_ATTRIBUTE_LARGE_CONST const uint8_t glyph_bitmap[] = {
    /* U+0020 " " */

    /* U+0021 "!" */
    0x2f, 0x40, 0x8, 0xc0, 0x33, 0x88, 0x6, 0x10,
    0xe, 0x30, 0x81, 0x4, 0x6, 0xc8, 0x20, 0xe0,

    /* U+0022 "\"" */
    0x8f, 0x6, 0xf1, 0x0, 0xf7, 0x90, 0x10, 0x9,
    0x8, 0x38, 0x83, 0xd8, 0x13, 0x0,

    /* U+0023 "#" */
    0x0, 0xb8, 0x1, 0x68, 0x1, 0x11, 0x0, 0xc,
    0xa0, 0x13, 0x30, 0x0, 0x62, 0x0, 0xfb, 0x5f,
    0xf0, 0xfa, 0x87, 0xbc, 0xfe, 0x1f, 0xa8, 0x0,
    0x88, 0xc, 0xc0, 0xc, 0xce, 0x6, 0x40, 0x5,
    0xe3, 0xde, 0x97, 0xe0, 0x5f, 0xf, 0xf2, 0x57,
    0x80, 0x44, 0x22, 0x76, 0x10, 0x1, 0x30, 0x0,
    0x88, 0x1, 0x31, 0x0, 0x4, 0x40, 0x0,

    /* U+0024 "$" */
    0x0, 0xd0, 0x1, 0xf3, 0x80, 0x72, 0xe8, 0x73,
    0x80, 0xe, 0x93, 0x22, 0x54, 0x2c, 0x64, 0xdb,
    0xd4, 0x4, 0x3, 0x8, 0x2, 0x86, 0x80, 0x38,
    0xe9, 0x39, 0xc0, 0x32, 0xf3, 0x46, 0x8, 0x6,
    0x8c, 0x39, 0x0, 0xe3, 0x54, 0x2, 0x0, 0xc2,
    0xe1, 0xf8, 0xa6, 0xe9, 0xc1, 0x8b, 0x79, 0x52,
    0xa0, 0x33, 0xc1, 0xac, 0x1, 0xfc,

    /* U+0025 "%" */
    0x4, 0xde, 0xb0, 0xc, 0x58, 0x1, 0xd7, 0xdc,
    0x19, 0x0, 0xa6, 0x0, 0x32, 0x11, 0x87, 0x20,
    0x1, 0x1, 0x0, 0x30, 0xb0, 0x1, 0x88, 0x1,
    0x10, 0x0, 0xe1, 0x60, 0x3, 0x10, 0x2b, 0x15,
    0xf5, 0x0, 0x10, 0xd0, 0x3d, 0x42, 0x21, 0x47,
    0xc7, 0x20, 0xd, 0x9e, 0x18, 0x64, 0x24, 0x80,
    0xb6, 0x0, 0x1e, 0xf5, 0x5, 0xc1, 0x8, 0x0,
    0x80, 0x40, 0x3a, 0x14, 0x40, 0x3f, 0xe1, 0x58,
    0x2, 0x10, 0x1, 0x0, 0x80, 0x68, 0xb0, 0x9,
    0x1c, 0x2d, 0x40, 0x31, 0x23, 0x0, 0x55, 0x7c,
    0x56, 0x0,

    /* U+0026 "&" */
    0x0, 0xab, 0xf9, 0x40, 0x3d, 0x2d, 0xd7, 0x40,
    0x1e, 0x4a, 0x14, 0x1, 0x0, 0xe1, 0x10, 0x49,
    0x88, 0x7, 0x25, 0x4a, 0xe8, 0x7, 0xb4, 0x97,
    0x4, 0x0, 0xc4, 0xd, 0x48, 0x40, 0x11, 0xc8,
    0x14, 0xc5, 0xae, 0x8, 0x4a, 0x12, 0x3, 0x85,
    0x6, 0x2a, 0xa0, 0xc, 0x8, 0x7, 0x2, 0x94,
    0xc1, 0x47, 0xd0, 0xd8, 0x88, 0xb4, 0x41, 0x8f,
    0x79, 0x73, 0xb6, 0x28,

    /* U+0027 "'" */
    0x8f, 0x0, 0x79, 0x10, 0x5e, 0xc0,

    /* U+0028 "(" */
    0x0, 0xf4, 0xc0, 0xb, 0x48, 0x4a, 0x88, 0x2f,
    0x81, 0x11, 0x1, 0xc4, 0x40, 0x44, 0x0, 0x7b,
    0x80, 0x7b, 0xdc, 0x0, 0x44, 0x0, 0x38, 0x88,
    0x8, 0x88, 0x0, 0xaf, 0x0, 0x32, 0x88, 0xb,
    0xc8, 0x2, 0x20,

    /* U+0029 ")" */
    0x1, 0x0, 0xf, 0x88, 0xa, 0x48, 0x2, 0x58,
    0x0, 0x60, 0x80, 0x4, 0xc0, 0x6, 0x98, 0x0,
    0x98, 0x0, 0x26, 0x1, 0xe1, 0x30, 0x1, 0x30,
    0x3, 0x4c, 0x0, 0x98, 0x6, 0x8, 0x13, 0x20,
    0x14, 0x70, 0x1e, 0x0, 0x0,

    /* U+002A "*" */
    0x0, 0x59, 0x80, 0x14, 0xd9, 0x54, 0x25, 0xa5,
    0x3c, 0x6f, 0x20, 0x36, 0x43, 0x3a, 0x8e, 0x3,
    0xe5, 0x4e, 0x0,

    /* U+002B "+" */
    0x0, 0xc6, 0x1, 0xf1, 0x60, 0x7, 0xff, 0x29,
    0x7f, 0xda, 0x1f, 0xf2, 0x2e, 0xea, 0xc3, 0x76,
    0x40, 0x22, 0x30, 0x11, 0x40, 0x1f, 0xfc, 0x70,

    /* U+002C "," */
    0x0, 0xe9, 0xf3, 0x0, 0xac, 0x25, 0x78, 0x11,
    0xe, 0x13, 0xa2, 0x1a, 0x60,

    /* U+002D "-" */
    0x4f, 0xfb, 0x53, 0x76, 0xf0,

    /* U+002E "." */
    0x2, 0xb, 0xd2, 0x20, 0x98,

    /* U+002F "/" */
    0x0, 0xc5, 0xc0, 0x1c, 0xae, 0x1, 0xd7, 0xa0,
    0x18, 0x49, 0x0, 0x33, 0xa0, 0x7, 0x6f, 0x80,
    0x61, 0x45, 0x0, 0xc8, 0x80, 0xe, 0xfd, 0x0,
    0xe5, 0x70, 0xc, 0x86, 0x20, 0x1b, 0x6c, 0x3,
    0x9d, 0x40, 0x31, 0x98, 0x80, 0x35, 0xa8, 0x7,
    0x75, 0x0, 0x70,

    /* U+0030 "0" */
    0x0, 0x26, 0xfe, 0x18, 0x4, 0x76, 0xb8, 0xb8,
    0x40, 0x8, 0x38, 0x39, 0x2b, 0x0, 0x25, 0x0,
    0x4a, 0x80, 0x40, 0x40, 0x17, 0x10, 0x8, 0x38,
    0x4, 0x60, 0x20, 0x1f, 0xc4, 0xe, 0x1, 0x18,
    0x8, 0x80, 0xc0, 0x2e, 0x20, 0x2, 0xd8, 0x4,
    0xa8, 0x0, 0x93, 0x83, 0x92, 0xb0, 0x1, 0xda,
    0xe2, 0xe1, 0x0,

    /* U+0031 "1" */
    0x4, 0x9f, 0x70, 0xa, 0x14, 0x3, 0xb3, 0x0,
    0x1f, 0xfe, 0x92, 0x33, 0x7, 0x19, 0xaf, 0x30,
    0xd, 0x9c,

    /* U+0032 "2" */
    0x2, 0xaf, 0xf5, 0x90, 0x0, 0xb0, 0x2e, 0xcf,
    0x82, 0x5, 0x54, 0x44, 0x68, 0xb8, 0x1, 0x0,
    0x21, 0xe, 0x0, 0xf0, 0x87, 0x0, 0x79, 0xc1,
    0xc0, 0x38, 0x61, 0x84, 0x3, 0xa8, 0xe4, 0x3,
    0xa5, 0x3c, 0x3, 0xa1, 0xac, 0x80, 0x34, 0xbc,
    0x39, 0x9c, 0x8, 0xc1, 0x19, 0x98, 0x40,

    /* U+0033 "3" */
    0x2, 0xaf, 0xf6, 0x28, 0x3, 0xc2, 0xf1, 0xa8,
    0xc3, 0x29, 0xe, 0x82, 0xc0, 0x40, 0x3b, 0xc0,
    0x31, 0x58, 0xb0, 0x0, 0xbf, 0x5b, 0x4, 0x0,
    0x59, 0x4d, 0x84, 0x1, 0x1a, 0xd9, 0x70, 0x7,
    0x90, 0xc1, 0x0, 0x31, 0x92, 0x5d, 0x22, 0x25,
    0x2d, 0x30, 0x6e, 0xc9, 0x4c,

    /* U+0034 "4" */
    0x0, 0xc5, 0xfa, 0x1, 0xe9, 0x0, 0xf9, 0x10,
    0xa0, 0x1e, 0x96, 0x20, 0xe, 0x73, 0x81, 0x0,
    0xc3, 0x10, 0x10, 0xe, 0xb3, 0x60, 0xe, 0x45,
    0xe0, 0xf, 0x70, 0x6f, 0xf9, 0x8b, 0xda, 0x33,
    0x32, 0x96, 0x39, 0x19, 0xf0, 0x18, 0x80, 0x7f,
    0x0,

    /* U+0035 "5" */
    0x4, 0xff, 0xe7, 0x0, 0x8, 0x5d, 0xe6, 0x0,
    0x18, 0xa2, 0x61, 0x0, 0x9, 0x80, 0x7d, 0xc7,
    0x9f, 0xac, 0x1, 0x62, 0x7e, 0x24, 0xb0, 0x1,
    0x68, 0xcd, 0x29, 0x60, 0x1f, 0x61, 0x0, 0x7d,
    0xe0, 0x11, 0x80, 0x65, 0x40, 0x5c, 0x94, 0x45,
    0x94, 0x2, 0xd9, 0x5d, 0x83, 0xc, 0x0,

    /* U+0036 "6" */
    0x0, 0xc, 0xf7, 0xe1, 0x80, 0x5a, 0x97, 0x64,
    0xa0, 0x3, 0x1e, 0x2a, 0x44, 0x80, 0x29, 0x44,
    0x3, 0xc7, 0x91, 0xdc, 0x90, 0x0, 0x84, 0x6,
    0x5b, 0xc8, 0x4, 0xd0, 0x4b, 0x2c, 0x2, 0x1a,
    0x1, 0x20, 0x10, 0x16, 0x80, 0x7c, 0x8a, 0x1,
    0x58, 0x90, 0x41, 0xd1, 0xab, 0xc8, 0x0, 0x70,
    0x72, 0xe1, 0xc0,

    /* U+0037 "7" */
    0x3f, 0xff, 0x84, 0xee, 0xf8, 0x94, 0x41, 0x13,
    0x9, 0xd8, 0x7, 0xa2, 0x44, 0x3, 0x94, 0x9c,
    0x3, 0xdc, 0xc0, 0x1e, 0x14, 0xc0, 0xf, 0x28,
    0x38, 0x7, 0x8c, 0x8, 0x3, 0xda, 0x40, 0x1f,
    0x8, 0x80, 0x3e, 0x77, 0x0, 0x60,

    /* U+0038 "8" */
    0x0, 0x36, 0xfe, 0xb0, 0x4, 0xb3, 0x7d, 0x72,
    0xa0, 0xf, 0x46, 0x16, 0x5f, 0x0, 0xf8, 0x80,
    0x29, 0x45, 0x0, 0x2f, 0x80, 0xe, 0x6b, 0x29,
    0x54, 0x0, 0x38, 0xa4, 0x42, 0x88, 0x3, 0x61,
    0x63, 0xc3, 0x40, 0xc5, 0xc0, 0x3, 0x6, 0x22,
    0x2, 0x0, 0xf1, 0x1f, 0x20, 0xa5, 0xa8, 0x86,
    0x25, 0x75, 0x35, 0x0,

    /* U+0039 "9" */
    0x0, 0x4f, 0x7d, 0x90, 0x5, 0x4f, 0x58, 0x18,
    0x20, 0x4b, 0x48, 0x76, 0xc, 0xc, 0xa, 0x1,
    0x3d, 0x83, 0x81, 0x0, 0x5c, 0x60, 0x63, 0x2,
    0xd, 0x20, 0x16, 0xb7, 0x7e, 0x48, 0x4, 0x7b,
    0xdc, 0xaf, 0x20, 0xc, 0x22, 0x3, 0x70, 0xf,
    0x1a, 0x70, 0x3, 0x25, 0x17, 0x51, 0x0, 0x8,
    0x5b, 0xb3, 0x58, 0x0,

    /* U+003A ":" */
    0x9e, 0x12, 0x12, 0xad, 0x31, 0x20, 0xf, 0xc4,
    0x17, 0xa4, 0x41, 0x30,

    /* U+003B ";" */
    0x9, 0xe1, 0x2, 0x12, 0xa, 0xd3, 0x1, 0x20,
    0xf, 0xfe, 0x14, 0xf9, 0x80, 0x56, 0x12, 0xbc,
    0x8, 0x87, 0x9, 0xd1, 0xd, 0x30,

    /* U+003C "<" */
    0x0, 0xf9, 0x48, 0x3, 0x14, 0x75, 0x88, 0x1,
    0x6f, 0x4e, 0xf8, 0xd3, 0xa3, 0x3a, 0xd4, 0x3,
    0xfe, 0x4e, 0x8c, 0xeb, 0x50, 0xc, 0xb7, 0xa7,
    0x7c, 0x60, 0x18, 0xa3, 0xac, 0x40,

    /* U+003D "=" */
    0x6f, 0xff, 0x91, 0xbb, 0xbe, 0x40, 0x11, 0xf8,
    0x3, 0xfc, 0xbf, 0xff, 0x22, 0xee, 0xfc, 0x80,

    /* U+003E ">" */
    0x34, 0x0, 0xf9, 0xef, 0x9c, 0x40, 0x32, 0x7d,
    0xe7, 0x5a, 0x0, 0x65, 0xbe, 0xc9, 0xe2, 0x0,
    0xff, 0x96, 0xfb, 0x27, 0x89, 0x3e, 0xf3, 0xad,
    0x0, 0xf, 0x7c, 0xe2, 0x1, 0x80,

    /* U+003F "?" */
    0x4, 0xcf, 0xe8, 0x1, 0xab, 0xc9, 0x77, 0xf,
    0x39, 0xb9, 0xe0, 0x7, 0x9, 0x0, 0x66, 0x2b,
    0x0, 0x8e, 0x68, 0x80, 0x2e, 0x65, 0x0, 0x88,
    0x96, 0x1, 0x8a, 0x88, 0x3, 0x98, 0x3, 0x9b,
    0x20, 0x3, 0x10, 0x70, 0x0,

    /* U+0040 "@" */
    0x0, 0xe6, 0xcf, 0xf7, 0x51, 0x80, 0x78, 0xfb,
    0x23, 0xfe, 0xdd, 0x38, 0x6, 0x3d, 0xba, 0x40,
    0x0, 0xbe, 0x4a, 0x0, 0x5b, 0x6a, 0x1, 0xe2,
    0x88, 0x0, 0x1d, 0x54, 0x0, 0x8e, 0xc9, 0x60,
    0x63, 0x0, 0x57, 0x80, 0x25, 0x36, 0x59, 0x40,
    0x4, 0x40, 0x25, 0x2, 0x6d, 0x35, 0x3, 0x0,
    0x84, 0x40, 0x20, 0xa8, 0x20, 0x64, 0x1, 0x19,
    0x0, 0x6f, 0x10, 0x2, 0xb0, 0x1, 0x8, 0x46,
    0x30, 0xd4, 0x13, 0xa6, 0x13, 0xaf, 0x0, 0x3c,
    0x82, 0xa7, 0x46, 0xbf, 0x72, 0x8c, 0x1, 0x8,
    0xc1, 0x5f, 0x63, 0x5f, 0xa8, 0x1, 0xe, 0xc5,
    0x20, 0x0, 0x54, 0xc0, 0x3c, 0x7f, 0xb1, 0xfe,
    0xcc, 0x8, 0x6,

    /* U+0041 "A" */
    0x0, 0x8b, 0xf4, 0x3, 0xe5, 0x32, 0x20, 0x7,
    0xae, 0xc7, 0x40, 0x1c, 0x46, 0xb6, 0xa0, 0x1c,
    0xa4, 0x45, 0x22, 0x0, 0x6b, 0x50, 0x21, 0xa0,
    0x8, 0x4e, 0xc0, 0xe, 0xa0, 0x13, 0x6, 0x7f,
    0x98, 0x88, 0x0, 0xb5, 0xdd, 0xb0, 0x28, 0x4,
    0xfc, 0x8a, 0x35, 0x50, 0x30, 0x28, 0x6, 0xf2,
    0x25, 0xa0, 0x7, 0x20, 0x28,

    /* U+0042 "B" */
    0x6f, 0xfd, 0xb2, 0x20, 0x15, 0xee, 0x5b, 0xe8,
    0x4, 0xa4, 0x6d, 0x26, 0x20, 0x1e, 0x10, 0x10,
    0xe, 0x48, 0x60, 0xb, 0xbf, 0xd6, 0x70, 0x1,
    0x5e, 0xe5, 0x37, 0x90, 0x1, 0x48, 0xd6, 0xce,
    0x0, 0x3e, 0x76, 0x0, 0xf9, 0x18, 0x0, 0xa6,
    0x65, 0xc1, 0x80, 0x5, 0xe6, 0x2d, 0xb4, 0x80,

    /* U+0043 "C" */
    0x0, 0x92, 0xff, 0xd8, 0x80, 0x13, 0xd8, 0x4d,
    0x35, 0x88, 0x1c, 0x3d, 0xb2, 0xd6, 0x88, 0x48,
    0xc0, 0x6, 0x20, 0x2, 0xb8, 0x7, 0xf7, 0x0,
    0x7f, 0xf1, 0xf8, 0x3, 0xf2, 0xb8, 0x7, 0xe9,
    0x18, 0x0, 0xc8, 0x20, 0x6e, 0xeb, 0x55, 0x55,
    0xa0, 0x2, 0x29, 0xea, 0x8d, 0x6a,

    /* U+0044 "D" */
    0x6f, 0xfb, 0xad, 0x40, 0x3a, 0xf2, 0xc6, 0xa4,
    0x3, 0x29, 0xad, 0x43, 0x28, 0x7, 0xce, 0x5c,
    0x1, 0xf9, 0x10, 0x1, 0xfb, 0x80, 0x3f, 0xf8,
    0xfc, 0x20, 0x1f, 0x9d, 0x40, 0x3e, 0x81, 0xf0,
    0x9, 0x4d, 0x6d, 0xdc, 0x80, 0x15, 0xe5, 0x85,
    0x40, 0x0,

    /* U+0045 "E" */
    0x6f, 0xff, 0x30, 0x2, 0xae, 0xf3, 0x80, 0x11,
    0x38, 0x40, 0x3f, 0xc6, 0x1, 0xf6, 0xff, 0xd0,
    0x1, 0x5e, 0x65, 0x40, 0x12, 0x99, 0xc4, 0x1,
    0xff, 0xc7, 0x44, 0xe2, 0x0, 0x55, 0xde, 0xa0,

    /* U+0046 "F" */
    0x6f, 0xff, 0x30, 0x2, 0xae, 0xf3, 0x80, 0x11,
    0x38, 0x40, 0x3f, 0xf8, 0xdd, 0xff, 0x48, 0x5,
    0x79, 0x95, 0x80, 0x4a, 0x67, 0x10, 0x7, 0xff,
    0x54,

    /* U+0047 "G" */
    0x0, 0x8e, 0xfb, 0xf5, 0x80, 0x26, 0xc7, 0x8a,
    0x59, 0x70, 0x39, 0x6c, 0x65, 0x8d, 0x70, 0x91,
    0x90, 0xc, 0x40, 0x5, 0x70, 0xf, 0xee, 0x0,
    0xff, 0xe0, 0xff, 0xda, 0x0, 0xe0, 0xb, 0x30,
    0xc0, 0x4, 0x70, 0x8, 0xcc, 0x20, 0x8, 0x19,
    0x0, 0xf8, 0xe1, 0xad, 0x95, 0xd8, 0x40, 0xf,
    0x61, 0x35, 0x46, 0xd0,

    /* U+0048 "H" */
    0x6f, 0x10, 0xc, 0xfe, 0x1, 0xff, 0xd5, 0x30,
    0xf, 0xed, 0xff, 0xd0, 0x1, 0xaf, 0x33, 0x30,
    0x6, 0x53, 0x3d, 0xc0, 0x1f, 0xfd, 0xe0,

    /* U+0049 "I" */
    0x6f, 0x10, 0xf, 0xfe, 0xa8,

    /* U+004A "J" */
    0x0, 0xe7, 0xf0, 0xf, 0xff, 0xb3, 0x0, 0x5a,
    0x20, 0x73, 0x4b, 0xa, 0xc0, 0x76, 0xd4, 0xcc,
    0x80,

    /* U+004B "K" */
    0x6f, 0x10, 0x9, 0xbd, 0x40, 0x3c, 0x72, 0xea,
    0x1, 0xc3, 0xab, 0x0, 0x1e, 0xd3, 0xa0, 0xf,
    0x51, 0xf0, 0x7, 0xa5, 0x42, 0x80, 0x3c, 0xf1,
    0x6, 0x20, 0xe, 0x57, 0x70, 0xc8, 0x7, 0x58,
    0x2, 0xd1, 0x0, 0x1f, 0x29, 0xc8, 0x7, 0xef,
    0x26, 0x0, 0xf8, 0xd6, 0x0,

    /* U+004C "L" */
    0x6f, 0x10, 0xf, 0xff, 0xf8, 0x6, 0x44, 0xe1,
    0x0, 0x55, 0xde, 0x20,

    /* U+004D "M" */
    0x6f, 0x90, 0xe, 0x9f, 0x60, 0x3, 0x80, 0x73,
    0x80, 0x44, 0x8, 0x1, 0x20, 0x10, 0x0, 0xdf,
    0x40, 0x2e, 0x63, 0x0, 0xb5, 0xc0, 0x25, 0xb1,
    0x0, 0xa, 0x2, 0x2, 0x91, 0x80, 0x73, 0x70,
    0x7d, 0x0, 0x7a, 0x94, 0x55, 0x40, 0x1e, 0x22,
    0x59, 0x90, 0x7, 0xd4, 0xb4, 0x1, 0xf9, 0x8d,
    0xc0, 0x3f, 0xe, 0x8, 0x6,

    /* U+004E "N" */
    0x6f, 0x60, 0xc, 0xfe, 0x0, 0x80, 0xf, 0x84,
    0xe0, 0x3, 0xe8, 0x72, 0x0, 0xe1, 0x53, 0x80,
    0xf, 0xbd, 0x4c, 0x3, 0xc6, 0xbe, 0x1, 0xf4,
    0x1a, 0x88, 0x7, 0x13, 0xc0, 0x7, 0xd0, 0x7a,
    0x1, 0xf4, 0x20, 0x7, 0xcc, 0x40,

    /* U+004F "O" */
    0x0, 0x97, 0x3f, 0xd6, 0x80, 0x1a, 0x69, 0xaa,
    0x42, 0xd8, 0x0, 0x8d, 0x14, 0xad, 0x6d, 0x24,
    0x1e, 0x4e, 0x1, 0xa4, 0x2c, 0x11, 0x0, 0x1e,
    0x44, 0x0, 0x38, 0x3, 0xc4, 0x60, 0x1f, 0xfc,
    0x1e, 0x0, 0xf1, 0x10, 0x11, 0xc0, 0x38, 0x51,
    0x1, 0xe3, 0x0, 0x1a, 0xc2, 0x81, 0x1d, 0xd4,
    0xaa, 0xb5, 0x92, 0x0, 0x45, 0x35, 0x50, 0x2d,
    0x80,

    /* U+0050 "P" */
    0x6f, 0xfd, 0xb2, 0x20, 0x15, 0xe5, 0xd3, 0xe8,
    0x4, 0xa6, 0x8f, 0x66, 0x60, 0xf, 0x38, 0x30,
    0x7, 0x98, 0x18, 0x3, 0xa, 0x49, 0x98, 0x1,
    0xdf, 0xd6, 0xfa, 0x1, 0x5e, 0x6f, 0xd0, 0x80,
    0x4a, 0x64, 0x1, 0xff, 0xd3,

    /* U+0051 "Q" */
    0x0, 0x97, 0x3f, 0xd6, 0x80, 0x1d, 0x34, 0xd5,
    0x21, 0x6c, 0x1, 0x23, 0x45, 0x2b, 0x5b, 0x49,
    0x0, 0x3c, 0x9c, 0x3, 0x48, 0x58, 0x1, 0x10,
    0x1, 0xe4, 0x40, 0x5, 0xc0, 0x1e, 0x23, 0x0,
    0xff, 0xe1, 0xf0, 0x7, 0x88, 0x80, 0x4, 0x70,
    0xf, 0x22, 0x0, 0x1e, 0x2e, 0x1, 0xa4, 0x28,
    0x0, 0x8f, 0x12, 0x88, 0xa6, 0x92, 0x0, 0xa2,
    0x96, 0xec, 0x36, 0xc0, 0x1c, 0xb8, 0xe1, 0x28,
    0x1, 0xfa, 0x47, 0xd0, 0x4, 0x3, 0xc3, 0xed,
    0x7f, 0xc2, 0x1, 0xe1, 0xbe, 0xce, 0x10,

    /* U+0052 "R" */
    0x6f, 0xfd, 0xd2, 0x20, 0x15, 0xe6, 0x21, 0xf0,
    0x2, 0x53, 0x33, 0x51, 0x20, 0x7, 0x94, 0x4,
    0x3, 0xca, 0x2, 0x1, 0xc9, 0x24, 0x80, 0xe,
    0xff, 0x5b, 0x60, 0x5, 0x78, 0xa1, 0x42, 0x1,
    0x29, 0xd8, 0x58, 0x7, 0x86, 0x54, 0xc0, 0x3c,
    0xc5, 0xe0, 0x1f, 0x49, 0xb0,

    /* U+0053 "S" */
    0x0, 0x1d, 0xff, 0xb1, 0x0, 0x7, 0x81, 0x54,
    0x6b, 0x30, 0xa1, 0xb5, 0x55, 0x69, 0x81, 0x80,
    0x71, 0x0, 0x38, 0x70, 0xc0, 0x39, 0x28, 0xb3,
    0xa, 0x1, 0x97, 0xa8, 0x2b, 0x4, 0x3, 0x2e,
    0x51, 0xc0, 0x7, 0x95, 0x10, 0xe, 0x20, 0x19,
    0x98, 0x15, 0xd0, 0xaa, 0xb2, 0xf0, 0xd7, 0x5a,
    0xa3, 0xda, 0x0,

    /* U+0054 "T" */
    0x8f, 0xff, 0xc3, 0x57, 0x70, 0x2d, 0xdc, 0x24,
    0x89, 0x1, 0x22, 0x40, 0x1f, 0xff, 0xf0, 0xf,
    0xfe, 0x20,

    /* U+0055 "U" */
    0x7f, 0x0, 0xe7, 0xf0, 0xf, 0xff, 0x50, 0x80,
    0x80, 0x78, 0x80, 0x80, 0x37, 0x12, 0x85, 0x0,
    0x42, 0xe8, 0x2e, 0xd4, 0xad, 0x83, 0x61, 0x10,
    0x7a, 0x96, 0xd2,

    /* U+0056 "V" */
    0xdb, 0x0, 0xe7, 0xf1, 0x54, 0x0, 0xec, 0x41,
    0xb0, 0x40, 0xc, 0x9a, 0x6, 0x3a, 0x1, 0x28,
    0x38, 0x1, 0xdc, 0x1, 0x61, 0x88, 0x3, 0x44,
    0x80, 0xf, 0x60, 0x12, 0x2, 0x81, 0x8a, 0x80,
    0x65, 0xb0, 0x42, 0x20, 0x6, 0xf3, 0xb, 0x50,
    0xe, 0x50, 0x53, 0xb0, 0xf, 0x25, 0x89, 0x80,
    0x7b, 0x45, 0xc0, 0x30,

    /* U+0057 "W" */
    0x7f, 0x0, 0xd7, 0xc0, 0x1b, 0xa0, 0xc0, 0xc0,
    0x24, 0x12, 0x0, 0x8, 0xb1, 0x41, 0x40, 0x6,
    0x24, 0x80, 0x5, 0x5, 0x12, 0xf0, 0x2, 0x21,
    0xf0, 0x0, 0x62, 0x20, 0x75, 0x0, 0x66, 0xe2,
    0x0, 0x35, 0x40, 0x1a, 0x60, 0x4, 0x42, 0x89,
    0x3, 0x98, 0x1, 0x0, 0x8c, 0xc, 0xc0, 0xe0,
    0x58, 0x0, 0x30, 0x74, 0x40, 0x1, 0x30, 0xc1,
    0x40, 0x22, 0xdd, 0x18, 0x3, 0x15, 0x42, 0x20,
    0x9, 0xcd, 0xf0, 0x0, 0x87, 0xea, 0x1, 0xb1,
    0x9, 0x0, 0x6, 0xe, 0x60, 0x19, 0x40, 0xc0,
    0x32, 0xe, 0x0, 0x0,

    /* U+0058 "X" */
    0x3f, 0x60, 0x8, 0xbd, 0x8d, 0x60, 0x2, 0x82,
    0x60, 0x81, 0x70, 0x25, 0x80, 0x1, 0x34, 0x84,
    0x1a, 0x80, 0x50, 0x34, 0xbe, 0x1, 0x86, 0x15,
    0xc, 0x3, 0xb0, 0x18, 0x3, 0x8d, 0x2c, 0x98,
    0x3, 0x7a, 0xa3, 0x40, 0x4, 0xa7, 0x1, 0x3,
    0x0, 0x8, 0x62, 0x1, 0x77, 0xb, 0x95, 0x80,
    0x50, 0x36,

    /* U+0059 "Y" */
    0xc, 0xc0, 0x6, 0x4f, 0x40, 0x83, 0x30, 0x5,
    0xe6, 0x80, 0x85, 0x20, 0x2, 0x49, 0x0, 0xa1,
    0x48, 0x2c, 0x94, 0x2, 0x52, 0xa1, 0x68, 0x0,
    0xeb, 0x69, 0x25, 0x0, 0xe6, 0x7, 0xb0, 0xf,
    0x98, 0x18, 0x3, 0xff, 0xbe,

    /* U+005A "Z" */
    0xa, 0xff, 0xf6, 0x4, 0x5d, 0xe8, 0xa, 0x2,
    0x44, 0xd6, 0x6c, 0x1, 0xcc, 0x7c, 0x1, 0xc3,
    0x2e, 0x40, 0x1d, 0x45, 0x0, 0x1c, 0xa9, 0x20,
    0x1e, 0xb5, 0x40, 0xe, 0x90, 0xb0, 0xe, 0x36,
    0x81, 0x0, 0xee, 0x12, 0x44, 0xe3, 0x21, 0xbb,
    0xea,

    /* U+005B "[" */
    0x4f, 0xdb, 0x3, 0xdb, 0x0, 0xff, 0xf4, 0x96,
    0xd8,

    /* U+005C "\\" */
    0x97, 0x0, 0xed, 0xb0, 0xe, 0x43, 0x10, 0xe,
    0x57, 0x0, 0xef, 0xc0, 0xe, 0x45, 0x0, 0xe1,
    0x34, 0x0, 0xeb, 0xd0, 0xe, 0x57, 0x0, 0xe2,
    0x33, 0x0, 0x72, 0xd8, 0x7, 0x5a, 0x80, 0x71,
    0x98, 0x80, 0x39, 0xd4, 0x3, 0xb6, 0xc0, 0x39,
    0x2c, 0x0,

    /* U+005D "]" */
    0x6d, 0xeb, 0x6d, 0x80, 0xf, 0xff, 0x4b, 0x6c,
    0x8,

    /* U+005E "^" */
    0x0, 0x37, 0xa0, 0x6, 0xa2, 0xe0, 0x8, 0x8f,
    0xd4, 0x40, 0x14, 0xa4, 0x6c, 0x0, 0x6e, 0xa,
    0xa0, 0x28, 0x20, 0x31, 0x1f, 0x30, 0x4, 0xb4,

    /* U+005F "_" */
    0xcf, 0xff, 0xac,

    /* U+0060 "`" */
    0x0, 0xcb, 0x80, 0x7, 0x2a, 0x2, 0xc4, 0x80,
    0x2c, 0xc0,

    /* U+0061 "a" */
    0x0, 0x3e, 0xff, 0x38, 0x1, 0xee, 0xd8, 0xd0,
    0x80, 0xf8, 0xc7, 0x5, 0xc0, 0x10, 0xac, 0x18,
    0x80, 0xdf, 0xfc, 0x60, 0xd, 0xe, 0xa7, 0x60,
    0x1, 0xe8, 0x4, 0xe0, 0x1, 0xa3, 0x4b, 0x30,
    0x6, 0x8e, 0x4f, 0x38, 0x0,

    /* U+0062 "b" */
    0x8f, 0x0, 0xff, 0xe7, 0x8, 0x7, 0xf1, 0xe7,
    0xf3, 0x0, 0x43, 0xd5, 0x6f, 0x2a, 0x1, 0x63,
    0x24, 0x9c, 0x0, 0x42, 0x1, 0x21, 0x0, 0x7d,
    0xe0, 0x20, 0x1e, 0xe0, 0x10, 0xf, 0x3a, 0x0,
    0x56, 0xa9, 0x83, 0x20, 0x4, 0xd8, 0xb0, 0xc2,
    0x0,

    /* U+0063 "c" */
    0x0, 0x1d, 0xff, 0xa8, 0x40, 0xf1, 0xea, 0xc4,
    0x83, 0xcb, 0x15, 0x2c, 0xc4, 0xe8, 0x3, 0x8c,
    0x8, 0x3, 0x8c, 0x8, 0x3, 0x84, 0xa8, 0x3,
    0xd2, 0x56, 0x88, 0xa7, 0x4, 0xb7, 0xbb, 0x2,
    0x80,

    /* U+0064 "d" */
    0x0, 0xfb, 0xdc, 0x3, 0xff, 0xa2, 0x99, 0xfa,
    0xc0, 0x11, 0xdb, 0xdc, 0x50, 0x5, 0xe5, 0x68,
    0xb8, 0x0, 0x13, 0xa0, 0xf, 0x18, 0x10, 0x7,
    0x8c, 0x8, 0x3, 0xc2, 0x56, 0x1, 0x8, 0x5,
    0x67, 0x48, 0xb8, 0x1, 0x34, 0xbd, 0xcc, 0x8c,
    0x0,

    /* U+0065 "e" */
    0x0, 0x1e, 0x7f, 0x40, 0x4, 0x78, 0xd9, 0x6d,
    0x0, 0xf, 0x4a, 0x35, 0x86, 0x1, 0x3e, 0x0,
    0x90, 0x48, 0xc2, 0xbb, 0xac, 0x0, 0x18, 0x4f,
    0xfe, 0xe2, 0x13, 0xd1, 0x1e, 0x0, 0x7a, 0x52,
    0x1b, 0x30, 0x0, 0x78, 0x37, 0x94, 0x40,

    /* U+0066 "f" */
    0x0, 0x2f, 0x7c, 0x0, 0xd2, 0x65, 0x2, 0x84,
    0x99, 0x0, 0x42, 0x0, 0x7b, 0xd, 0xf0, 0x69,
    0xb, 0xd0, 0x12, 0x6, 0x20, 0xf, 0xfe, 0xc8,

    /* U+0067 "g" */
    0x0, 0x3f, 0x7f, 0xea, 0x7, 0x8b, 0xe8, 0x8,
    0x90, 0xb5, 0x50, 0xb9, 0x1, 0x80, 0xc, 0x3,
    0x78, 0x2, 0x99, 0x1, 0x8a, 0xc0, 0xe, 0x33,
    0xf7, 0x63, 0x0, 0x43, 0xef, 0xea, 0x0, 0x64,
    0x41, 0x98, 0x80, 0x2b, 0x2b, 0xcc, 0x6f, 0x20,
    0x7c, 0xff, 0xdc, 0x7e, 0x44, 0x40, 0x8, 0x58,
    0x8, 0x64, 0x80, 0x61, 0x20, 0x30, 0x33, 0xfc,
    0x5a, 0x60,

    /* U+0068 "h" */
    0x8f, 0x0, 0xff, 0xe5, 0x88, 0x7, 0xe2, 0xbf,
    0xe6, 0x0, 0xe, 0x62, 0x8a, 0x44, 0x1, 0x8e,
    0xbc, 0x8, 0x0, 0x20, 0x1, 0x1, 0x80, 0x7f,
    0xf7, 0x0,

    /* U+0069 "i" */
    0x9e, 0x11, 0x18, 0x46, 0x88, 0x5, 0x1e, 0x1,
    0xff, 0xcd,

    /* U+006A "j" */
    0x0, 0x4f, 0x8, 0x0, 0x4c, 0x2, 0x8d, 0x10,
    0xf, 0xa3, 0xc0, 0x3f, 0xfc, 0xa2, 0x4, 0x6a,
    0xa0, 0xac, 0x9, 0x0,

    /* U+006B "k" */
    0x8e, 0x0, 0xff, 0xeb, 0xde, 0x80, 0x74, 0x27,
    0x80, 0x64, 0x7b, 0x20, 0x8, 0xa9, 0x90, 0x3,
    0x78, 0x38, 0x6, 0x11, 0x78, 0x40, 0x6, 0xd1,
    0xb7, 0x20, 0x0, 0x88, 0x14, 0xe4, 0x3, 0xde,
    0x8a,

    /* U+006C "l" */
    0x8f, 0x0, 0xff, 0xe9, 0xf8, 0x12, 0x8f, 0x0,

    /* U+006D "m" */
    0x8b, 0x3c, 0xfd, 0x41, 0xaf, 0xe6, 0x0, 0x27,
    0xfb, 0x46, 0xb3, 0xf9, 0xe4, 0x80, 0x1a, 0x65,
    0x23, 0x2a, 0x30, 0x8, 0x0, 0x10, 0x0, 0x83,
    0x80, 0x4, 0x4, 0x3, 0xff, 0xea,

    /* U+006E "n" */
    0x8b, 0x3c, 0xfe, 0x60, 0x2, 0x77, 0xf3, 0xc8,
    0x80, 0x30, 0xc6, 0xc1, 0x0, 0x2, 0x0, 0x20,
    0x30, 0xf, 0xfe, 0xe0,

    /* U+006F "o" */
    0x0, 0x1d, 0xff, 0x50, 0x80, 0xf, 0x2, 0xec,
    0xf8, 0x0, 0xf3, 0xb4, 0x5f, 0x27, 0x13, 0xb0,
    0x8, 0x92, 0xcc, 0x8, 0x3, 0x8, 0x8c, 0x8,
    0x3, 0x8, 0xc7, 0x60, 0x11, 0x25, 0x87, 0x9d,
    0x22, 0xf9, 0x38, 0x1e, 0x35, 0xd9, 0xf0, 0x0,

    /* U+0070 "p" */
    0x8b, 0x5d, 0xfe, 0x60, 0x9, 0x3b, 0x9f, 0x12,
    0xc0, 0x15, 0x98, 0x32, 0x58, 0x7, 0xc6, 0x40,
    0x1f, 0x78, 0x8, 0x7, 0xb8, 0x4, 0x3, 0xce,
    0x80, 0x15, 0xaa, 0x60, 0xc8, 0x0, 0x76, 0x2c,
    0x30, 0x80, 0x26, 0xdf, 0xc3, 0x0, 0x84, 0x3,
    0xff, 0x9a,

    /* U+0071 "q" */
    0x0, 0x26, 0x7f, 0x36, 0x38, 0x1d, 0xbd, 0xda,
    0x8c, 0x1, 0xe5, 0x68, 0xb8, 0x0, 0x13, 0xa0,
    0xf, 0x18, 0x10, 0x7, 0x8c, 0x8, 0x3, 0xc2,
    0x56, 0x1, 0x8, 0x5, 0x67, 0x48, 0xb8, 0x1,
    0x34, 0xbd, 0xcf, 0x0, 0x66, 0xdf, 0xc3, 0x0,
    0xff, 0xe8, 0x80,

    /* U+0072 "r" */
    0x0, 0xf4, 0x59, 0xef, 0x90, 0x2f, 0x4e, 0x90,
    0xc, 0xa1, 0x0, 0x48, 0x1, 0xff, 0xd5,

    /* U+0073 "s" */
    0x2, 0xbf, 0xf5, 0x10, 0x73, 0xe6, 0xd, 0x80,
    0xec, 0xcd, 0x28, 0xb, 0x2e, 0x20, 0x15, 0x45,
    0x74, 0x80, 0x4d, 0xb4, 0xf4, 0x1, 0x95, 0x9c,
    0xf9, 0x89, 0x19, 0xce, 0x2f, 0x6d, 0x28,

    /* U+0074 "t" */
    0x0, 0x40, 0x80, 0x42, 0xe4, 0x1, 0x18, 0x6,
    0x9d, 0xc, 0xf8, 0x84, 0x85, 0x6c, 0x89, 0x3,
    0x10, 0x80, 0x7f, 0xf1, 0xdc, 0x3, 0x88, 0x24,
    0xcc, 0x3, 0x29, 0x94,

    /* U+0075 "u" */
    0xad, 0x0, 0x8f, 0xd0, 0x3, 0xff, 0xb8, 0x66,
    0x0, 0x90, 0x1, 0x83, 0x29, 0x36, 0x0, 0x56,
    0x65, 0x86, 0x0, 0x0,

    /* U+0076 "v" */
    0x9e, 0x0, 0xcf, 0xc1, 0xa2, 0x60, 0x15, 0xb8,
    0x20, 0xd8, 0x0, 0x4f, 0x40, 0xe, 0xa0, 0x7,
    0x14, 0x0, 0x51, 0x10, 0x35, 0xc0, 0x23, 0x15,
    0x14, 0xd0, 0xc, 0xd6, 0x82, 0x80, 0x1a, 0x8e,
    0x5c, 0x3, 0x88, 0x87, 0x40, 0x10,

    /* U+0077 "w" */
    0x6f, 0x0, 0x9b, 0xd0, 0x0, 0x3e, 0x88, 0x4,
    0x0, 0x60, 0xe8, 0x1, 0x1, 0x8, 0x70, 0x0,
    0x8c, 0x80, 0xc, 0x30, 0x2, 0x20, 0x8, 0x24,
    0x84, 0x11, 0x0, 0xf, 0x30, 0x45, 0x12, 0x41,
    0x2b, 0x0, 0x20, 0x26, 0x60, 0x13, 0x10, 0xc,
    0x0, 0x24, 0x68, 0x80, 0xc4, 0xd4, 0x0, 0xcb,
    0x40, 0x60, 0x84, 0xb8, 0x1, 0xb0, 0x90, 0x0,
    0x24, 0x44, 0x0, 0x0,

    /* U+0078 "x" */
    0x3f, 0x50, 0x2, 0x79, 0x99, 0xac, 0x1, 0x2c,
    0x61, 0x1, 0xa, 0x70, 0x0, 0x18, 0x7b, 0x81,
    0x0, 0x9c, 0x5, 0x80, 0x34, 0x20, 0xc0, 0x4,
    0x6d, 0x30, 0xe4, 0x0, 0xe6, 0x26, 0x3e, 0x7,
    0x28, 0x0, 0x79, 0xb0,

    /* U+0079 "y" */
    0x9e, 0x0, 0xcf, 0xc1, 0x42, 0x80, 0x15, 0xa0,
    0x19, 0x68, 0x0, 0x4f, 0x80, 0x14, 0xe0, 0x7,
    0x4, 0x0, 0x30, 0xa0, 0x62, 0x80, 0x42, 0x9c,
    0xb, 0xc0, 0x1b, 0x95, 0x1, 0x0, 0x32, 0x8c,
    0xa8, 0x7, 0x98, 0xb8, 0x3, 0xdc, 0x8, 0x1,
    0xea, 0x60, 0xe, 0x39, 0x3b, 0x0, 0xc9, 0x89,
    0x64, 0x1, 0x80,

    /* U+007A "z" */
    0xf, 0xff, 0x0, 0x33, 0x2a, 0x7, 0x0, 0x19,
    0xdc, 0x50, 0x1, 0x95, 0x38, 0x3, 0xd, 0xb1,
    0x80, 0x6b, 0x39, 0x0, 0xca, 0xa9, 0x0, 0xc3,
    0x68, 0xe6, 0x70, 0x38, 0xa6, 0x66, 0x20,

    /* U+007B "{" */
    0x0, 0x37, 0x58, 0x2, 0x2e, 0xc0, 0x1, 0x60,
    0xf, 0xc2, 0xe0, 0x11, 0x80, 0x46, 0x4c, 0xd,
    0x8c, 0x40, 0xd8, 0xc2, 0x0, 0x31, 0x50, 0xf,
    0xc2, 0xe0, 0x1f, 0xfc, 0x11, 0x50, 0xa, 0xee,

    /* U+007C "|" */
    0x5a, 0x0, 0xff, 0xeb, 0x0,

    /* U+007D "}" */
    0x6e, 0xb0, 0x3, 0x72, 0xa8, 0x2, 0x23, 0x0,
    0xfc, 0x26, 0x1, 0x84, 0x2, 0x6d, 0x0, 0xa1,
    0xb0, 0x1, 0xd, 0x80, 0x6, 0xd0, 0xc, 0x20,
    0x1f, 0x84, 0xc0, 0x3e, 0x13, 0x20, 0x6f, 0x54,
    0x0,

    /* U+007E "~" */
    0x4, 0xed, 0x20, 0x1, 0x80, 0xd5, 0x58, 0x65,
    0xa2, 0x16, 0x8f, 0x79, 0xb6, 0x22, 0x50, 0x2,
    0xff, 0x94, 0x0,

    /* U+00A0 " " */

    /* U+00A1 "¡" */
    0x4f, 0x62, 0xe, 0x6c, 0x80, 0x30, 0x3, 0x80,
    0x20, 0x40, 0x6, 0x1, 0xc2, 0x20, 0xc, 0xe6,
    0x1, 0xc0,

    /* U+00A2 "¢" */
    0x0, 0x96, 0x40, 0x3f, 0xf8, 0x5, 0x54, 0x6d,
    0x50, 0x2c, 0x76, 0x4a, 0xd0, 0x80, 0xcc, 0x13,
    0xc0, 0x3b, 0x84, 0x3, 0x8c, 0x3, 0xe5, 0x40,
    0xf, 0x41, 0x51, 0x1a, 0x48, 0x1d, 0xbc, 0x2d,
    0xf0, 0x1, 0x36, 0x57, 0xdc, 0x3, 0x19, 0x80,
    0x3c, 0xfa, 0x1, 0x0,

    /* U+00A3 "£" */
    0x0, 0xa3, 0xbf, 0xc, 0x2, 0x87, 0x9c, 0x5e,
    0x0, 0x99, 0x8e, 0x73, 0x80, 0x10, 0xf8, 0x4,
    0x20, 0x11, 0x70, 0x7, 0xc8, 0x80, 0xe, 0x1f,
    0x63, 0xff, 0x50, 0x0, 0x7f, 0x43, 0x7e, 0x80,
    0x30, 0x81, 0x80, 0x7a, 0x88, 0x40, 0x39, 0x59,
    0x57, 0x80, 0x14, 0xf, 0x55, 0x84,

    /* U+00A4 "¤" */
    0x3, 0x0, 0xe4, 0x3, 0xc7, 0xce, 0xc8, 0xb2,
    0x36, 0x8a, 0xcb, 0x78, 0x20, 0x47, 0x62, 0x75,
    0xc0, 0x1, 0x68, 0x5, 0xaa, 0x0, 0x12, 0x0,
    0xb8, 0x80, 0xf, 0x26, 0xa, 0xd6, 0x6, 0xc9,
    0x9f, 0x6b, 0x24, 0x49, 0xaf, 0xee, 0x54, 0x90,

    /* U+00A5 "¥" */
    0x5f, 0x20, 0x8, 0xfc, 0xd4, 0xac, 0x2, 0x94,
    0x30, 0xb6, 0x10, 0x15, 0xf0, 0x3, 0xb, 0x4,
    0x9a, 0x0, 0x51, 0x40, 0xd0, 0x1, 0x98, 0xe8,
    0x90, 0x0, 0x5b, 0xa0, 0x52, 0xdd, 0x9, 0x6e,
    0xa8, 0x33, 0x74, 0x25, 0xba, 0xa0, 0xfd, 0xd0,
    0x96, 0xea, 0x83, 0xf7, 0x42, 0x1, 0xff, 0xc6,

    /* U+00A6 "¦" */
    0x5a, 0x0, 0xff, 0xe1, 0x24, 0x9b, 0xbb, 0x80,
    0x3f, 0xf8, 0x40,

    /* U+00A7 "§" */
    0x1, 0xae, 0xfd, 0x90, 0x6, 0x87, 0xfb, 0xb8,
    0x2, 0x70, 0x20, 0x6e, 0x2, 0x29, 0x20, 0xe,
    0x25, 0xdc, 0x60, 0x4, 0x37, 0x62, 0x47, 0x11,
    0x90, 0x1c, 0x79, 0xc6, 0x3b, 0x84, 0x5, 0x41,
    0xe2, 0x7a, 0x91, 0x18, 0xf, 0xd4, 0x16, 0x2c,
    0x1, 0x2d, 0x59, 0x18, 0x7, 0x20, 0x38, 0x49,
    0x0, 0xc9, 0x20, 0x3, 0x3f, 0xc7, 0x80,

    /* U+00A8 "¨" */
    0x69, 0x1, 0xb3, 0xf4, 0x3, 0x47,

    /* U+00A9 "©" */
    0x0, 0x85, 0xee, 0xe9, 0x20, 0xe, 0x3d, 0x2b,
    0xba, 0xa5, 0xc0, 0x21, 0xed, 0x4a, 0xfe, 0x4b,
    0xd6, 0x0, 0x5c, 0x8e, 0x17, 0xf8, 0x1, 0x56,
    0x0, 0x74, 0x53, 0x80, 0x17, 0x0, 0x22, 0x5,
    0x80, 0x88, 0x1, 0xef, 0x20, 0x70, 0x22, 0x0,
    0x78, 0x40, 0x44, 0xa, 0x70, 0x3, 0x0, 0xe,
    0x20, 0x45, 0xf, 0x3f, 0xf8, 0x5, 0x10, 0x11,
    0x1, 0x2b, 0xfe, 0x70, 0xb8, 0x0, 0xf, 0x6a,
    0x80, 0x47, 0x7a, 0xa0, 0x11, 0xe1, 0x5d, 0xd5,
    0x2e, 0x0,

    /* U+00AA "ª" */
    0x8, 0xde, 0x90, 0x6, 0xeb, 0x9c, 0x81, 0x1e,
    0x81, 0x87, 0xce, 0x88, 0x54, 0xd0, 0x88, 0x8,
    0xdd, 0xa, 0x0,

    /* U+00AB "«" */
    0x0, 0x14, 0x2, 0x30, 0xf, 0xd9, 0xd3, 0x86,
    0xd1, 0x6d, 0x9, 0x93, 0xb8, 0x90, 0xd, 0x61,
    0xc5, 0x40, 0x14, 0xaa, 0xf8, 0x20, 0x1c, 0x32,
    0xe7,

    /* U+00AC "¬" */
    0x5f, 0xff, 0x91, 0x77, 0x7c, 0x20, 0x2, 0x2f,
    0x0, 0x7f, 0xf1, 0x9d, 0x80,

    /* U+00AD "­" */
    0x4f, 0xfb, 0x53, 0x76, 0xf0,

    /* U+00AE "®" */
    0x1, 0x9a, 0xa2, 0x80, 0x54, 0x1, 0x13, 0x83,
    0x70, 0xc9, 0xa6, 0x7, 0xb8, 0x4a, 0x99, 0x13,
    0xdc, 0x25, 0x84, 0x88, 0xdd, 0x67, 0x4d, 0x80,
    0xa, 0xac, 0x4e, 0x0,

    /* U+00AF "¯" */
    0x7f, 0xfc, 0x6d, 0xbb, 0x8c,

    /* U+00B0 "°" */
    0x4, 0xcc, 0x20, 0xc, 0xee, 0xa4, 0x15, 0xc4,
    0x4c, 0x6a, 0xe2, 0x26, 0x31, 0x8d, 0xd4, 0x80,

    /* U+00B1 "±" */
    0x0, 0xe8, 0x80, 0x7, 0xff, 0x77, 0x7f, 0xf3,
    0xbb, 0xff, 0x6e, 0x77, 0x66, 0x67, 0x76, 0xc1,
    0x1f, 0xfe, 0x0, 0x7, 0xff, 0x76, 0x20, 0x1,
    0xc2, 0x3f, 0xfc, 0xc, 0xee, 0xff, 0x78,

    /* U+00B2 "²" */
    0x7, 0xef, 0x90, 0x1d, 0xfd, 0x64, 0x1a, 0x12,
    0x31, 0x0, 0x8c, 0x94, 0x0, 0x5d, 0x40, 0x3,
    0xc9, 0x40, 0x6, 0xd, 0xfd, 0x80,

    /* U+00B3 "³" */
    0x6, 0xee, 0x50, 0x0, 0x7f, 0x9d, 0x41, 0xc4,
    0x46, 0xc0, 0x7, 0xe5, 0x30, 0x3, 0xf8, 0xc8,
    0xc8, 0x80, 0x43, 0xdf, 0xc3, 0x0,

    /* U+00B4 "´" */
    0x0, 0xf8, 0xb4, 0x40, 0x71, 0x84, 0x35, 0x6c,
    0x1, 0x56, 0x0,

    /* U+00B5 "µ" */
    0x8f, 0x0, 0x8b, 0xd0, 0x3, 0xff, 0x9c, 0xe0,
    0x1f, 0xfc, 0x91, 0x0, 0x28, 0x7, 0x5a, 0x45,
    0x85, 0x88, 0x13, 0x5a, 0x6b, 0x3b, 0x0, 0x33,
    0xf0, 0x67, 0xdc, 0x3, 0xfc, 0x60, 0x1f, 0x47,
    0x0, 0x7c,

    /* U+00B6 "¶" */
    0x0, 0x1d, 0x77, 0xfc, 0x0, 0x4c, 0x51, 0x5f,
    0x0, 0xa4, 0x3, 0xe1, 0x20, 0xf, 0xfe, 0x20,
    0xa0, 0x7, 0xea, 0x30, 0xf, 0x87, 0x2d, 0x40,
    0x3e, 0x4c, 0x0, 0xff, 0xeb, 0x98, 0x6,

    /* U+00B7 "·" */
    0x5, 0x50, 0x3d, 0x51, 0xf4, 0x1, 0xb2, 0x22,
    0x90,

    /* U+00B8 "¸" */
    0x0, 0x8, 0x2, 0xd4, 0x0, 0x50, 0x21, 0x22,
    0xaf, 0x94, 0x80,

    /* U+00B9 "¹" */
    0x29, 0xf3, 0x1e, 0x0, 0x1b, 0x88, 0x7, 0xff,
    0x14,

    /* U+00BA "º" */
    0x4, 0xde, 0x90, 0x2b, 0xee, 0x1c, 0xa2, 0xc,
    0x25, 0xc0, 0x3c, 0x88, 0x20, 0x94, 0x2a, 0xfe,
    0xb,

    /* U+00BB "»" */
    0xa, 0x10, 0xa0, 0xb, 0x34, 0xa, 0x80, 0xc,
    0xcb, 0x86, 0x80, 0x5, 0xa0, 0x42, 0x80, 0x29,
    0x82, 0x6c, 0x1c, 0x26, 0x4a, 0xc1, 0xf6, 0x3,
    0x0,

    /* U+00BC "¼" */
    0x0, 0xff, 0xe0, 0xae, 0x60, 0x3, 0xa5, 0x80,
    0x23, 0x60, 0xe, 0x24, 0x60, 0x9, 0xbc, 0x3,
    0xa2, 0x0, 0x1f, 0xe3, 0x65, 0x0, 0xff, 0x7f,
    0x80, 0x6, 0x20, 0x1e, 0x46, 0x30, 0x6c, 0x40,
    0xf, 0x4c, 0x0, 0xda, 0x80, 0x4b, 0x80, 0xc8,
    0x41, 0x70, 0x1, 0xf5, 0xc0, 0x20, 0xa8, 0x80,
    0x73, 0xa8, 0x87, 0xb6, 0xa5, 0xa0, 0x0, 0x6a,
    0x0, 0x17, 0xba, 0x4b, 0x40, 0x3, 0x58, 0x7,
    0x84, 0x0,

    /* U+00BD "½" */
    0x4c, 0xc0, 0x7, 0x68, 0x80, 0x58, 0xe0, 0x1c,
    0xea, 0x20, 0x14, 0x70, 0x6, 0x1a, 0x90, 0xf,
    0xf4, 0xd0, 0x80, 0x7f, 0xa, 0xb8, 0x7, 0xfa,
    0x2c, 0x23, 0xb8, 0xe0, 0x1c, 0x48, 0xc5, 0xfd,
    0xb0, 0x40, 0xb8, 0x11, 0x0, 0x27, 0x3, 0x11,
    0x0, 0x46, 0xca, 0x1, 0x94, 0xcc, 0x1, 0x44,
    0x0, 0x31, 0xdf, 0x80, 0x48, 0xe8, 0x1, 0x26,
    0xe8, 0x80, 0x28, 0xf0, 0x8, 0xac, 0x73, 0xe4,
    0x1, 0xc6, 0x1, 0x16, 0x66, 0x80,

    /* U+00BE "¾" */
    0x5, 0xde, 0x90, 0xe, 0xc1, 0x0, 0xb7, 0x3d,
    0x14, 0x2, 0x65, 0x10, 0xa, 0x4, 0xd, 0x80,
    0x2b, 0x80, 0xe, 0x7e, 0x43, 0x0, 0x45, 0x8,
    0x7, 0x3f, 0x84, 0x0, 0xab, 0x81, 0x90, 0x15,
    0x8, 0x8, 0x2, 0x2c, 0xb, 0x6c, 0xb, 0x31,
    0xc3, 0x24, 0x8c, 0x13, 0x20, 0x9, 0xb7, 0xa8,
    0x62, 0x41, 0x8c, 0x40, 0x3e, 0x36, 0x41, 0xb8,
    0x0, 0xfd, 0xfe, 0x6, 0xd, 0x86, 0x80, 0xc,
    0xac, 0x60, 0xfb, 0xa8, 0x68, 0x0, 0xdd, 0x0,
    0x1e, 0x10,

    /* U+00BF "¿" */
    0x0, 0xb3, 0x40, 0x38, 0x88, 0x1, 0xd9, 0xa0,
    0x1c, 0x66, 0x0, 0xe8, 0xd0, 0xe, 0x55, 0x0,
    0x66, 0x3b, 0x0, 0x8a, 0x64, 0x40, 0x17, 0x23,
    0x0, 0x42, 0x7c, 0x1, 0xfe, 0x11, 0x1d, 0xaa,
    0x65, 0x86, 0xad, 0x51, 0x68,

    /* U+00C0 "À" */
    0x0, 0xc, 0x0, 0x7e, 0x26, 0xb0, 0xf, 0x8f,
    0xc2, 0x40, 0x3e, 0x1b, 0x90, 0xf, 0x8b, 0xf4,
    0x3, 0xe5, 0x32, 0x20, 0x7, 0xae, 0xc7, 0x40,
    0x1c, 0x46, 0xb6, 0xa0, 0x1c, 0xa4, 0x45, 0x22,
    0x0, 0x6b, 0x50, 0x21, 0xa0, 0x8, 0x4e, 0xc0,
    0xe, 0xa0, 0x13, 0x6, 0x7f, 0x98, 0x88, 0x0,
    0xb5, 0xdd, 0xb0, 0x28, 0x4, 0xfc, 0x8a, 0x35,
    0x50, 0x30, 0x28, 0x6, 0xf2, 0x25, 0xa0, 0x7,
    0x20, 0x28,

    /* U+00C1 "Á" */
    0x0, 0xe1, 0x80, 0xf, 0x8b, 0xcc, 0x3, 0xef,
    0x6b, 0x0, 0xfb, 0x20, 0x3, 0xe2, 0xed, 0x0,
    0xf9, 0x4c, 0x88, 0x1, 0xeb, 0xb1, 0xd0, 0x7,
    0x11, 0xad, 0xa8, 0x7, 0x29, 0x11, 0x48, 0x80,
    0x1a, 0xd4, 0x8, 0x68, 0x2, 0x13, 0xb0, 0x3,
    0xa8, 0x4, 0xc1, 0x9f, 0xe6, 0x22, 0x0, 0x2d,
    0x77, 0x6c, 0xa, 0x1, 0x3f, 0x22, 0x8d, 0x54,
    0xc, 0xa, 0x1, 0xbc, 0x89, 0x68, 0x1, 0xc8,
    0xa,

    /* U+00C2 "Â" */
    0x0, 0x9b, 0xb8, 0x60, 0x1c, 0xd5, 0xf5, 0xc4,
    0x1, 0x9f, 0x5, 0x30, 0x80, 0x30, 0x97, 0xe8,
    0x80, 0x79, 0x4c, 0x88, 0x1, 0xeb, 0xb1, 0xd0,
    0x7, 0x11, 0xad, 0xa8, 0x7, 0x29, 0x11, 0x48,
    0x80, 0x1a, 0xd4, 0x8, 0x68, 0x2, 0x13, 0xb0,
    0x3, 0xa8, 0x4, 0xc1, 0x9f, 0xe6, 0x22, 0x0,
    0x2d, 0x77, 0x6c, 0xa, 0x1, 0x3f, 0x22, 0x8d,
    0x54, 0xc, 0xa, 0x1, 0xbc, 0x89, 0x68, 0x1,
    0xc8, 0xa,

    /* U+00C3 "Ã" */
    0x0, 0x4f, 0x59, 0x13, 0x80, 0x23, 0x4f, 0xcd,
    0xd4, 0x80, 0x47, 0xa2, 0xff, 0xce, 0x1, 0xc5,
    0xfa, 0x20, 0x1e, 0x53, 0x22, 0x0, 0x7a, 0xec,
    0x74, 0x1, 0xc4, 0x6b, 0x6a, 0x1, 0xca, 0x44,
    0x52, 0x20, 0x6, 0xb5, 0x2, 0x1a, 0x0, 0x84,
    0xec, 0x0, 0xea, 0x1, 0x30, 0x67, 0xf9, 0x88,
    0x80, 0xb, 0x5d, 0xdb, 0x2, 0x80, 0x4f, 0xc8,
    0xa3, 0x55, 0x3, 0x2, 0x80, 0x6f, 0x22, 0x5a,
    0x0, 0x72, 0x2, 0x80,

    /* U+00C4 "Ä" */
    0x0, 0x3c, 0x0, 0x2d, 0x0, 0x36, 0x18, 0xa,
    0x90, 0x6, 0xbb, 0x0, 0xf3, 0x0, 0x71, 0x7e,
    0x80, 0x7c, 0xa6, 0x44, 0x0, 0xf5, 0xd8, 0xe8,
    0x3, 0x88, 0xd6, 0xd4, 0x3, 0x94, 0x88, 0xa4,
    0x40, 0xd, 0x6a, 0x4, 0x34, 0x1, 0x9, 0xd8,
    0x1, 0xd4, 0x2, 0x60, 0xcf, 0xf3, 0x11, 0x0,
    0x16, 0xbb, 0xb6, 0x5, 0x0, 0x9f, 0x91, 0x46,
    0xaa, 0x6, 0x5, 0x0, 0xde, 0x44, 0xb4, 0x0,
    0xe4, 0x5,

    /* U+00C5 "Å" */
    0x0, 0x8e, 0xe8, 0x40, 0x3d, 0xf5, 0xec, 0x1,
    0xff, 0xc4, 0xfa, 0xf6, 0x0, 0xf0, 0xa3, 0x88,
    0x7, 0x94, 0xc8, 0x80, 0x1e, 0xbb, 0x1d, 0x0,
    0x71, 0x1a, 0xda, 0x80, 0x72, 0x91, 0x14, 0x88,
    0x1, 0xad, 0x40, 0x86, 0x80, 0x21, 0x3b, 0x0,
    0x3a, 0x80, 0x4c, 0x19, 0xfe, 0x62, 0x20, 0x2,
    0xd7, 0x76, 0xc0, 0xa0, 0x13, 0xf2, 0x28, 0xd5,
    0x40, 0xc0, 0xa0, 0x1b, 0xc8, 0x96, 0x80, 0x1c,
    0x80, 0xa0,

    /* U+00C6 "Æ" */
    0x0, 0xf7, 0x7f, 0xfa, 0x80, 0x39, 0xc0, 0x8e,
    0xef, 0x40, 0x7, 0x4c, 0x81, 0x91, 0x31, 0x0,
    0x67, 0x7, 0x0, 0xff, 0xc, 0xc8, 0x0, 0x20,
    0x1f, 0xa4, 0x1c, 0x0, 0x9f, 0xf6, 0x80, 0x42,
    0xf2, 0x1, 0x1e, 0x65, 0xc0, 0x14, 0x84, 0x7f,
    0x89, 0x8c, 0xf0, 0x0, 0x5d, 0xd9, 0x91, 0x0,
    0x7d, 0x3, 0x6, 0x70, 0x7, 0xc2, 0xd2, 0x1,
    0xcc, 0x89, 0x8e, 0x5, 0xc0, 0x38, 0xee, 0xf7,
    0x0,

    /* U+00C7 "Ç" */
    0x0, 0x92, 0xff, 0xd8, 0x80, 0x13, 0xd8, 0x4d,
    0x35, 0x88, 0x1c, 0x3d, 0xb2, 0xd6, 0x88, 0x48,
    0xc0, 0x6, 0x20, 0x2, 0xb8, 0x7, 0xf7, 0x0,
    0x7f, 0xf1, 0xf8, 0x3, 0xf2, 0xb8, 0x7, 0xe9,
    0x18, 0x0, 0xc8, 0x20, 0x6e, 0xeb, 0x55, 0x55,
    0xa0, 0x2, 0x29, 0xea, 0x8d, 0x6a, 0x1, 0x2e,
    0x3c, 0xe2, 0x0, 0x7d, 0x66, 0x1, 0xf4, 0x3a,
    0x0, 0x79, 0x70, 0x18, 0x0,

    /* U+00C8 "È" */
    0x0, 0x41, 0x0, 0x78, 0xf0, 0x80, 0x3a, 0xe7,
    0xc0, 0x3c, 0xf8, 0x1, 0x37, 0xfd, 0xdf, 0xe6,
    0x0, 0x55, 0xde, 0x70, 0x2, 0x27, 0x8, 0x7,
    0xf8, 0xc0, 0x3e, 0xdf, 0xfa, 0x0, 0x2b, 0xcc,
    0xa8, 0x2, 0x53, 0x38, 0x80, 0x3f, 0xf8, 0xe8,
    0x9c, 0x40, 0xa, 0xbb, 0xd4,

    /* U+00C9 "É" */
    0x0, 0xe8, 0x10, 0xe, 0xa6, 0x20, 0xd, 0xd,
    0xe6, 0x1, 0xa3, 0x4, 0x0, 0xdf, 0xfe, 0x60,
    0x5, 0x5d, 0xe7, 0x0, 0x22, 0x70, 0x80, 0x7f,
    0x8c, 0x3, 0xed, 0xff, 0xa0, 0x2, 0xbc, 0xca,
    0x80, 0x25, 0x33, 0x88, 0x3, 0xff, 0x8e, 0x89,
    0xc4, 0x0, 0xab, 0xbd, 0x40,

    /* U+00CA "Ê" */
    0x0, 0x17, 0x71, 0xc0, 0x22, 0xfa, 0xfb, 0x70,
    0x1, 0x7a, 0xe, 0x30, 0x37, 0xef, 0xfd, 0xcc,
    0x0, 0xab, 0xbc, 0xe0, 0x4, 0x4e, 0x10, 0xf,
    0xf1, 0x80, 0x7d, 0xbf, 0xf4, 0x0, 0x57, 0x99,
    0x50, 0x4, 0xa6, 0x71, 0x0, 0x7f, 0xf1, 0xd1,
    0x38, 0x80, 0x15, 0x77, 0xa8,

    /* U+00CB "Ë" */
    0x3, 0xb1, 0x7, 0x80, 0x3, 0x28, 0x3, 0x4c,
    0x0, 0xbc, 0x21, 0x56, 0xd, 0xff, 0xe6, 0x0,
    0x55, 0xde, 0x70, 0x2, 0x27, 0x8, 0x7, 0xf8,
    0xc0, 0x3e, 0xdf, 0xfa, 0x0, 0x2b, 0xcc, 0xa8,
    0x2, 0x53, 0x38, 0x80, 0x3f, 0xf8, 0xe8, 0x9c,
    0x40, 0xa, 0xbb, 0xd4,

    /* U+00CC "Ì" */
    0x7, 0x30, 0xb, 0xb1, 0x0, 0x13, 0x54, 0x10,
    0x2, 0xf8, 0x80, 0x1b, 0x84, 0x3, 0xff, 0xd6,

    /* U+00CD "Í" */
    0x0, 0x31, 0x84, 0x4b, 0x2a, 0xb5, 0x55, 0xa4,
    0xd, 0xe2, 0x1, 0xff, 0xe1,

    /* U+00CE "Î" */
    0x1, 0xde, 0x90, 0xb, 0x6f, 0x82, 0x80, 0x1c,
    0xc1, 0x36, 0x0, 0x26, 0xf1, 0x10, 0x7, 0xff,
    0xfc, 0x2,

    /* U+00CF "Ï" */
    0x2b, 0x20, 0x5a, 0x1, 0x41, 0xd, 0x40, 0x3f,
    0x30, 0x8e, 0x0, 0x9b, 0xc4, 0x3, 0xff, 0xfe,
    0x1, 0x80,

    /* U+00D0 "Ð" */
    0x0, 0x7f, 0xed, 0x81, 0x0, 0xe6, 0xcb, 0xa6,
    0xc1, 0x0, 0xdc, 0x68, 0xf8, 0x74, 0x1, 0xf8,
    0xa5, 0x8, 0x3, 0xf2, 0x3, 0xae, 0x4, 0xe6,
    0x4, 0x8, 0x9, 0x70, 0x27, 0x30, 0x20, 0x1f,
    0xfc, 0x2, 0x2, 0x0, 0xfd, 0x60, 0x80, 0x1f,
    0x13, 0xa8, 0x80, 0x5c, 0x69, 0x1a, 0x56, 0x1,
    0x9b, 0x2d, 0x5f, 0x4, 0x0,

    /* U+00D1 "Ñ" */
    0x0, 0x47, 0x61, 0x8f, 0x0, 0x5, 0xb2, 0xb3,
    0x9c, 0x0, 0x3c, 0x4d, 0xfd, 0x20, 0xde, 0xc0,
    0x10, 0xbf, 0x80, 0x20, 0x3, 0xe1, 0x38, 0x0,
    0xfa, 0x1c, 0x80, 0x38, 0x54, 0xe0, 0x3, 0xef,
    0x53, 0x0, 0xf1, 0xaf, 0x80, 0x7d, 0x6, 0xa2,
    0x1, 0xc4, 0xf0, 0x1, 0xf4, 0x1e, 0x80, 0x7d,
    0x8, 0x1, 0xf3, 0x10, 0x0,

    /* U+00D2 "Ò" */
    0x0, 0xca, 0x1, 0xfc, 0x75, 0x20, 0x1f, 0x8f,
    0x52, 0x40, 0x3f, 0x16, 0xd0, 0x7, 0xcb, 0x9f,
    0x96, 0x80, 0x1a, 0x69, 0xaa, 0x42, 0xd8, 0x0,
    0x8d, 0x14, 0xad, 0x6d, 0x24, 0x1e, 0x4e, 0x1,
    0xa4, 0x2c, 0x11, 0x0, 0x1e, 0x44, 0x0, 0x38,
    0x3, 0xc4, 0x60, 0x1f, 0xfc, 0x1e, 0x0, 0xf1,
    0x10, 0x11, 0xc0, 0x38, 0x51, 0x1, 0xe3, 0x0,
    0x1a, 0xc2, 0x81, 0x1d, 0xd4, 0xaa, 0xb5, 0x92,
    0x0, 0x45, 0x35, 0x50, 0x2d, 0x80,

    /* U+00D3 "Ó" */
    0x0, 0xf9, 0x40, 0x3f, 0xaa, 0xc4, 0x3, 0xeb,
    0x6f, 0x10, 0xf, 0xa3, 0x4, 0x3, 0xcb, 0x98,
    0xfb, 0x40, 0xd, 0x34, 0xd5, 0x21, 0x6c, 0x0,
    0x46, 0x8a, 0x56, 0xb6, 0x92, 0xf, 0x27, 0x0,
    0xd2, 0x16, 0x8, 0x80, 0xf, 0x22, 0x0, 0x1c,
    0x1, 0xe2, 0x30, 0xf, 0xfe, 0xf, 0x0, 0x78,
    0x88, 0x8, 0xe0, 0x1c, 0x28, 0x80, 0xf1, 0x80,
    0xd, 0x61, 0x40, 0x8e, 0xea, 0x55, 0x5a, 0xc9,
    0x0, 0x22, 0x9a, 0xa8, 0x16, 0xc0,

    /* U+00D4 "Ô" */
    0x0, 0xe7, 0x70, 0x7, 0xea, 0xba, 0x80, 0xf,
    0x30, 0xe6, 0x15, 0x0, 0x39, 0xec, 0x7, 0x10,
    0x3, 0x93, 0x3f, 0xd4, 0x80, 0x1a, 0x69, 0xaa,
    0x42, 0xd8, 0x0, 0x8d, 0x14, 0xad, 0x6d, 0x24,
    0x1e, 0x4e, 0x1, 0xa4, 0x2c, 0x11, 0x0, 0x1e,
    0x44, 0x0, 0x38, 0x3, 0xc4, 0x60, 0x1f, 0xfc,
    0x1e, 0x0, 0xf1, 0x10, 0x11, 0xc0, 0x38, 0x51,
    0x1, 0xe3, 0x0, 0x1a, 0xc2, 0x81, 0x1d, 0xd4,
    0xaa, 0xb5, 0x92, 0x0, 0x45, 0x35, 0x50, 0x2d,
    0x80,

    /* U+00D5 "Õ" */
    0x0, 0xa3, 0xb0, 0xc7, 0x80, 0x31, 0x36, 0x56,
    0x73, 0x80, 0x62, 0xe2, 0x6f, 0xe9, 0x0, 0xe5,
    0xcf, 0xf5, 0x20, 0x6, 0x9a, 0x6a, 0x90, 0xb6,
    0x0, 0x23, 0x45, 0x2b, 0x5b, 0x49, 0x7, 0x93,
    0x80, 0x69, 0xb, 0x4, 0x40, 0x7, 0x91, 0x0,
    0xe, 0x0, 0xf1, 0x18, 0x7, 0xff, 0x7, 0x80,
    0x3c, 0x44, 0x4, 0x70, 0xe, 0x14, 0x40, 0x78,
    0xc0, 0x6, 0xb0, 0xa0, 0x47, 0x75, 0x2a, 0xad,
    0x64, 0x80, 0x11, 0x4d, 0x54, 0xb, 0x60,

    /* U+00D6 "Ö" */
    0x0, 0xa7, 0x0, 0x1c, 0xe0, 0x1d, 0xea, 0x0,
    0x42, 0x0, 0xe6, 0x90, 0x5, 0x28, 0x7, 0x2e,
    0x7f, 0xad, 0x0, 0x34, 0xd3, 0x54, 0x85, 0xb0,
    0x1, 0x1a, 0x29, 0x5a, 0xda, 0x48, 0x3c, 0x9c,
    0x3, 0x48, 0x58, 0x22, 0x0, 0x3c, 0x88, 0x0,
    0x70, 0x7, 0x88, 0xc0, 0x3f, 0xf8, 0x3c, 0x1,
    0xe2, 0x20, 0x23, 0x80, 0x70, 0xa2, 0x3, 0xc6,
    0x0, 0x35, 0x85, 0x2, 0x3b, 0xa9, 0x55, 0x6b,
    0x24, 0x0, 0x8a, 0x6a, 0xa0, 0x5b, 0x0,

    /* U+00D7 "×" */
    0x1, 0x0, 0xfc, 0x20, 0xf, 0x60, 0xf, 0x37,
    0x80, 0x36, 0x58, 0x3, 0x34, 0x68, 0x0, 0xf2,
    0x58, 0x0, 0xd3, 0xa6, 0x1, 0x1e, 0x4b, 0x32,
    0x70, 0xc0, 0x38, 0xf2, 0x65, 0x86, 0x1, 0xf3,
    0x0, 0x18, 0x3, 0xe5, 0xab, 0xb5, 0x28, 0x7,
    0x2d, 0x5a, 0x22, 0xe9, 0x40, 0x25, 0xab, 0x40,
    0x2, 0x5d, 0x28, 0x2, 0x2d, 0x0, 0x32, 0x5c,
    0x0, 0x35, 0x0, 0x3c, 0x9a, 0x0,

    /* U+00D8 "Ø" */
    0x0, 0xff, 0x8, 0x6, 0x5c, 0xff, 0x62, 0x36,
    0x0, 0x51, 0x4d, 0x54, 0x7b, 0x9e, 0x0, 0x1b,
    0xba, 0x95, 0x56, 0x20, 0x1a, 0x46, 0x0, 0x2a,
    0x41, 0x90, 0x2, 0x20, 0x2, 0x77, 0x52, 0x38,
    0x0, 0x48, 0x0, 0x73, 0xe0, 0x44, 0x0, 0xe1,
    0xdb, 0x20, 0xe, 0x12, 0xa, 0x75, 0x0, 0x19,
    0x0, 0x11, 0x10, 0xf2, 0x1, 0x22, 0x0, 0x12,
    0x2f, 0xc0, 0x14, 0x85, 0x80, 0x8, 0x42, 0x55,
    0x56, 0xd0, 0x40, 0xa, 0x6b, 0x7a, 0xa3, 0xdb,
    0x80, 0x5d, 0x9, 0x9f, 0xec, 0x40, 0x8,

    /* U+00D9 "Ù" */
    0x0, 0x14, 0x0, 0x7c, 0xcc, 0x90, 0xf, 0x26,
    0x2b, 0x80, 0x78, 0xb1, 0xc0, 0x27, 0xf0, 0xe,
    0x7f, 0x0, 0xff, 0xf5, 0x8, 0x8, 0x7, 0x88,
    0x8, 0x3, 0x71, 0x28, 0x50, 0x4, 0x2e, 0x82,
    0xed, 0x4a, 0xd8, 0x36, 0x11, 0x7, 0xa9, 0x6d,
    0x20,

    /* U+00DA "Ú" */
    0x0, 0xe2, 0x80, 0xf, 0x1e, 0x10, 0x7, 0xb6,
    0x68, 0x3, 0xde, 0xe0, 0x13, 0xf8, 0x0, 0x40,
    0xf, 0xe0, 0x1f, 0xfe, 0xa1, 0x1, 0x0, 0xf1,
    0x1, 0x0, 0x6e, 0x25, 0xa, 0x0, 0x85, 0xd0,
    0x5d, 0xa9, 0x5b, 0x6, 0xc2, 0x20, 0xf5, 0x2d,
    0xa4,

    /* U+00DB "Û" */
    0x0, 0x8a, 0x18, 0x3, 0xde, 0x50, 0xc0, 0x1a,
    0x6a, 0x99, 0x64, 0x1, 0x4b, 0x81, 0x69, 0x3,
    0xf8, 0x7, 0x3f, 0x80, 0x7f, 0xfa, 0x84, 0x4,
    0x3, 0xc4, 0x4, 0x1, 0xb8, 0x94, 0x28, 0x2,
    0x17, 0x41, 0x76, 0xa5, 0x6c, 0x1b, 0x8, 0x83,
    0xd4, 0xb6, 0x90,

    /* U+00DC "Ü" */
    0x0, 0x65, 0x1, 0x7a, 0x80, 0x49, 0xa0, 0x68,
    0xc0, 0x14, 0x38, 0xd, 0x98, 0x3f, 0x80, 0x73,
    0xf8, 0x7, 0xff, 0xa8, 0x40, 0x40, 0x3c, 0x40,
    0x40, 0x1b, 0x89, 0x42, 0x80, 0x21, 0x74, 0x17,
    0x6a, 0x56, 0xc1, 0xb0, 0x88, 0x3d, 0x4b, 0x69,
    0x0,

    /* U+00DD "Ý" */
    0x0, 0xf4, 0x10, 0x7, 0xd4, 0xcc, 0x0, 0xf3,
    0xb6, 0x20, 0x7, 0x9f, 0x8, 0x3, 0x66, 0x0,
    0x32, 0x7a, 0x4, 0x19, 0x80, 0x2f, 0x34, 0x4,
    0x29, 0x0, 0x12, 0x48, 0x5, 0xa, 0x41, 0x64,
    0xa0, 0x12, 0x95, 0xb, 0x40, 0x7, 0x5b, 0x49,
    0x28, 0x7, 0x30, 0x3d, 0x80, 0x7c, 0xc0, 0xc0,
    0x1f, 0xfd, 0xf0,

    /* U+00DE "Þ" */
    0x6f, 0x10, 0xf, 0xfe, 0x2f, 0x7f, 0xba, 0x88,
    0x2, 0xbc, 0xc4, 0x3e, 0x8, 0x1, 0x4c, 0xcd,
    0xe2, 0xe0, 0x1e, 0x20, 0xe0, 0xf, 0x10, 0x70,
    0x7, 0x1f, 0xb, 0x80, 0x3b, 0xfd, 0x81, 0x82,
    0x0, 0xbc, 0xde, 0xc2, 0x0, 0x94, 0xc8, 0x40,
    0x3f, 0xf8, 0x0,

    /* U+00DF "ß" */
    0x2, 0xbf, 0xf5, 0x8, 0x5, 0x8f, 0x74, 0x96,
    0x0, 0x61, 0xe4, 0x57, 0x70, 0x3, 0x80, 0x80,
    0x4, 0xc0, 0x10, 0x80, 0x15, 0x24, 0x3, 0xd7,
    0x24, 0x1, 0xc2, 0x23, 0x0, 0xf0, 0xa5, 0x30,
    0x7, 0xae, 0x27, 0x44, 0x3, 0x9f, 0x8e, 0xc0,
    0x3c, 0x28, 0xc0, 0x12, 0x41, 0xa2, 0x40, 0x13,
    0x1e, 0x5b, 0xc0,

    /* U+00E0 "à" */
    0x0, 0xff, 0x2d, 0x80, 0x79, 0x96, 0x40, 0x38,
    0xf5, 0xdc, 0x1, 0xc7, 0xa8, 0x1, 0xe3, 0x30,
    0x6, 0x7d, 0xfe, 0x70, 0x3, 0xdd, 0xb1, 0xa1,
    0x1, 0xf1, 0x8e, 0xb, 0x80, 0x21, 0x58, 0x31,
    0x1, 0xbf, 0xf8, 0xc0, 0x1a, 0x1d, 0x4e, 0xc0,
    0x3, 0xd0, 0x9, 0xc0, 0x3, 0x46, 0x96, 0x60,
    0xd, 0x1c, 0x9e, 0x70,

    /* U+00E1 "á" */
    0x0, 0xff, 0xe0, 0x9e, 0x8, 0x6, 0x2d, 0x61,
    0x0, 0xde, 0x94, 0x1, 0xd7, 0x40, 0x1e, 0x60,
    0xe, 0x7d, 0xfe, 0x70, 0x3, 0xdd, 0xb1, 0xa1,
    0x1, 0xf1, 0x8e, 0xb, 0x80, 0x21, 0x58, 0x31,
    0x1, 0xbf, 0xf8, 0xc0, 0x1a, 0x1d, 0x4e, 0xc0,
    0x3, 0xd0, 0x9, 0xc0, 0x3, 0x46, 0x96, 0x60,
    0xd, 0x1c, 0x9e, 0x70,

    /* U+00E2 "â" */
    0x0, 0x86, 0x14, 0x3, 0xa9, 0x69, 0x0, 0x28,
    0x7d, 0xba, 0x20, 0x7, 0xe0, 0x25, 0x8, 0x1,
    0xc0, 0x24, 0x30, 0x3, 0xef, 0xf3, 0x80, 0x1e,
    0xed, 0x8d, 0x8, 0xf, 0x8c, 0x70, 0x5c, 0x1,
    0xa, 0xc1, 0x88, 0xd, 0xff, 0xc6, 0x0, 0xd0,
    0xea, 0x76, 0x0, 0x1e, 0x80, 0x4e, 0x0, 0x1a,
    0x34, 0xb3, 0x0, 0x68, 0xe4, 0xf3, 0x80,

    /* U+00E3 "ã" */
    0x0, 0x57, 0xd9, 0x26, 0x1, 0xbf, 0x66, 0xdc,
    0x81, 0xe0, 0xbf, 0xf9, 0x40, 0x2, 0x1, 0xf3,
    0xef, 0xf3, 0x80, 0x1e, 0xed, 0x8d, 0x8, 0xf,
    0x8c, 0x70, 0x5c, 0x1, 0xa, 0xc1, 0x88, 0xd,
    0xff, 0xc6, 0x0, 0xd0, 0xea, 0x76, 0x0, 0x1e,
    0x80, 0x4e, 0x0, 0x1a, 0x34, 0xb3, 0x0, 0x68,
    0xe4, 0xf3, 0x80,

    /* U+00E4 "ä" */
    0x0, 0x56, 0x2, 0x7a, 0x0, 0x35, 0x41, 0x91,
    0x80, 0xf, 0x20, 0x56, 0x40, 0x1f, 0xe7, 0xdf,
    0xe7, 0x0, 0x3d, 0xdb, 0x1a, 0x10, 0x1f, 0x18,
    0xe0, 0xb8, 0x2, 0x15, 0x83, 0x10, 0x1b, 0xff,
    0x8c, 0x1, 0xa1, 0xd4, 0xec, 0x0, 0x3d, 0x0,
    0x9c, 0x0, 0x34, 0x69, 0x66, 0x0, 0xd1, 0xc9,
    0xe7, 0x0,

    /* U+00E5 "å" */
    0x0, 0x96, 0xa8, 0x20, 0x10, 0xc5, 0x7c, 0x0,
    0x7c, 0x60, 0x10, 0xc5, 0x7d, 0x80, 0x65, 0xaa,
    0x8, 0x4, 0xfb, 0xfc, 0xe0, 0x7, 0xbb, 0x63,
    0x42, 0x3, 0xe3, 0x1c, 0x17, 0x0, 0x42, 0xb0,
    0x62, 0x3, 0x7f, 0xf1, 0x80, 0x34, 0x3a, 0x9d,
    0x80, 0x7, 0xa0, 0x13, 0x80, 0x6, 0x8d, 0x2c,
    0xc0, 0x1a, 0x39, 0x3c, 0xe0,

    /* U+00E6 "æ" */
    0x7, 0xdf, 0xd4, 0x8, 0xef, 0xa1, 0x5, 0xab,
    0xc5, 0xb9, 0x5b, 0xb3, 0xd0, 0x2e, 0xb1, 0xc1,
    0x37, 0xaa, 0x7a, 0x10, 0x4, 0x8c, 0x6, 0x40,
    0x2, 0x7, 0x9, 0xf8, 0xf0, 0x3f, 0xfc, 0x0,
    0xa7, 0xdc, 0x97, 0x4f, 0xfe, 0x54, 0x62, 0x0,
    0x12, 0x10, 0x7, 0x12, 0xa2, 0x25, 0x4f, 0xd4,
    0xda, 0x3, 0x86, 0xe4, 0x77, 0x12, 0xf2, 0xf8,
    0x0,

    /* U+00E7 "ç" */
    0x0, 0x1d, 0xff, 0xa8, 0x40, 0xf1, 0xea, 0xc4,
    0x83, 0xcb, 0x15, 0x2c, 0xc4, 0xe8, 0x3, 0x8c,
    0x8, 0x3, 0x8c, 0x8, 0x3, 0x84, 0xa8, 0x3,
    0xd2, 0x56, 0x88, 0xa7, 0x4, 0xb7, 0xbb, 0x2,
    0x80, 0x13, 0xb, 0xa8, 0x80, 0x22, 0x6a, 0x0,
    0xe2, 0xa4, 0x10, 0xd, 0x5b, 0x2, 0x0,

    /* U+00E8 "è" */
    0x0, 0xff, 0x9a, 0xc0, 0x3e, 0x24, 0x80, 0xf,
    0x25, 0xbb, 0x0, 0x79, 0x31, 0x40, 0x3e, 0x33,
    0x0, 0x71, 0xe7, 0xf4, 0x0, 0x47, 0x8d, 0x96,
    0xd0, 0x0, 0xf4, 0xa3, 0x58, 0x60, 0x13, 0xe0,
    0x9, 0x4, 0x8c, 0x2b, 0xba, 0xc0, 0x1, 0x84,
    0xff, 0xee, 0x21, 0x3d, 0x11, 0xe0, 0x7, 0xa5,
    0x21, 0xb3, 0x0, 0x7, 0x83, 0x79, 0x44, 0x0,

    /* U+00E9 "é" */
    0x0, 0xff, 0xe1, 0x26, 0x0, 0x78, 0xad, 0x40,
    0x38, 0x7d, 0xa4, 0x3, 0x86, 0xe4, 0x3, 0xe6,
    0x0, 0xf1, 0xe7, 0xf4, 0x0, 0x47, 0x8d, 0x96,
    0xd0, 0x0, 0xf4, 0xa3, 0x58, 0x60, 0x13, 0xe0,
    0x9, 0x4, 0x8c, 0x2b, 0xba, 0xc0, 0x1, 0x84,
    0xff, 0xee, 0x21, 0x3d, 0x11, 0xe0, 0x7, 0xa5,
    0x21, 0xb3, 0x0, 0x7, 0x83, 0x79, 0x44, 0x0,

    /* U+00EA "ê" */
    0x0, 0x86, 0x14, 0x3, 0xda, 0xb4, 0x60, 0x1a,
    0x5f, 0x6b, 0x44, 0x2, 0xeb, 0x5, 0xb3, 0x0,
    0x9c, 0x2, 0x52, 0x0, 0x8f, 0x3f, 0xa0, 0x2,
    0x3c, 0x6c, 0xb6, 0x80, 0x7, 0xa5, 0x1a, 0xc3,
    0x0, 0x9f, 0x0, 0x48, 0x24, 0x61, 0x5d, 0xd6,
    0x0, 0xc, 0x27, 0xff, 0x71, 0x9, 0xe8, 0x8f,
    0x0, 0x3d, 0x29, 0xd, 0x98, 0x0, 0x3c, 0x1b,
    0xca, 0x20,

    /* U+00EB "ë" */
    0x0, 0x5d, 0x81, 0x3c, 0xc0, 0x23, 0x30, 0x3a,
    0x8, 0x5, 0x10, 0x3, 0xb2, 0x0, 0xff, 0xe0,
    0x1e, 0x7f, 0x40, 0x4, 0x78, 0xd9, 0x6d, 0x0,
    0xf, 0x4a, 0x35, 0x86, 0x1, 0x3e, 0x0, 0x90,
    0x48, 0xc2, 0xbb, 0xac, 0x0, 0x18, 0x4f, 0xfe,
    0xe2, 0x13, 0xd1, 0x1e, 0x0, 0x7a, 0x52, 0x1b,
    0x30, 0x0, 0x78, 0x37, 0x94, 0x40,

    /* U+00EC "ì" */
    0x1, 0x0, 0x87, 0x98, 0x0, 0x31, 0x26, 0x0,
    0x78, 0xd0, 0x9, 0xf4, 0x3, 0x18, 0x5, 0x1e,
    0x1, 0xff, 0xdd,

    /* U+00ED "í" */
    0x0, 0x8, 0x0, 0x71, 0xc3, 0x41, 0xa0, 0x70,
    0x67, 0x4, 0x4, 0x40, 0x8, 0xf0, 0xf, 0xfe,
    0xb0,

    /* U+00EE "î" */
    0x0, 0x2b, 0x88, 0x1, 0x6a, 0xe8, 0xe, 0xf3,
    0x1, 0x23, 0xa6, 0x17, 0xa4, 0x60, 0x12, 0x0,
    0x23, 0xc0, 0x3f, 0xfc, 0xc0,

    /* U+00EF "ï" */
    0x4f, 0x30, 0xca, 0x64, 0x10, 0x5d, 0x2b, 0x20,
    0x97, 0x0, 0xfd, 0x1e, 0x1, 0xff, 0xe6,

    /* U+00F0 "ð" */
    0x0, 0xff, 0x93, 0x50, 0x0, 0xe8, 0x0, 0x4a,
    0xba, 0xdf, 0x50, 0x8, 0x88, 0x8f, 0x2, 0x0,
    0x9c, 0xc6, 0xaa, 0x80, 0x29, 0x90, 0x9b, 0xd8,
    0x4, 0x99, 0xfb, 0xe2, 0x80, 0x96, 0x99, 0xda,
    0x18, 0x12, 0xb0, 0x66, 0xa2, 0x20, 0x16, 0x0,
    0x61, 0x0, 0xfc, 0x24, 0x7, 0x40, 0x11, 0x96,
    0x7, 0x9d, 0x22, 0xf2, 0x20, 0xf, 0x1a, 0xec,
    0x96, 0x0,

    /* U+00F1 "ñ" */
    0x4, 0xee, 0x38, 0x62, 0x7, 0xc6, 0xdf, 0x82,
    0x5, 0x31, 0xe7, 0x60, 0x0, 0x40, 0x21, 0x0,
    0x45, 0x9e, 0x7f, 0x30, 0x1, 0x3b, 0xf9, 0xe4,
    0x40, 0x18, 0x63, 0x60, 0x80, 0x1, 0x0, 0x10,
    0x18, 0x7, 0xff, 0x70,

    /* U+00F2 "ò" */
    0x0, 0xff, 0x97, 0x0, 0x3e, 0x72, 0xa0, 0xf,
    0x16, 0x24, 0x0, 0x78, 0xb3, 0x0, 0x1f, 0x12,
    0x0, 0x71, 0xdf, 0xf5, 0x8, 0x0, 0xf0, 0x2e,
    0xcf, 0x80, 0xf, 0x3b, 0x45, 0xf2, 0x71, 0x3b,
    0x0, 0x89, 0x2c, 0xc0, 0x80, 0x30, 0x88, 0xc0,
    0x80, 0x30, 0x8c, 0x76, 0x1, 0x12, 0x58, 0x79,
    0xd2, 0x2f, 0x93, 0x81, 0xe3, 0x5d, 0x9f, 0x0,

    /* U+00F3 "ó" */
    0x0, 0xff, 0xe1, 0x16, 0x88, 0x7, 0xe, 0x30,
    0x80, 0x76, 0xad, 0x80, 0x7a, 0xac, 0x3, 0xe6,
    0x0, 0xf1, 0xdf, 0xf5, 0x8, 0x0, 0xf0, 0x2e,
    0xcf, 0x80, 0xf, 0x3b, 0x45, 0xf2, 0x71, 0x3b,
    0x0, 0x89, 0x2c, 0xc0, 0x80, 0x30, 0x88, 0xc0,
    0x80, 0x30, 0x8c, 0x76, 0x1, 0x12, 0x58, 0x79,
    0xd2, 0x2f, 0x93, 0x81, 0xe3, 0x5d, 0x9f, 0x0,

    /* U+00F4 "ô" */
    0x0, 0xce, 0xc0, 0x1e, 0xaa, 0x4a, 0x80, 0x67,
    0x76, 0x5d, 0x88, 0x2, 0x1c, 0x14, 0xa1, 0x0,
    0x98, 0x40, 0x8, 0x60, 0x11, 0xdf, 0xf5, 0x8,
    0x0, 0xf0, 0x2e, 0xcf, 0x80, 0xf, 0x3b, 0x45,
    0xf2, 0x71, 0x3b, 0x0, 0x89, 0x2c, 0xc0, 0x80,
    0x30, 0x88, 0xc0, 0x80, 0x30, 0x8c, 0x76, 0x1,
    0x12, 0x58, 0x79, 0xd2, 0x2f, 0x93, 0x81, 0xe3,
    0x5d, 0x9f, 0x0,

    /* U+00F5 "õ" */
    0x0, 0x4f, 0xe1, 0x9b, 0x40, 0x4, 0xfb, 0x79,
    0x8b, 0x0, 0x17, 0x93, 0xff, 0x98, 0x2, 0x10,
    0xf, 0xc7, 0x7f, 0xd4, 0x20, 0x3, 0xc0, 0xbb,
    0x3e, 0x0, 0x3c, 0xed, 0x17, 0xc9, 0xc4, 0xec,
    0x2, 0x24, 0xb3, 0x2, 0x0, 0xc2, 0x23, 0x2,
    0x0, 0xc2, 0x31, 0xd8, 0x4, 0x49, 0x61, 0xe7,
    0x48, 0xbe, 0x4e, 0x7, 0x8d, 0x76, 0x7c, 0x0,

    /* U+00F6 "ö" */
    0x0, 0x4e, 0x81, 0x7a, 0x0, 0x5e, 0x80, 0x68,
    0xe0, 0x13, 0x48, 0xd, 0x98, 0x7, 0xff, 0x0,
    0xef, 0xfa, 0x84, 0x0, 0x78, 0x17, 0x67, 0xc0,
    0x7, 0x9d, 0xa2, 0xf9, 0x38, 0x9d, 0x80, 0x44,
    0x96, 0x60, 0x40, 0x18, 0x44, 0x60, 0x40, 0x18,
    0x46, 0x3b, 0x0, 0x89, 0x2c, 0x3c, 0xe9, 0x17,
    0xc9, 0xc0, 0xf1, 0xae, 0xcf, 0x80,

    /* U+00F7 "÷" */
    0x0, 0xe3, 0x30, 0x7, 0xf0, 0xe6, 0x4, 0x3,
    0xf0, 0x91, 0x4, 0x3, 0xfb, 0x74, 0x1, 0xff,
    0xc5, 0xcf, 0xff, 0xf6, 0x6e, 0xff, 0xf0, 0x4,
    0x8b, 0xfc, 0x20, 0x1c, 0x66, 0x0, 0xfe, 0x1c,
    0xc0, 0x80, 0x7e, 0x12, 0x20, 0x80, 0x60,

    /* U+00F8 "ø" */
    0x0, 0xff, 0x8e, 0xff, 0xa9, 0xe8, 0xf, 0x7,
    0x29, 0xe2, 0xc3, 0xd2, 0x8d, 0x40, 0xc, 0x27,
    0xc0, 0xd, 0x95, 0xb3, 0x1, 0x9, 0xb4, 0x31,
    0x30, 0x26, 0x37, 0x3, 0x11, 0x1d, 0xd5, 0x0,
    0x56, 0xc2, 0x49, 0x8d, 0x30, 0x9c, 0x26, 0x4d,
    0x94, 0xf8, 0x0, 0xe6, 0xcf, 0xea, 0x10,

    /* U+00F9 "ù" */
    0x0, 0x8, 0x7, 0x9b, 0xc4, 0x3, 0x98, 0xb4,
    0x3, 0xd8, 0x12, 0x1, 0xec, 0xb0, 0xf, 0x88,
    0x2, 0xad, 0x0, 0x8f, 0xd0, 0x3, 0xff, 0xb8,
    0x66, 0x0, 0x90, 0x1, 0x83, 0x29, 0x36, 0x0,
    0x56, 0x65, 0x86, 0x0, 0x0,

    /* U+00FA "ú" */
    0x0, 0xe1, 0x0, 0xf2, 0xf1, 0x0, 0x63, 0xa7,
    0x20, 0xd, 0xaf, 0x0, 0x1d, 0xb0, 0x1, 0xe3,
    0x0, 0xd5, 0xa0, 0x11, 0xfa, 0x0, 0x7f, 0xf7,
    0xc, 0xc0, 0x12, 0x0, 0x30, 0x65, 0x26, 0xc0,
    0xa, 0xcc, 0xb0, 0xc0, 0x0,

    /* U+00FB "û" */
    0x0, 0x9d, 0x80, 0x3a, 0xea, 0x58, 0x2, 0x87,
    0xdc, 0x83, 0x0, 0x66, 0x0, 0xf0, 0x40, 0x8,
    0x1, 0x11, 0x2, 0xb4, 0x2, 0x3f, 0x40, 0xf,
    0xfe, 0xe1, 0x98, 0x2, 0x40, 0x6, 0xc, 0xa4,
    0xd8, 0x1, 0x59, 0x96, 0x18, 0x0,

    /* U+00FC "ü" */
    0x9, 0xd0, 0x2f, 0x40, 0x7, 0xb8, 0x1a, 0x38,
    0x1, 0xa8, 0x6, 0xcc, 0x3, 0xfa, 0xb4, 0x2,
    0x3f, 0x40, 0xf, 0xfe, 0xe1, 0x98, 0x2, 0x40,
    0x6, 0xc, 0xa4, 0xd8, 0x1, 0x59, 0x96, 0x18,
    0x0,

    /* U+00FD "ý" */
    0x0, 0xe1, 0x0, 0xfd, 0xb2, 0x1, 0xea, 0x2b,
    0x0, 0xe6, 0x4c, 0x20, 0xe, 0x7c, 0x20, 0xf,
    0x9, 0x0, 0x69, 0xe0, 0xc, 0xfc, 0x14, 0x28,
    0x1, 0x5a, 0x1, 0x96, 0x80, 0x4, 0xf8, 0x1,
    0x4e, 0x0, 0x70, 0x40, 0x3, 0xa, 0x6, 0x28,
    0x4, 0x29, 0xc0, 0xbc, 0x1, 0xb9, 0x50, 0x10,
    0x3, 0x28, 0xca, 0x80, 0x79, 0x8b, 0x80, 0x3d,
    0xc0, 0x80, 0x1e, 0xa6, 0x0, 0xe3, 0x93, 0xb0,
    0xc, 0x98, 0x96, 0x40, 0x18,

    /* U+00FE "þ" */
    0x8f, 0x0, 0xff, 0xeb, 0x8a, 0x67, 0xeb, 0x0,
    0x43, 0x54, 0xb4, 0x95, 0x0, 0xbd, 0x92, 0x4e,
    0x0, 0x21, 0x0, 0x90, 0x80, 0x3e, 0xf0, 0x10,
    0xf, 0x70, 0x8, 0x7, 0x9d, 0x0, 0x2b, 0x54,
    0xc1, 0x90, 0x0, 0xec, 0x58, 0x61, 0x0, 0x4d,
    0xbf, 0x86, 0x1, 0x8, 0x7, 0xff, 0x34,

    /* U+00FF "ÿ" */
    0x2, 0xf5, 0xa, 0xc0, 0x8, 0xd1, 0x83, 0x54,
    0x2, 0x1b, 0x30, 0x79, 0x0, 0xff, 0xa7, 0x80,
    0x33, 0xf0, 0x50, 0xa0, 0x5, 0x68, 0x6, 0x5a,
    0x0, 0x13, 0xe0, 0x5, 0x38, 0x1, 0xc1, 0x0,
    0xc, 0x28, 0x18, 0xa0, 0x10, 0xa7, 0x2, 0xf0,
    0x6, 0xe5, 0x40, 0x40, 0xc, 0xa3, 0x2a, 0x1,
    0xe6, 0x2e, 0x0, 0xf7, 0x2, 0x0, 0x7a, 0x98,
    0x3, 0x8e, 0x4e, 0xc0, 0x32, 0x62, 0x59, 0x0,
    0x60,

    /* U+0100 "Ā" */
    0x0, 0x3f, 0x76, 0x30, 0xc, 0xff, 0xf8, 0xc0,
    0x38, 0xfb, 0x4, 0x3, 0xca, 0x64, 0x40, 0xf,
    0x5d, 0x8e, 0x80, 0x38, 0x8d, 0x6d, 0x40, 0x39,
    0x48, 0x8a, 0x44, 0x0, 0xd6, 0xa0, 0x43, 0x40,
    0x10, 0x9d, 0x80, 0x1d, 0x40, 0x26, 0xc, 0xff,
    0x31, 0x10, 0x1, 0x6b, 0xbb, 0x60, 0x50, 0x9,
    0xf9, 0x14, 0x6a, 0xa0, 0x60, 0x50, 0xd, 0xe4,
    0x4b, 0x40, 0xe, 0x40, 0x50,

    /* U+0101 "ā" */
    0x0, 0x4f, 0xfe, 0x20, 0x4, 0xf7, 0x62, 0x0,
    0x84, 0x70, 0x4, 0xfb, 0xfc, 0xe0, 0x7, 0xbb,
    0x63, 0x42, 0x3, 0xe3, 0x1c, 0x17, 0x0, 0x42,
    0xb0, 0x62, 0x3, 0x7f, 0xf1, 0x80, 0x34, 0x3a,
    0x9d, 0x80, 0x7, 0xa0, 0x13, 0x80, 0x6, 0x8d,
    0x2c, 0xc0, 0x1a, 0x39, 0x3c, 0xe0,

    /* U+0102 "Ă" */
    0x0, 0x20, 0x80, 0xc, 0x80, 0x36, 0x58, 0xf,
    0x8, 0x6, 0x80, 0xef, 0xb3, 0x0, 0xea, 0xee,
    0x30, 0x7, 0x8b, 0xf4, 0x3, 0xe5, 0x32, 0x20,
    0x7, 0xae, 0xc7, 0x40, 0x1c, 0x46, 0xb6, 0xa0,
    0x1c, 0xa4, 0x45, 0x22, 0x0, 0x6b, 0x50, 0x21,
    0xa0, 0x8, 0x4e, 0xc0, 0xe, 0xa0, 0x13, 0x6,
    0x7f, 0x98, 0x88, 0x0, 0xb5, 0xdd, 0xb0, 0x28,
    0x4, 0xfc, 0x8a, 0x35, 0x50, 0x30, 0x28, 0x6,
    0xf2, 0x25, 0xa0, 0x7, 0x20, 0x28,

    /* U+0103 "ă" */
    0x0, 0x60, 0x4, 0xcc, 0x0, 0x34, 0x81, 0x42,
    0x80, 0x2c, 0xbf, 0x20, 0xc0, 0x3, 0x7f, 0xcc,
    0x1, 0xff, 0x3e, 0xff, 0x38, 0x1, 0xee, 0xd8,
    0xd0, 0x80, 0xf8, 0xc7, 0x5, 0xc0, 0x10, 0xac,
    0x18, 0x80, 0xdf, 0xfc, 0x60, 0xd, 0xe, 0xa7,
    0x60, 0x1, 0xe8, 0x4, 0xe0, 0x1, 0xa3, 0x4b,
    0x30, 0x6, 0x8e, 0x4f, 0x38, 0x0,

    /* U+0110 "Đ" */
    0x0, 0x7f, 0xed, 0x81, 0x0, 0xe6, 0xcb, 0xa6,
    0xc1, 0x0, 0xdc, 0x68, 0xf8, 0x74, 0x1, 0xf8,
    0xa5, 0x8, 0x3, 0xf2, 0x3, 0xae, 0x4, 0xe6,
    0x4, 0x8, 0x9, 0x70, 0x27, 0x30, 0x20, 0x1f,
    0xfc, 0x2, 0x2, 0x0, 0xfd, 0x60, 0x80, 0x1f,
    0x13, 0xa8, 0x80, 0x5c, 0x69, 0x1a, 0x56, 0x1,
    0x9b, 0x2d, 0x5f, 0x4, 0x0,

    /* U+0111 "đ" */
    0x0, 0xfb, 0xdc, 0x3, 0xff, 0x87, 0x7b, 0xa0,
    0x99, 0x0, 0x6b, 0xdd, 0x4, 0xc8, 0x3, 0xff,
    0x80, 0xbb, 0xfc, 0xc0, 0x19, 0x69, 0xee, 0xb4,
    0x3, 0x59, 0xd2, 0x22, 0xc0, 0x21, 0x15, 0x0,
    0x7c, 0x60, 0x1f, 0xc4, 0x38, 0x1, 0x8, 0x6,
    0x95, 0x94, 0x5c, 0x0, 0xcf, 0xf, 0x73, 0x22,
    0x0, 0x0,

    /* U+0112 "Ē" */
    0x3, 0xee, 0xd0, 0x0, 0x3f, 0xfd, 0x0, 0xdf,
    0xdd, 0xbd, 0x80, 0x15, 0x77, 0x9c, 0x0, 0x89,
    0xc2, 0x1, 0xfe, 0x30, 0xf, 0xb7, 0xfe, 0x80,
    0xa, 0xf3, 0x2a, 0x0, 0x94, 0xce, 0x20, 0xf,
    0xfe, 0x3a, 0x27, 0x10, 0x2, 0xae, 0xf5, 0x0,

    /* U+0113 "ē" */
    0x0, 0x57, 0xfe, 0x10, 0xa, 0xbb, 0xb0, 0x80,
    0x61, 0x1c, 0x1, 0x8f, 0x3f, 0xa0, 0x2, 0x3c,
    0x6c, 0xb6, 0x80, 0x7, 0xa5, 0x1a, 0xc3, 0x0,
    0x9f, 0x0, 0x48, 0x24, 0x61, 0x5d, 0xd6, 0x0,
    0xc, 0x27, 0xff, 0x71, 0x9, 0xe8, 0x8f, 0x0,
    0x3d, 0x29, 0xd, 0x98, 0x0, 0x3c, 0x1b, 0xca,
    0x20,

    /* U+011A "Ě" */
    0x1, 0x40, 0x0, 0xa0, 0x5, 0x2c, 0x58, 0x20,
    0x1, 0xf8, 0xdb, 0x50, 0x8, 0xbb, 0xd8, 0x0,
    0xdf, 0xfe, 0x60, 0x5, 0x5d, 0xe7, 0x0, 0x22,
    0x70, 0x80, 0x7f, 0x8c, 0x3, 0xed, 0xff, 0xa0,
    0x2, 0xbc, 0xca, 0x80, 0x25, 0x33, 0x88, 0x3,
    0xff, 0x8e, 0x89, 0xc4, 0x0, 0xab, 0xbd, 0x40,

    /* U+011B "ě" */
    0x0, 0x28, 0x4, 0x82, 0x1, 0x7d, 0x82, 0x51,
    0x80, 0x54, 0xf9, 0x74, 0x40, 0x1b, 0x52, 0x90,
    0x3, 0x86, 0x14, 0x3, 0x8f, 0x3f, 0xa0, 0x2,
    0x3c, 0x6c, 0xb6, 0x80, 0x7, 0xa5, 0x1a, 0xc3,
    0x0, 0x9f, 0x0, 0x48, 0x24, 0x61, 0x5d, 0xd6,
    0x0, 0xc, 0x27, 0xff, 0x71, 0x9, 0xe8, 0x8f,
    0x0, 0x3d, 0x29, 0xd, 0x98, 0x0, 0x3c, 0x1b,
    0xca, 0x20,

    /* U+0128 "Ĩ" */
    0x3d, 0xe7, 0x9, 0x68, 0xbd, 0xbf, 0x77, 0x5b,
    0x1e, 0x77, 0x4, 0x0, 0xde, 0x1, 0xff, 0xff,
    0x0, 0xe0,

    /* U+0129 "ĩ" */
    0x4f, 0xe6, 0xd, 0x38, 0xaa, 0x5f, 0x89, 0xea,
    0xa6, 0xf6, 0x0, 0x80, 0x42, 0x1, 0xa3, 0xc0,
    0x3f, 0xfd, 0xe0,

    /* U+012A "Ī" */
    0xe, 0xed, 0x41, 0xff, 0xac, 0x5, 0xf8, 0x4,
    0x3, 0xff, 0xec,

    /* U+012B "ī" */
    0x2f, 0xfd, 0x25, 0xdd, 0xa4, 0x4, 0x70, 0x5,
    0x1e, 0x1, 0xff, 0xe6,

    /* U+0143 "Ń" */
    0x0, 0xe1, 0x90, 0xf, 0xe, 0x28, 0x80, 0x75,
    0x26, 0x8, 0x7, 0x54, 0x80, 0x4d, 0xec, 0x2,
    0x0, 0x7f, 0x0, 0x40, 0x7, 0xc2, 0x70, 0x1,
    0xf4, 0x39, 0x0, 0x70, 0xa9, 0xc0, 0x7, 0xde,
    0xa6, 0x1, 0xe3, 0x5f, 0x0, 0xfa, 0xd, 0x44,
    0x3, 0x89, 0xe0, 0x3, 0xe8, 0x3d, 0x0, 0xfa,
    0x10, 0x3, 0xe6, 0x20,

    /* U+0144 "ń" */
    0x0, 0xe1, 0x0, 0xf0, 0xe4, 0x0, 0x75, 0x4,
    0x80, 0x68, 0x6c, 0x10, 0xd, 0x38, 0x20, 0x1c,
    0x22, 0x0, 0xa2, 0xcf, 0x3f, 0x98, 0x0, 0x9d,
    0xfc, 0xf2, 0x20, 0xc, 0x31, 0xb0, 0x40, 0x0,
    0x80, 0x8, 0xc, 0x3, 0xff, 0xb8,

    /* U+0147 "Ň" */
    0x0, 0x19, 0x0, 0x8, 0x80, 0x1b, 0xd, 0x30,
    0x3, 0x1d, 0x65, 0xe9, 0x0, 0x64, 0xff, 0x18,
    0x1, 0xbd, 0x80, 0x33, 0xf8, 0x2, 0x0, 0x3e,
    0x13, 0x80, 0xf, 0xa1, 0xc8, 0x3, 0x85, 0x4e,
    0x0, 0x3e, 0xf5, 0x30, 0xf, 0x1a, 0xf8, 0x7,
    0xd0, 0x6a, 0x20, 0x1c, 0x4f, 0x0, 0x1f, 0x41,
    0xe8, 0x7, 0xd0, 0x80, 0x1f, 0x31, 0x0,

    /* U+0148 "ň" */
    0x1, 0x40, 0x9, 0x40, 0x7, 0x48, 0x17, 0x80,
    0x2, 0xab, 0xc7, 0x90, 0x9, 0x29, 0x34, 0x3,
    0x96, 0x4, 0x1, 0x16, 0x79, 0xfc, 0xc0, 0x4,
    0xef, 0xe7, 0x91, 0x0, 0x61, 0x8d, 0x82, 0x0,
    0x4, 0x0, 0x40, 0x60, 0x1f, 0xfd, 0xc0,

    /* U+014C "Ō" */
    0x0, 0x9b, 0xbb, 0x20, 0x7, 0x37, 0xfe, 0x40,
    0xf, 0x8, 0xe0, 0xf, 0x2e, 0x7f, 0xad, 0x0,
    0x34, 0xd3, 0x54, 0x85, 0xb0, 0x1, 0x1a, 0x29,
    0x5a, 0xda, 0x48, 0x3c, 0x9c, 0x3, 0x48, 0x58,
    0x22, 0x0, 0x3c, 0x88, 0x0, 0x70, 0x7, 0x88,
    0xc0, 0x3f, 0xf8, 0x3c, 0x1, 0xe2, 0x20, 0x23,
    0x80, 0x70, 0xa2, 0x3, 0xc6, 0x0, 0x35, 0x85,
    0x2, 0x3b, 0xa9, 0x55, 0x6b, 0x24, 0x0, 0x8a,
    0x6a, 0xa0, 0x5b, 0x0,

    /* U+014D "ō" */
    0x0, 0x47, 0xfe, 0x30, 0xa, 0x3b, 0xb1, 0x80,
    0x61, 0x1c, 0x1, 0x8e, 0xff, 0xa8, 0x40, 0x7,
    0x81, 0x76, 0x7c, 0x0, 0x79, 0xda, 0x2f, 0x93,
    0x89, 0xd8, 0x4, 0x49, 0x66, 0x4, 0x1, 0x84,
    0x46, 0x4, 0x1, 0x84, 0x63, 0xb0, 0x8, 0x92,
    0xc3, 0xce, 0x91, 0x7c, 0x9c, 0xf, 0x1a, 0xec,
    0xf8, 0x0,

    /* U+014E "Ŏ" */
    0x0, 0x90, 0x80, 0x6, 0x60, 0xe, 0x29, 0x1,
    0xf7, 0x0, 0xe6, 0x2e, 0xfb, 0x40, 0xf, 0x4f,
    0x71, 0xc0, 0x3c, 0xb9, 0xfe, 0xb4, 0x0, 0xd3,
    0x4d, 0x52, 0x16, 0xc0, 0x4, 0x68, 0xa5, 0x6b,
    0x69, 0x20, 0xf2, 0x70, 0xd, 0x21, 0x60, 0x88,
    0x0, 0xf2, 0x20, 0x1, 0xc0, 0x1e, 0x23, 0x0,
    0xff, 0xe0, 0xf0, 0x7, 0x88, 0x80, 0x8e, 0x1,
    0xc2, 0x88, 0xf, 0x18, 0x0, 0xd6, 0x14, 0x8,
    0xee, 0xa5, 0x55, 0xac, 0x90, 0x2, 0x29, 0xaa,
    0x81, 0x6c, 0x0,

    /* U+014F "ŏ" */
    0x0, 0x58, 0x80, 0x15, 0xc0, 0x22, 0xb0, 0x28,
    0x30, 0xa, 0x43, 0xf2, 0x90, 0x3, 0x57, 0xf3,
    0x80, 0x7f, 0xf0, 0x4e, 0xff, 0xa8, 0x40, 0x7,
    0x81, 0x76, 0x7c, 0x0, 0x79, 0xda, 0x2f, 0x93,
    0x89, 0xd8, 0x4, 0x49, 0x66, 0x4, 0x1, 0x84,
    0x46, 0x4, 0x1, 0x84, 0x63, 0xb0, 0x8, 0x92,
    0xc3, 0xce, 0x91, 0x7c, 0x9c, 0xf, 0x1a, 0xec,
    0xf8, 0x0,

    /* U+0152 "Œ" */
    0x0, 0x92, 0xbb, 0xff, 0xf0, 0x80, 0x1e, 0xda,
    0x2d, 0xc2, 0xae, 0xf0, 0x82, 0x43, 0xe3, 0x26,
    0x83, 0xa2, 0x60, 0x7, 0x8c, 0x0, 0x7f, 0xf0,
    0x11, 0xc0, 0x3f, 0xf8, 0x5c, 0x1, 0xed, 0xff,
    0x90, 0x3, 0xfd, 0x59, 0x92, 0x80, 0x5c, 0x1,
    0xe7, 0x33, 0x84, 0x0, 0xae, 0x1, 0xff, 0xc1,
    0x91, 0x90, 0xf, 0xfe, 0x1, 0xc3, 0x63, 0x26,
    0x83, 0xa2, 0x61, 0x0, 0x3e, 0x34, 0x5b, 0x85,
    0x5d, 0xe5,

    /* U+0153 "œ" */
    0x0, 0x26, 0x7f, 0x38, 0x2, 0x7f, 0xd4, 0x1,
    0x25, 0xb5, 0xc4, 0xbd, 0x25, 0x51, 0xe8, 0x1,
    0x27, 0x48, 0xd5, 0xb, 0x8a, 0xae, 0x51, 0x11,
    0x50, 0x4, 0x82, 0xa2, 0x0, 0x30, 0x53, 0x3,
    0x0, 0xc4, 0xbf, 0xf8, 0x0, 0x60, 0x60, 0x18,
    0x97, 0xff, 0x90, 0x4a, 0x80, 0x24, 0x15, 0x10,
    0xf, 0x49, 0xd1, 0xad, 0x3a, 0x62, 0x9b, 0x40,
    0x1, 0x2d, 0xb2, 0xda, 0x2d, 0x6f, 0x2b, 0x80,

    /* U+0168 "Ũ" */
    0x0, 0x57, 0x51, 0x1e, 0x0, 0x11, 0xbc, 0xb7,
    0x28, 0x0, 0x98, 0x31, 0xfc, 0xc0, 0xfe, 0x1,
    0x85, 0xfc, 0x3, 0xff, 0xd4, 0x20, 0x20, 0x1e,
    0x20, 0x20, 0xd, 0xc4, 0xa1, 0x40, 0x10, 0xba,
    0xb, 0xb5, 0x2b, 0x60, 0xd8, 0x44, 0x1e, 0xa5,
    0xb4, 0x80,

    /* U+0169 "ũ" */
    0xa, 0xfc, 0x33, 0x68, 0x12, 0x6d, 0xe6, 0x2c,
    0xb, 0xc9, 0xff, 0xcc, 0x0, 0x10, 0xf, 0x56,
    0x80, 0x47, 0xe8, 0x1, 0xff, 0xdc, 0x33, 0x0,
    0x48, 0x0, 0xc1, 0x94, 0x9b, 0x0, 0x2b, 0x32,
    0xc3, 0x0, 0x0,

    /* U+016A "Ū" */
    0x0, 0x4f, 0x76, 0x20, 0xa, 0x7f, 0xf1, 0x0,
    0x61, 0x1c, 0x0, 0x7f, 0x0, 0xe7, 0xf0, 0xf,
    0xff, 0x50, 0x80, 0x80, 0x78, 0x80, 0x80, 0x37,
    0x12, 0x85, 0x0, 0x42, 0xe8, 0x2e, 0xd4, 0xad,
    0x83, 0x61, 0x10, 0x7a, 0x96, 0xd2,

    /* U+016B "ū" */
    0x8, 0xff, 0xc6, 0x0, 0x8e, 0xec, 0x60, 0x10,
    0x8e, 0x0, 0x56, 0x80, 0x47, 0xe8, 0x1, 0xff,
    0xdc, 0x33, 0x0, 0x48, 0x0, 0xc1, 0x94, 0x9b,
    0x0, 0x2b, 0x32, 0xc3, 0x0, 0x0,

    /* U+016C "Ŭ" */
    0x0, 0x28, 0x4, 0x84, 0x1, 0x64, 0x1, 0x50,
    0x6, 0x82, 0xfc, 0xb2, 0x0, 0x86, 0xbf, 0x94,
    0x0, 0xfe, 0x1, 0xcf, 0xe0, 0x1f, 0xfe, 0xa1,
    0x1, 0x0, 0xf1, 0x1, 0x0, 0x6e, 0x25, 0xa,
    0x0, 0x85, 0xd0, 0x5d, 0xa9, 0x5b, 0x6, 0xc2,
    0x20, 0xf5, 0x2d, 0xa4,

    /* U+016D "ŭ" */
    0xb, 0x10, 0x2, 0xb8, 0x0, 0xac, 0xa, 0xc,
    0x1, 0x3, 0xf9, 0x48, 0x0, 0x1b, 0xfe, 0x70,
    0xf, 0xf5, 0x68, 0x4, 0x7e, 0x80, 0x1f, 0xfd,
    0xc3, 0x30, 0x4, 0x80, 0xc, 0x19, 0x49, 0xb0,
    0x2, 0xb3, 0x2c, 0x30, 0x0,

    /* U+0192 "ƒ" */
    0x0, 0xea, 0xfe, 0x10, 0xd, 0xb, 0x56, 0x20,
    0x19, 0x9d, 0x54, 0x1, 0x84, 0x5a, 0x1, 0xe2,
    0x6, 0x0, 0xee, 0xc0, 0xcf, 0x60, 0xb, 0x1c,
    0x37, 0x4c, 0x1, 0x10, 0x9, 0x10, 0x3, 0x84,
    0x80, 0x3e, 0x26, 0x0, 0xf9, 0x88, 0x3, 0xe2,
    0xe0, 0xf, 0x40, 0x38, 0x6, 0x9f, 0x79, 0x10,
    0xd, 0x3b, 0xcc, 0x1, 0xc0,

    /* U+01A0 "Ơ" */
    0x0, 0xff, 0x20, 0x7, 0xf9, 0x6c, 0x3, 0xff,
    0x88, 0xb9, 0xfe, 0xc8, 0xb9, 0x0, 0xa2, 0x9a,
    0xa8, 0xee, 0x66, 0x0, 0xd, 0xdd, 0x4a, 0xab,
    0x77, 0x18, 0x2, 0x46, 0x0, 0x34, 0xc, 0x80,
    0x11, 0x0, 0x1e, 0x47, 0x0, 0x9, 0x0, 0x78,
    0x88, 0x1, 0xff, 0xc2, 0x12, 0x0, 0xf1, 0x90,
    0x1, 0x10, 0x1, 0xe4, 0x40, 0x2, 0x46, 0x0,
    0x34, 0x85, 0x80, 0xe, 0x1e, 0xd5, 0x56, 0xd0,
    0x40, 0x13, 0xdb, 0xd5, 0x1e, 0xdc, 0x0,

    /* U+01A1 "ơ" */
    0x0, 0xfd, 0x44, 0x1, 0xf9, 0x5c, 0x3, 0xe2,
    0x7, 0x0, 0x1d, 0xff, 0x5f, 0xd1, 0x1, 0xe0,
    0x5d, 0x98, 0x14, 0x1, 0xe7, 0x68, 0xbe, 0x4e,
    0x2, 0x76, 0x1, 0x12, 0x58, 0x18, 0x10, 0x6,
    0x11, 0x1, 0x81, 0x0, 0x61, 0x10, 0x9, 0xd8,
    0x4, 0x49, 0x60, 0xf, 0x3a, 0x45, 0xf2, 0x70,
    0x1, 0xe3, 0x5d, 0x9f, 0x0, 0x0,

    /* U+01AF "Ư" */
    0x0, 0xff, 0xe4, 0xa6, 0x80, 0x7f, 0xc4, 0x1,
    0xfc, 0x3c, 0x80, 0xfe, 0x1, 0xcf, 0xdb, 0x60,
    0x1f, 0xe7, 0x0, 0xff, 0xf9, 0x8, 0x8, 0x7,
    0xf1, 0x1, 0x0, 0x6e, 0x20, 0x9, 0x42, 0x80,
    0x21, 0x74, 0x0, 0x85, 0xda, 0x95, 0xb0, 0x6c,
    0x3, 0x44, 0x1e, 0xa5, 0xb4, 0x80, 0x20,

    /* U+01B0 "ư" */
    0x0, 0xfc, 0x20, 0x1f, 0x36, 0x0, 0x7c, 0x64,
    0x1, 0xe1, 0x96, 0xad, 0x0, 0x8f, 0x92, 0x40,
    0x3e, 0xc0, 0xf, 0xfe, 0xc9, 0x98, 0x2, 0x40,
    0xb, 0x6, 0x52, 0x6c, 0x2, 0x56, 0x65, 0x86,
    0x0, 0x40,

    /* U+01CD "Ǎ" */
    0x0, 0x20, 0x80, 0xc, 0x40, 0x3b, 0x9, 0xb8,
    0x3, 0x92, 0xf6, 0x3c, 0x40, 0x39, 0xbf, 0x88,
    0x3, 0xc5, 0xfa, 0x1, 0xf2, 0x99, 0x10, 0x3,
    0xd7, 0x63, 0xa0, 0xe, 0x23, 0x5b, 0x50, 0xe,
    0x52, 0x22, 0x91, 0x0, 0x35, 0xa8, 0x10, 0xd0,
    0x4, 0x27, 0x60, 0x7, 0x50, 0x9, 0x83, 0x3f,
    0xcc, 0x44, 0x0, 0x5a, 0xee, 0xd8, 0x14, 0x2,
    0x7e, 0x45, 0x1a, 0xa8, 0x18, 0x14, 0x3, 0x79,
    0x12, 0xd0, 0x3, 0x90, 0x14,

    /* U+01CE "ǎ" */
    0x0, 0x28, 0x4, 0x64, 0x0, 0xcb, 0x4, 0xd0,
    0xa, 0x43, 0x2e, 0xc4, 0x1, 0x52, 0x52, 0x80,
    0x61, 0x85, 0x0, 0xcf, 0xbf, 0xce, 0x0, 0x7b,
    0xb6, 0x34, 0x20, 0x3e, 0x31, 0xc1, 0x70, 0x4,
    0x2b, 0x6, 0x20, 0x37, 0xff, 0x18, 0x3, 0x43,
    0xa9, 0xd8, 0x0, 0x7a, 0x1, 0x38, 0x0, 0x68,
    0xd2, 0xcc, 0x1, 0xa3, 0x93, 0xce, 0x0,

    /* U+01CF "Ǐ" */
    0x4, 0x0, 0x94, 0x1, 0xf0, 0x39, 0xa0, 0xb,
    0x5e, 0x58, 0x0, 0xb7, 0xe4, 0x3, 0x37, 0x88,
    0x7, 0xff, 0xfc, 0x3, 0x0,

    /* U+01D0 "ǐ" */
    0x23, 0x0, 0x94, 0x35, 0x2, 0xf4, 0xae, 0xda,
    0x10, 0xb, 0x55, 0x0, 0x4a, 0xe2, 0x1, 0x47,
    0x80, 0x7f, 0xf9, 0x80,

    /* U+01D1 "Ǒ" */
    0x0, 0x8c, 0x80, 0x6, 0x40, 0x1e, 0xc3, 0x4d,
    0x0, 0xf1, 0xd6, 0x5e, 0x90, 0x7, 0x93, 0xfc,
    0x60, 0x1e, 0x5c, 0xff, 0x5a, 0x0, 0x69, 0xa6,
    0xa9, 0xb, 0x60, 0x2, 0x34, 0x52, 0xb5, 0xb4,
    0x90, 0x79, 0x38, 0x6, 0x90, 0xb0, 0x44, 0x0,
    0x79, 0x10, 0x0, 0xe0, 0xf, 0x11, 0x80, 0x7f,
    0xf0, 0x78, 0x3, 0xc4, 0x40, 0x47, 0x0, 0xe1,
    0x44, 0x7, 0x8c, 0x0, 0x6b, 0xa, 0x4, 0x77,
    0x52, 0xaa, 0xd6, 0x48, 0x1, 0x14, 0xd5, 0x40,
    0xb6, 0x0,

    /* U+01D2 "ǒ" */
    0x0, 0x28, 0x4, 0x64, 0x1, 0x6e, 0x1, 0xe8,
    0x80, 0x50, 0xfb, 0x90, 0x60, 0x1a, 0xea, 0x58,
    0x3, 0xce, 0xc0, 0x1c, 0x77, 0xfd, 0x42, 0x0,
    0x3c, 0xb, 0xb3, 0xe0, 0x3, 0xce, 0xd1, 0x7c,
    0x9c, 0x4e, 0xc0, 0x22, 0x4b, 0x30, 0x20, 0xc,
    0x22, 0x30, 0x20, 0xc, 0x23, 0x1d, 0x80, 0x44,
    0x96, 0x1e, 0x74, 0x8b, 0xe4, 0xe0, 0x78, 0xd7,
    0x67, 0xc0,

    /* U+01D3 "Ǔ" */
    0x0, 0x20, 0x80, 0x10, 0x40, 0x22, 0xc2, 0x79,
    0x0, 0xcd, 0x5b, 0x38, 0x20, 0x19, 0xff, 0x84,
    0x0, 0xfe, 0x1, 0xcf, 0xe0, 0x1f, 0xfe, 0xa1,
    0x1, 0x0, 0xf1, 0x1, 0x0, 0x6e, 0x25, 0xa,
    0x0, 0x85, 0xd0, 0x5d, 0xa9, 0x5b, 0x6, 0xc2,
    0x20, 0xf5, 0x2d, 0xa4,

    /* U+01D4 "ǔ" */
    0x5, 0x0, 0x8c, 0x80, 0x1b, 0x80, 0x7a, 0x20,
    0x8, 0x7d, 0xc8, 0x30, 0xa, 0xea, 0x58, 0x3,
    0x9d, 0x80, 0x2a, 0xd0, 0x8, 0xfd, 0x0, 0x3f,
    0xfb, 0x86, 0x60, 0x9, 0x0, 0x18, 0x32, 0x93,
    0x60, 0x5, 0x66, 0x58, 0x60, 0x0,

    /* U+01D5 "Ǖ" */
    0x0, 0x46, 0xee, 0x10, 0xa, 0x37, 0x70, 0x80,
    0x4c, 0xa0, 0x8, 0x20, 0xb, 0x70, 0x5, 0x98,
    0x1, 0x5c, 0x80, 0xf2, 0x3, 0xf8, 0x7, 0x3f,
    0x80, 0x7f, 0xfa, 0x84, 0x4, 0x3, 0xc4, 0x4,
    0x1, 0xb8, 0x94, 0x28, 0x2, 0x17, 0x41, 0x76,
    0xa5, 0x6c, 0x1b, 0x8, 0x83, 0xd4, 0xb6, 0x90,

    /* U+01D6 "ǖ" */
    0x6, 0xdd, 0xc4, 0x0, 0x6d, 0xdc, 0x40, 0x1f,
    0xe8, 0xc0, 0x2e, 0x30, 0x6, 0x50, 0x13, 0x10,
    0x1, 0x18, 0x1, 0x2, 0x15, 0xa0, 0x11, 0xfa,
    0x0, 0x7f, 0xf7, 0xc, 0xc0, 0x12, 0x0, 0x30,
    0x65, 0x26, 0xc0, 0xa, 0xcc, 0xb0, 0xc0, 0x0,

    /* U+01D7 "Ǘ" */
    0x0, 0xe3, 0x10, 0xf, 0x16, 0xa0, 0x7, 0xa2,
    0xd4, 0x3, 0x32, 0xd2, 0xc1, 0x0, 0x5b, 0x80,
    0x2c, 0xc0, 0xa, 0xe4, 0x7, 0x90, 0x1f, 0xc0,
    0x39, 0xfc, 0x3, 0xff, 0xd4, 0x20, 0x20, 0x1e,
    0x20, 0x20, 0xd, 0xc4, 0xa1, 0x40, 0x10, 0xba,
    0xb, 0xb5, 0x2b, 0x60, 0xd8, 0x44, 0x1e, 0xa5,
    0xb4, 0x80,

    /* U+01D8 "ǘ" */
    0x0, 0xd6, 0x40, 0x1c, 0xe2, 0x40, 0x1c, 0x74,
    0x1, 0xa3, 0x10, 0xb8, 0xc0, 0x19, 0x40, 0x4c,
    0x40, 0x4, 0x60, 0x4, 0x8, 0x56, 0x80, 0x47,
    0xe8, 0x1, 0xff, 0xdc, 0x33, 0x0, 0x48, 0x0,
    0xc1, 0x94, 0x9b, 0x0, 0x2b, 0x32, 0xc3, 0x0,
    0x0,

    /* U+01D9 "Ǚ" */
    0x0, 0x22, 0x0, 0x10, 0x1, 0x96, 0x65, 0xbc,
    0x1, 0x87, 0x3a, 0x18, 0x3, 0x32, 0x3a, 0xc1,
    0x0, 0x5b, 0x80, 0x2c, 0xc0, 0xa, 0xe4, 0x7,
    0x90, 0x1f, 0xc0, 0x39, 0xfc, 0x3, 0xff, 0xd4,
    0x20, 0x20, 0x1e, 0x20, 0x20, 0xd, 0xc4, 0xa1,
    0x40, 0x10, 0xba, 0xb, 0xb5, 0x2b, 0x60, 0xd8,
    0x44, 0x1e, 0xa5, 0xb4, 0x80,

    /* U+01DA "ǚ" */
    0x0, 0xfe, 0x2c, 0x25, 0xc0, 0x8, 0xa3, 0x23,
    0x40, 0x32, 0x76, 0x88, 0x5, 0x18, 0x5, 0xc6,
    0x0, 0xca, 0x2, 0x62, 0x0, 0x23, 0x0, 0x20,
    0x42, 0xb4, 0x2, 0x3f, 0x40, 0xf, 0xfe, 0xe1,
    0x98, 0x2, 0x40, 0x6, 0xc, 0xa4, 0xd8, 0x1,
    0x59, 0x96, 0x18, 0x0,

    /* U+01DB "Ǜ" */
    0x0, 0x94, 0x3, 0xf4, 0xc8, 0x3, 0xec, 0x23,
    0x0, 0xe6, 0x5b, 0x38, 0x20, 0xb, 0x70, 0x5,
    0x98, 0x1, 0x5c, 0x80, 0xf2, 0x3, 0xf8, 0x7,
    0x3f, 0x80, 0x7f, 0xfa, 0x84, 0x4, 0x3, 0xc4,
    0x4, 0x1, 0xb8, 0x94, 0x28, 0x2, 0x17, 0x41,
    0x76, 0xa5, 0x6c, 0x1b, 0x8, 0x83, 0xd4, 0xb6,
    0x90,

    /* U+01DC "ǜ" */
    0x0, 0x33, 0x80, 0x79, 0xe8, 0xc0, 0x38, 0x7c,
    0x40, 0x34, 0x61, 0x7, 0x18, 0x3, 0x28, 0x9,
    0x88, 0x0, 0x8c, 0x0, 0x81, 0xa, 0xd0, 0x8,
    0xfd, 0x0, 0x3f, 0xfb, 0x86, 0x60, 0x9, 0x0,
    0x18, 0x32, 0x93, 0x60, 0x5, 0x66, 0x58, 0x60,
    0x0,

    /* U+01F8 "Ǹ" */
    0x0, 0xa4, 0x3, 0xe2, 0x4c, 0x10, 0xe, 0x2d,
    0x6b, 0x0, 0xfa, 0xac, 0x2, 0x6f, 0x60, 0x0,
    0x83, 0xf8, 0x2, 0x0, 0x3e, 0x13, 0x80, 0xf,
    0xa1, 0xc8, 0x3, 0x85, 0x4e, 0x0, 0x3e, 0xf5,
    0x30, 0xf, 0x1a, 0xf8, 0x7, 0xd0, 0x6a, 0x20,
    0x1c, 0x4f, 0x0, 0x1f, 0x41, 0xe8, 0x7, 0xd0,
    0x80, 0x1f, 0x31, 0x0,

    /* U+01F9 "ǹ" */
    0x0, 0x8, 0x7, 0x87, 0xd8, 0x3, 0x86, 0x25,
    0x0, 0x39, 0xa6, 0x84, 0x3, 0x9b, 0x44, 0x3,
    0xc6, 0x1, 0x45, 0x9e, 0x7f, 0x30, 0x1, 0x3b,
    0xf9, 0xe4, 0x40, 0x18, 0x63, 0x60, 0x80, 0x1,
    0x0, 0x10, 0x18, 0x7, 0xff, 0x70,

    /* U+0251 "ɑ" */
    0x0, 0x26, 0x7e, 0xb6, 0x38, 0x0, 0xed, 0xee,
    0x28, 0xc0, 0x2f, 0x2b, 0x45, 0xc0, 0x8, 0x4e,
    0x80, 0x3e, 0x30, 0x20, 0xf, 0x8c, 0x8, 0x3,
    0xe1, 0x2b, 0x0, 0x84, 0x3, 0x59, 0xd2, 0x2e,
    0x7, 0x0, 0x1a, 0x5e, 0xe7, 0xa1, 0x8c,

    /* U+0261 "ɡ" */
    0x0, 0x1e, 0x7f, 0x36, 0xb8, 0x1e, 0x3d, 0xda,
    0x88, 0x1, 0xe5, 0x68, 0xb8, 0x0, 0x13, 0xa0,
    0xf, 0x18, 0x10, 0x7, 0x8c, 0x8, 0x3, 0xc2,
    0x56, 0x1, 0x10, 0x5, 0x67, 0x48, 0xd8, 0x1,
    0x34, 0xbd, 0xd6, 0x80, 0x66, 0xdf, 0xc3, 0x0,
    0xfc, 0x80, 0x60, 0x76, 0xa6, 0xb2, 0x48, 0x4,
    0x48, 0xcb, 0x4c, 0x0,

    /* U+02BB "ʻ" */
    0x8, 0x17, 0x11, 0x4c, 0x0, 0xe8, 0x29, 0x0,

    /* U+02C7 "ˇ" */
    0xe, 0x80, 0x8, 0x7a, 0x2, 0x9c, 0x80, 0x10,
    0x70, 0x8, 0xb2, 0x4, 0xdc, 0x1, 0x5a, 0xab,
    0x98, 0xc0, 0x21, 0xba, 0x29, 0x0, 0xe5, 0x4b,
    0x0, 0xfa, 0x94, 0x2,

    /* U+02C9 "ˉ" */
    0xc, 0xcf, 0x0,

    /* U+02CA "ˊ" */
    0x0, 0xe4, 0x50, 0xc, 0xb6, 0x20, 0x13, 0x55,
    0xa0, 0x2, 0x26, 0xd0, 0x1, 0x2f, 0x68, 0x1,
    0x1d, 0xa0, 0x4,

    /* U+02CB "ˋ" */
    0x0, 0xf8, 0x79, 0xc0, 0x30, 0xc4, 0x40, 0x19,
    0xb1, 0xa8, 0x3, 0x1e, 0x3d, 0x80, 0x62, 0xd1,
    0xa0, 0xe, 0xab,

    /* U+02D9 "˙" */
    0x0, 0xc5, 0xdc, 0x25, 0x11, 0x2a, 0x84, 0x4a,

    /* U+02EA "˪" */
    0x4b, 0x0, 0xc2, 0xa0, 0x1f, 0xfd, 0x71, 0xff,
    0xad, 0x33, 0x34, 0x80,

    /* U+02EB "˫" */
    0x14, 0x0, 0xc9, 0x40, 0x1f, 0xfc, 0x51, 0xff,
    0xac, 0x7, 0x32, 0x90, 0x1, 0x9c, 0x40, 0x1f,
    0xfc, 0x4, 0xc0, 0xc,

    /* U+0300 "̀" */
    0x5, 0x0, 0xe1, 0xbc, 0x10, 0x8, 0x7c, 0x30,
    0x80, 0x21, 0xc7, 0xc3, 0x0, 0xd5, 0x38, 0x80,
    0x19, 0xeb, 0x0,

    /* U+0301 "́" */
    0x0, 0xff, 0xe0, 0x4c, 0x0, 0x6b, 0x59, 0x0,
    0xe, 0x3e, 0x88, 0xe, 0xe, 0x88, 0x3, 0x3,
    0x4, 0x2, 0x9c, 0x10, 0x8,

    /* U+0304 "̄" */
    0x5f, 0xfc, 0xaa, 0xdd, 0xca,

    /* U+0307 "̇" */
    0x0, 0xc9, 0xf8, 0x1c, 0x6, 0x9c, 0x6, 0x80,

    /* U+030C "̌" */
    0xe, 0x80, 0x8, 0x7a, 0x2, 0x9c, 0x80, 0x10,
    0x70, 0x8, 0xb2, 0x4, 0xdc, 0x1, 0x5a, 0xab,
    0x98, 0xc0, 0x21, 0x8a, 0x28, 0x0, 0xe6, 0x4b,
    0x10, 0xf, 0x52, 0x80, 0x40,

    /* U+0391 "Α" */
    0x0, 0x8b, 0xf4, 0x3, 0xe5, 0x32, 0x20, 0x7,
    0xae, 0xc7, 0x40, 0x1c, 0x46, 0xb6, 0xa0, 0x1c,
    0xa4, 0x45, 0x22, 0x0, 0x6b, 0x50, 0x21, 0xa0,
    0x8, 0x4e, 0xc0, 0xe, 0xa0, 0x13, 0x6, 0x7f,
    0x98, 0x88, 0x0, 0xb5, 0xdd, 0xb0, 0x28, 0x4,
    0xfc, 0x8a, 0x35, 0x50, 0x30, 0x28, 0x6, 0xf2,
    0x25, 0xa0, 0x7, 0x20, 0x28,

    /* U+0392 "Β" */
    0x6f, 0xfd, 0xb2, 0x20, 0x15, 0xee, 0x5b, 0xe8,
    0x4, 0xa4, 0x6d, 0x26, 0x20, 0x1e, 0x10, 0x10,
    0xe, 0x48, 0x60, 0xb, 0xbf, 0xd6, 0x70, 0x1,
    0x5e, 0xe5, 0x37, 0x90, 0x1, 0x48, 0xd6, 0xce,
    0x0, 0x3e, 0x76, 0x0, 0xf9, 0x18, 0x0, 0xa6,
    0x65, 0xc1, 0x80, 0x5, 0xe6, 0x2d, 0xb4, 0x80,

    /* U+0393 "Γ" */
    0x6f, 0xff, 0x30, 0x2, 0xae, 0xf3, 0x80, 0x11,
    0x38, 0x40, 0x3f, 0xff, 0x80,

    /* U+0394 "Δ" */
    0x0, 0xd9, 0xe8, 0x1, 0xe1, 0x32, 0xd0, 0xf,
    0x31, 0x43, 0x0, 0x7a, 0xd5, 0x1, 0x40, 0x31,
    0x1d, 0x8a, 0x78, 0x6, 0xa1, 0x30, 0xd5, 0x0,
    0xca, 0xc0, 0x7, 0x5, 0x0, 0x19, 0x58, 0x0,
    0x53, 0x80, 0x16, 0x46, 0x1, 0x6a, 0x8, 0x32,
    0x80, 0x67, 0x7, 0x41, 0xf4, 0x4c, 0xa5, 0x46,
    0x11, 0x77, 0xc4, 0x60,

    /* U+0395 "Ε" */
    0x6f, 0xff, 0x30, 0x2, 0xae, 0xf3, 0x80, 0x11,
    0x38, 0x40, 0x3f, 0xc6, 0x1, 0xf6, 0xff, 0xd0,
    0x1, 0x5e, 0x65, 0x40, 0x12, 0x99, 0xc4, 0x1,
    0xff, 0xc7, 0x44, 0xe2, 0x0, 0x55, 0xde, 0xa0,

    /* U+0396 "Ζ" */
    0xa, 0xff, 0xf6, 0x4, 0x5d, 0xe8, 0xa, 0x2,
    0x44, 0xd6, 0x6c, 0x1, 0xcc, 0x7c, 0x1, 0xc3,
    0x2e, 0x40, 0x1d, 0x45, 0x0, 0x1c, 0xa9, 0x20,
    0x1e, 0xb5, 0x40, 0xe, 0x90, 0xb0, 0xe, 0x36,
    0x81, 0x0, 0xee, 0x12, 0x44, 0xe3, 0x21, 0xbb,
    0xea,

    /* U+0397 "Η" */
    0x6f, 0x10, 0xc, 0xfe, 0x1, 0xff, 0xd5, 0x30,
    0xf, 0xed, 0xff, 0xd0, 0x1, 0xaf, 0x33, 0x30,
    0x6, 0x53, 0x3d, 0xc0, 0x1f, 0xfd, 0xe0,

    /* U+0398 "Θ" */
    0x0, 0x97, 0x3f, 0xd6, 0x80, 0x1a, 0x69, 0xaa,
    0x42, 0xd8, 0x0, 0x8d, 0x14, 0xad, 0x6d, 0x24,
    0x1e, 0x4e, 0x1, 0xa4, 0x2c, 0x11, 0x0, 0x1e,
    0x44, 0x0, 0x38, 0x7f, 0xf0, 0x11, 0x80, 0x43,
    0x99, 0x80, 0x3b, 0x80, 0xcf, 0x1, 0x10, 0x11,
    0xc0, 0x38, 0x51, 0x1, 0xe3, 0x0, 0x1a, 0xc2,
    0x81, 0x1d, 0xd4, 0xaa, 0xb5, 0x92, 0x0, 0x45,
    0x35, 0x50, 0x2d, 0x80,

    /* U+0399 "Ι" */
    0x6f, 0x10, 0xf, 0xfe, 0xa8,

    /* U+039A "Κ" */
    0x6f, 0x10, 0x9, 0xbd, 0x40, 0x3c, 0x72, 0xea,
    0x1, 0xc3, 0xab, 0x0, 0x1e, 0xd3, 0xa0, 0xf,
    0x51, 0xf0, 0x7, 0xa5, 0x42, 0x80, 0x3c, 0xf1,
    0x6, 0x20, 0xe, 0x57, 0x70, 0xc8, 0x7, 0x58,
    0x2, 0xd1, 0x0, 0x1f, 0x29, 0xc8, 0x7, 0xef,
    0x26, 0x0, 0xf8, 0xd6, 0x0,

    /* U+039B "Λ" */
    0x0, 0x9b, 0xe4, 0x3, 0xed, 0x17, 0x0, 0xf0,
    0xa5, 0x89, 0x80, 0x72, 0x2, 0x95, 0x80, 0x77,
    0xa8, 0x2a, 0x80, 0x39, 0x70, 0x30, 0x88, 0x1,
    0x20, 0x38, 0x20, 0x28, 0x5, 0xa6, 0x20, 0x5,
    0xb0, 0x9, 0xd0, 0x2, 0xc3, 0x10, 0x31, 0xb0,
    0x9, 0xc1, 0xc2, 0xc4, 0xc0, 0x21, 0x2d, 0x5,
    0x40, 0xe, 0x54, 0x10,

    /* U+039C "Μ" */
    0x6f, 0x90, 0xe, 0x9f, 0x60, 0x3, 0x80, 0x73,
    0x80, 0x44, 0x8, 0x1, 0x20, 0x10, 0x0, 0xdf,
    0x40, 0x2e, 0x63, 0x0, 0xb5, 0xc0, 0x25, 0xb1,
    0x0, 0xa, 0x2, 0x2, 0x91, 0x80, 0x73, 0x70,
    0x7d, 0x0, 0x7a, 0x94, 0x55, 0x40, 0x1e, 0x22,
    0x59, 0x90, 0x7, 0xd4, 0xb4, 0x1, 0xf9, 0x8d,
    0xc0, 0x3f, 0xe, 0x8, 0x6,

    /* U+039D "Ν" */
    0x6f, 0x60, 0xc, 0xfe, 0x0, 0x80, 0xf, 0x84,
    0xe0, 0x3, 0xe8, 0x72, 0x0, 0xe1, 0x53, 0x80,
    0xf, 0xbd, 0x4c, 0x3, 0xc6, 0xbe, 0x1, 0xf4,
    0x1a, 0x88, 0x7, 0x13, 0xc0, 0x7, 0xd0, 0x7a,
    0x1, 0xf4, 0x20, 0x7, 0xcc, 0x40,

    /* U+039E "Ξ" */
    0xf, 0xff, 0x9c, 0x32, 0xef, 0xcc, 0x6, 0x89,
    0xe1, 0x0, 0xff, 0xe4, 0x67, 0xfe, 0x50, 0xb,
    0xb3, 0x32, 0x0, 0x44, 0x67, 0x84, 0x3, 0xff,
    0x90, 0x89, 0xf1, 0x12, 0xef, 0xe8,

    /* U+039F "Ο" */
    0x0, 0x97, 0x3f, 0xd6, 0x80, 0x1a, 0x69, 0xaa,
    0x42, 0xd8, 0x0, 0x8d, 0x14, 0xad, 0x6d, 0x24,
    0x1e, 0x4e, 0x1, 0xa4, 0x2c, 0x11, 0x0, 0x1e,
    0x44, 0x0, 0x38, 0x3, 0xc4, 0x60, 0x1f, 0xfc,
    0x1e, 0x0, 0xf1, 0x10, 0x11, 0xc0, 0x38, 0x51,
    0x1, 0xe3, 0x0, 0x1a, 0xc2, 0x81, 0x1d, 0xd4,
    0xaa, 0xb5, 0x92, 0x0, 0x45, 0x35, 0x50, 0x2d,
    0x80,

    /* U+03A0 "Π" */
    0x6f, 0xff, 0xb8, 0x1, 0x57, 0x79, 0x40, 0x24,
    0x4e, 0x30, 0xf, 0xff, 0xf8, 0x7, 0xc0,

    /* U+03A1 "Ρ" */
    0x6f, 0xfd, 0xb2, 0x20, 0x15, 0xe5, 0xd3, 0xe8,
    0x4, 0xa6, 0x8f, 0x66, 0x60, 0xf, 0x38, 0x30,
    0x7, 0x98, 0x18, 0x3, 0xa, 0x49, 0x98, 0x1,
    0xdf, 0xd6, 0xfa, 0x1, 0x5e, 0x6f, 0xd0, 0x80,
    0x4a, 0x64, 0x1, 0xff, 0xd3,

    /* U+03A3 "Σ" */
    0x2f, 0xff, 0x98, 0x94, 0x2a, 0xef, 0x38, 0x51,
    0x72, 0x26, 0x10, 0x7, 0xa3, 0x80, 0x78, 0xae,
    0x10, 0x3, 0xc8, 0xf4, 0x20, 0x1e, 0x23, 0x10,
    0xe, 0x65, 0xf0, 0xe, 0x39, 0xa2, 0x0, 0xc3,
    0xac, 0xa0, 0x1d, 0x41, 0x88, 0x9c, 0x68, 0x35,
    0x77, 0xc0,

    /* U+03A4 "Τ" */
    0x8f, 0xff, 0xc3, 0x57, 0x70, 0x2d, 0xdc, 0x24,
    0x89, 0x1, 0x22, 0x40, 0x1f, 0xff, 0xf0, 0xf,
    0xfe, 0x20,

    /* U+03A5 "Υ" */
    0xc, 0xc0, 0x6, 0x4f, 0x40, 0x83, 0x30, 0x5,
    0xe6, 0x80, 0x85, 0x20, 0x2, 0x49, 0x0, 0xa1,
    0x48, 0x2c, 0x94, 0x2, 0x52, 0xa1, 0x68, 0x0,
    0xeb, 0x69, 0x25, 0x0, 0xe6, 0x7, 0xb0, 0xf,
    0x98, 0x18, 0x3, 0xff, 0xbe,

    /* U+03A6 "Φ" */
    0x0, 0xe1, 0x80, 0xf, 0xf1, 0x38, 0x80, 0x7c,
    0xf9, 0x80, 0xec, 0x60, 0x8, 0x76, 0x6a, 0x42,
    0xae, 0x70, 0x1, 0x67, 0xec, 0xa0, 0x8f, 0xa7,
    0x0, 0xb2, 0x20, 0x1c, 0x4c, 0xc2, 0x3, 0x0,
    0xfb, 0x84, 0x80, 0x80, 0x3e, 0xe1, 0x4, 0xb0,
    0xf, 0xb, 0xb8, 0x24, 0xf1, 0x1c, 0xd, 0x70,
    0x20, 0xb, 0x1a, 0xec, 0x1b, 0x49, 0xe2, 0x0,
    0x2a, 0xfa, 0xc, 0xf9, 0x10, 0xf, 0x30, 0x10,
    0x6,

    /* U+03A7 "Χ" */
    0x3f, 0x60, 0x8, 0xbd, 0x8d, 0x60, 0x2, 0x82,
    0x60, 0x81, 0x70, 0x25, 0x80, 0x1, 0x34, 0x84,
    0x1a, 0x80, 0x50, 0x34, 0xbe, 0x1, 0x86, 0x15,
    0xc, 0x3, 0xb0, 0x18, 0x3, 0x8d, 0x2c, 0x98,
    0x3, 0x7a, 0xa3, 0x40, 0x4, 0xa7, 0x1, 0x3,
    0x0, 0x8, 0x62, 0x1, 0x77, 0xb, 0x95, 0x80,
    0x50, 0x36,

    /* U+03A8 "Ψ" */
    0xd9, 0x0, 0x3f, 0x0, 0x7, 0xd4, 0x3, 0xff,
    0x96, 0x60, 0x1e, 0x30, 0x17, 0x40, 0xf, 0x28,
    0x2c, 0xd, 0x98, 0x0, 0x5a, 0x14, 0x4b, 0x1f,
    0x20, 0x7a, 0x1e, 0x80, 0x7, 0x9c, 0xe1, 0xbd,
    0x0, 0x1c, 0x3e, 0x24, 0x1, 0xff, 0xd9,

    /* U+03A9 "Ω" */
    0x0, 0x93, 0x3f, 0xd8, 0xa0, 0x1c, 0xf6, 0xf3,
    0x4d, 0x52, 0x1, 0x1c, 0x35, 0xb2, 0xd4, 0x32,
    0x0, 0x28, 0x24, 0x3, 0x39, 0x78, 0x1, 0x10,
    0x1, 0xe4, 0x40, 0x0, 0xc8, 0x3, 0xdc, 0x2,
    0x1, 0xff, 0x8, 0x2a, 0x80, 0x3d, 0xa4, 0x0,
    0xe3, 0x20, 0xe, 0x55, 0x0, 0x14, 0xe0, 0x3,
    0x40, 0xc8, 0x0, 0xe5, 0x60, 0x0, 0xcf, 0x24,
    0x27, 0x94, 0xe, 0x0, 0xb0, 0x8c, 0x40,

    /* U+03B1 "α" */
    0x0, 0x26, 0x7e, 0x9a, 0xf8, 0x81, 0xdb, 0xdd,
    0xb7, 0x8, 0x43, 0xca, 0xd1, 0xa1, 0x9c, 0x4,
    0xe8, 0x2, 0x70, 0xd0, 0x30, 0x20, 0xe, 0x20,
    0x30, 0x30, 0x8, 0x81, 0xc0, 0x45, 0x80, 0x14,
    0x81, 0x80, 0x25, 0x60, 0xe4, 0x41, 0x88, 0x1d,
    0xcd, 0x87, 0x6d, 0x16,

    /* U+03B2 "β" */
    0x2, 0xbf, 0xf5, 0x90, 0x5, 0xed, 0x76, 0x6f,
    0x0, 0x29, 0x7a, 0x22, 0x48, 0xc3, 0x44, 0x80,
    0xe, 0x1, 0x9, 0x80, 0x54, 0x26, 0x1, 0x8a,
    0x5f, 0x40, 0x3a, 0xdc, 0x64, 0x40, 0x34, 0xf7,
    0x1b, 0x40, 0x2, 0x1, 0xc, 0x19, 0x80, 0x3c,
    0xc0, 0xe0, 0x40, 0x19, 0x1, 0x80, 0x75, 0x91,
    0xe5, 0x8, 0xa, 0x6a, 0xe5, 0xac, 0x2, 0x4c,
    0xfe, 0x90, 0xf, 0xfe, 0x1, 0x80, 0x7c,

    /* U+03B3 "γ" */
    0x1, 0x0, 0xfa, 0x78, 0x40, 0x24, 0xf2, 0x81,
    0x80, 0x8, 0x80, 0x86, 0x58, 0x40, 0x18, 0x80,
    0x7, 0x7, 0x0, 0x26, 0x80, 0x4d, 0x40, 0xa2,
    0xe0, 0x15, 0x18, 0xf3, 0x8, 0x4, 0x63, 0x29,
    0x0, 0x1c, 0x8e, 0xe1, 0x0, 0xe2, 0x18, 0x0,
    0xf7, 0x0, 0x7f, 0x8, 0x7, 0xc2, 0x1, 0xc0,

    /* U+03B4 "δ" */
    0x0, 0x2e, 0xff, 0xb2, 0x48, 0x6, 0x93, 0x72,
    0x4c, 0x0, 0x21, 0xe4, 0x6b, 0x44, 0x0, 0x79,
    0x50, 0xf, 0x44, 0x2a, 0x40, 0x38, 0x78, 0x1b,
    0x4, 0x0, 0x5e, 0x7d, 0xc1, 0xc0, 0x4, 0x95,
    0x8, 0xbc, 0x98, 0x12, 0x80, 0x22, 0x27, 0x80,
    0x7f, 0x8b, 0x40, 0x22, 0x27, 0x84, 0xa5, 0x22,
    0xf9, 0x30, 0x25, 0xb5, 0xd3, 0xe0, 0x0,

    /* U+03B5 "ε" */
    0x0, 0x47, 0x7f, 0x40, 0x84, 0x3c, 0xe5, 0xa0,
    0x0, 0xd1, 0xcd, 0x70, 0x43, 0x14, 0x80, 0x39,
    0xcb, 0x7e, 0xc0, 0x2c, 0x7c, 0xda, 0x0, 0x11,
    0xf1, 0x90, 0x80, 0x8, 0x61, 0x4d, 0x29, 0x43,
    0x1e, 0xf2, 0x8d, 0x0,

    /* U+03B6 "ζ" */
    0x9, 0xff, 0xe4, 0x8, 0xdd, 0x61, 0x1a, 0x80,
    0x91, 0x3d, 0xb0, 0x40, 0x2b, 0x1b, 0x0, 0xce,
    0x9e, 0x1, 0x86, 0x20, 0x40, 0x1a, 0x5, 0xc0,
    0x39, 0xdc, 0x1, 0xc2, 0x2f, 0x0, 0xff, 0xe0,
    0x88, 0xa8, 0x3, 0xd2, 0x76, 0x80, 0x19, 0xe5,
    0xaf, 0xec, 0x2, 0x6d, 0xe9, 0x46, 0x0, 0xc2,
    0xc0, 0x40, 0x1c, 0xe4, 0x80, 0x1c, 0xfa, 0x0,

    /* U+03B7 "η" */
    0x9b, 0x1a, 0xfe, 0x60, 0x16, 0xdf, 0xe6, 0x91,
    0x2, 0x95, 0x1a, 0x5, 0x0, 0x28, 0x0, 0xc0,
    0x3f, 0x84, 0x3, 0xff, 0xa9, 0x1e, 0x1, 0xff,
    0x18, 0x7, 0xf8,

    /* U+03B8 "θ" */
    0x2, 0xbf, 0xd5, 0x0, 0xbd, 0xf1, 0x68, 0xc1,
    0x4b, 0x4e, 0xe, 0x43, 0xcc, 0x40, 0x16, 0xa0,
    0xca, 0x1, 0x18, 0x11, 0x4, 0x2, 0x70, 0x10,
    0x7e, 0xeb, 0x1, 0xc1, 0xbf, 0xeb, 0x7, 0x30,
    0x11, 0x80, 0x2, 0xea, 0x1, 0x18, 0x16, 0x18,
    0x80, 0x2d, 0x1, 0x8b, 0x52, 0xe, 0x0, 0x1e,
    0x16, 0xb4, 0x60,

    /* U+03B9 "ι" */
    0x8e, 0x0, 0xff, 0xe1, 0x98, 0x7, 0xfb, 0xcd,
    0x1, 0x4e, 0xc4,

    /* U+03BA "κ" */
    0x0, 0xfd, 0x5a, 0x1, 0x37, 0x19, 0x18, 0x1,
    0xe5, 0xc8, 0x2, 0x68, 0xb9, 0x10, 0x1, 0x4c,
    0x20, 0x6, 0xe1, 0xb0, 0xc, 0x2f, 0x86, 0xa0,
    0x1a, 0x49, 0xac, 0x40, 0x2, 0x41, 0x21, 0x40,
    0x3, 0x0, 0xb5, 0x1e, 0x34, 0x2, 0x3e, 0x70,

    /* U+03BB "λ" */
    0x6f, 0xf4, 0x0, 0x72, 0x5c, 0xbb, 0x80, 0x31,
    0x23, 0x3c, 0x80, 0x7d, 0x42, 0xa0, 0x1f, 0xbc,
    0x3, 0xd4, 0xa, 0x1, 0xe6, 0x90, 0x60, 0xc,
    0xc2, 0xcb, 0xa0, 0x1a, 0x98, 0x3d, 0x4, 0x0,
    0x66, 0xa0, 0x50, 0x60, 0x4, 0x91, 0x80, 0x16,
    0xc0, 0x56, 0x80, 0x2f, 0x32, 0x90, 0x60, 0x9,
    0x42, 0xa3, 0x84, 0x3, 0x7c, 0x0,

    /* U+03BC "μ" */
    0x8f, 0x0, 0x8b, 0xd0, 0x3, 0xff, 0x9c, 0xe0,
    0x1f, 0xfc, 0x91, 0x0, 0x28, 0x7, 0x5a, 0x45,
    0x85, 0x88, 0x13, 0x5a, 0x6b, 0x3b, 0x0, 0x33,
    0xf0, 0x67, 0xdc, 0x3, 0xfc, 0x60, 0x1f, 0x0,

    /* U+03BD "ν" */
    0x1, 0x0, 0xfa, 0xbc, 0x3, 0x37, 0x84, 0xb,
    0x80, 0x5e, 0x40, 0x4d, 0x20, 0x12, 0xa0, 0x2,
    0x85, 0x0, 0x4f, 0x0, 0x6, 0x6d, 0x7, 0x5,
    0x0, 0xad, 0xc3, 0x58, 0x3, 0x28, 0xa2, 0x2c,
    0x3, 0x10, 0xd2, 0x10, 0x7, 0x20, 0xc8, 0x4,

    /* U+03BE "ξ" */
    0x7f, 0xff, 0x33, 0x35, 0xc2, 0x77, 0x4e, 0x26,
    0xf0, 0xc4, 0x41, 0x5, 0x4, 0x0, 0xe6, 0x5,
    0x0, 0xe2, 0x68, 0x30, 0xe, 0x83, 0xcf, 0x90,
    0x1, 0x7b, 0x66, 0xc0, 0x3, 0x96, 0xcc, 0x84,
    0x4, 0xf4, 0x3, 0xe1, 0x0, 0xe1, 0x29, 0x30,
    0xe, 0xf3, 0xcd, 0x95, 0x0, 0x16, 0xda, 0xa5,
    0x30, 0x4, 0x91, 0xa5, 0xc0, 0x1c, 0x44, 0xb0,
    0xf, 0x41, 0x80,

    /* U+03BF "ο" */
    0x0, 0x26, 0x7f, 0x48, 0x80, 0x12, 0xda, 0xec,
    0xfa, 0x0, 0x93, 0xa4, 0x5d, 0x36, 0x12, 0xb0,
    0x8, 0xcb, 0xc, 0x8, 0x3, 0x8, 0x8c, 0x8,
    0x3, 0x8, 0xc5, 0x60, 0x11, 0x96, 0x4, 0x9d,
    0x22, 0xe9, 0xb0, 0x25, 0xb5, 0xd9, 0xf4, 0x0,

    /* U+03C0 "π" */
    0x9f, 0xff, 0xe0, 0x8d, 0x53, 0xdd, 0x58, 0x56,
    0x80, 0x91, 0xb9, 0x11, 0x81, 0x88, 0x2, 0x30,
    0xe, 0x10, 0xc, 0x22, 0x0, 0x8, 0x7, 0x9c,
    0xc0, 0x3f, 0x8b, 0x80, 0x3f, 0x84, 0x40, 0x1,
    0x5, 0x20, 0x1, 0x1, 0x80, 0x9, 0x62, 0x40,

    /* U+03C1 "ρ" */
    0x1, 0x9e, 0xfd, 0x40, 0x6, 0xbd, 0xd9, 0xec,
    0xd4, 0xf5, 0x52, 0x8a, 0x74, 0x8c, 0x2, 0x44,
    0x8, 0x80, 0x30, 0x88, 0x3, 0xc4, 0x40, 0x10,
    0x8, 0x51, 0x0, 0x56, 0xa9, 0xa3, 0x60, 0x7b,
    0x16, 0x18, 0x40, 0x2d, 0xbf, 0x86, 0x1, 0xff,
    0xc5,

    /* U+03C2 "ς" */
    0x0, 0x26, 0x7f, 0x38, 0x1, 0x2d, 0xae, 0x30,
    0x1, 0x27, 0x48, 0xd6, 0x2, 0x56, 0x1, 0xc6,
    0x4, 0x1, 0xc6, 0x4, 0x1, 0xc2, 0x72, 0x40,
    0x1d, 0xc1, 0xb2, 0x60, 0x11, 0x74, 0x26, 0x30,
    0x6, 0x7d, 0x4d, 0x0, 0xf8, 0x80, 0x38, 0xd2,
    0xc0, 0x38, 0xf8, 0x80,

    /* U+03C3 "σ" */
    0x0, 0x26, 0x7f, 0xf4, 0x2, 0x5a, 0xe5, 0xc,
    0xe5, 0x4, 0xa4, 0x9a, 0xdc, 0x11, 0x4, 0xb4,
    0x2, 0x51, 0x70, 0x30, 0x30, 0xc, 0x3c, 0x6,
    0x4, 0x1, 0x87, 0xc0, 0x4a, 0xc0, 0x25, 0x4,
    0x0, 0x49, 0xd2, 0x35, 0xa1, 0x80, 0x12, 0xda,
    0xe1, 0xac, 0x0,

    /* U+03C4 "τ" */
    0x8f, 0xff, 0x64, 0xee, 0x94, 0xb7, 0x61, 0x22,
    0x0, 0x91, 0x4, 0x3, 0xff, 0xae, 0x44, 0x41,
    0x0, 0xd4, 0x16, 0xe0,

    /* U+03C5 "υ" */
    0x0, 0xf0, 0x86, 0xc8, 0x5, 0xd0, 0x2, 0x1,
    0x91, 0x0, 0x1e, 0xd2, 0x0, 0xf0, 0x80, 0x80,
    0x80, 0x46, 0x0, 0x10, 0xc, 0x60, 0x2c, 0x40,
    0x16, 0x90, 0x6a, 0xb9, 0xc2, 0x40, 0x34, 0x4e,
    0x2d, 0x28, 0x0,

    /* U+03C6 "φ" */
    0x0, 0xe4, 0x60, 0xf, 0xf6, 0xd0, 0x7, 0xff,
    0x1c, 0x63, 0x98, 0xfa, 0x88, 0x2, 0x2f, 0x5b,
    0x43, 0xa1, 0xd3, 0x0, 0x49, 0xea, 0x90, 0x25,
    0xa6, 0x80, 0xa5, 0x0, 0x7b, 0xc4, 0xcc, 0x4,
    0x1, 0xe6, 0x6, 0x30, 0x20, 0xf, 0x30, 0x30,
    0xa5, 0x0, 0x7a, 0x8, 0xc2, 0x4f, 0x54, 0xc1,
    0x2c, 0xf8, 0x0, 0x5e, 0x96, 0xa7, 0x43, 0xa6,
    0x1, 0xc, 0xf3, 0x1f, 0x51, 0x0, 0x7f, 0xf3,
    0x80,

    /* U+03C7 "χ" */
    0x1, 0x0, 0xfa, 0x38, 0x40, 0x2a, 0xd0, 0x91,
    0x80, 0x1, 0x2c, 0x0, 0xc3, 0x18, 0x59, 0x28,
    0x1, 0x8e, 0x9, 0xa4, 0x3, 0x7a, 0x79, 0xa0,
    0x6, 0x36, 0x28, 0x0, 0xf2, 0x81, 0x80, 0x72,
    0x9c, 0x40, 0x80, 0x34, 0x33, 0x9c, 0x80, 0x4c,
    0x50, 0x1e, 0x88, 0x1, 0x87, 0x10, 0x35, 0x90,
    0x91, 0x90, 0xa, 0x9, 0xe7, 0x44, 0x2, 0x2e,
    0x70,

    /* U+03C8 "ψ" */
    0x0, 0xc8, 0xc0, 0x1f, 0xdb, 0x40, 0x1f, 0xfc,
    0x21, 0xd, 0x90, 0xf, 0x5e, 0x80, 0x80, 0x7d,
    0x86, 0x0, 0x30, 0xf, 0x18, 0x18, 0x18, 0x7,
    0x9c, 0x1c, 0x3, 0xfe, 0x73, 0x0, 0xf3, 0x3,
    0x1a, 0x8, 0x7, 0x71, 0x12, 0x43, 0x54, 0xc5,
    0x2d, 0x38, 0x7, 0xda, 0xd4, 0xa8, 0x30, 0xc0,
    0x3, 0x5c, 0xc7, 0xd6, 0x60, 0x1f, 0xfc, 0xc0,

    /* U+03C9 "ω" */
    0x0, 0x18, 0x7, 0x8c, 0x40, 0x3, 0x92, 0x1,
    0x87, 0x20, 0x0, 0xc1, 0x0, 0x18, 0x5d, 0x84,
    0x2d, 0x44, 0x3, 0xa8, 0x10, 0xf, 0x0, 0x11,
    0xe0, 0x2, 0xd, 0x10, 0x30, 0x7, 0x88, 0x4,
    0x23, 0x0, 0x61, 0x0, 0xe1, 0x2, 0xc0, 0x7,
    0x8, 0x0, 0x87, 0x42, 0xd9, 0x8a, 0xc7, 0x29,
    0x22, 0xa0, 0xcf, 0x37, 0x1a, 0x56, 0xda, 0x0,

    /* U+0401 "Ё" */
    0x3, 0xb1, 0x7, 0x80, 0x3, 0x28, 0x3, 0x4c,
    0x0, 0xbc, 0x21, 0x56, 0xd, 0xff, 0xe6, 0x0,
    0x55, 0xde, 0x70, 0x2, 0x27, 0x8, 0x7, 0xf8,
    0xc0, 0x3e, 0xdf, 0xfa, 0x0, 0x2b, 0xcc, 0xa8,
    0x2, 0x53, 0x38, 0x80, 0x3f, 0xf8, 0xe8, 0x9c,
    0x40, 0xa, 0xbb, 0xd4,

    /* U+0410 "А" */
    0x0, 0x8b, 0xf4, 0x3, 0xe5, 0x32, 0x20, 0x7,
    0xae, 0xc7, 0x40, 0x1c, 0x46, 0xb6, 0xa0, 0x1c,
    0xa4, 0x45, 0x22, 0x0, 0x6b, 0x50, 0x21, 0xa0,
    0x8, 0x4e, 0xc0, 0xe, 0xa0, 0x13, 0x6, 0x7f,
    0x98, 0x88, 0x0, 0xb5, 0xdd, 0xb0, 0x28, 0x4,
    0xfc, 0x8a, 0x35, 0x50, 0x30, 0x28, 0x6, 0xf2,
    0x25, 0xa0, 0x7, 0x20, 0x28,

    /* U+0411 "Б" */
    0x6f, 0xff, 0x68, 0x5, 0x57, 0x7b, 0x80, 0x24,
    0x4e, 0x30, 0xf, 0xfe, 0x4f, 0x7f, 0xba, 0x88,
    0x2, 0xbd, 0xcb, 0x6d, 0x20, 0x2, 0x91, 0xae,
    0x5, 0x0, 0x7c, 0x42, 0x1, 0xe1, 0x2e, 0x0,
    0x29, 0x99, 0x70, 0x58, 0x1, 0x79, 0x8b, 0x7c,
    0x10,

    /* U+0412 "В" */
    0x6f, 0xfd, 0xb2, 0x20, 0x15, 0xee, 0x5b, 0xe8,
    0x4, 0xa4, 0x6d, 0x26, 0x20, 0x1e, 0x10, 0x10,
    0xe, 0x48, 0x60, 0xb, 0xbf, 0xd6, 0x70, 0x1,
    0x5e, 0xe5, 0x37, 0x90, 0x1, 0x48, 0xd6, 0xce,
    0x0, 0x3e, 0x76, 0x0, 0xf9, 0x18, 0x0, 0xa6,
    0x65, 0xc1, 0x80, 0x5, 0xe6, 0x2d, 0xb4, 0x80,

    /* U+0413 "Г" */
    0x6f, 0xff, 0x30, 0x2, 0xae, 0xf3, 0x80, 0x11,
    0x38, 0x40, 0x3f, 0xff, 0x80,

    /* U+0414 "Д" */
    0x0, 0x97, 0xff, 0xa8, 0x3, 0x69, 0x5d, 0xc2,
    0x1, 0xc6, 0xe8, 0x91, 0x80, 0x73, 0x10, 0x7,
    0xf1, 0x68, 0x7, 0xe3, 0x7, 0x0, 0xfc, 0xa0,
    0x40, 0x1f, 0xbc, 0x80, 0x3f, 0x91, 0x0, 0x1f,
    0x88, 0x94, 0x1, 0xf1, 0x48, 0xba, 0x26, 0x31,
    0x4a, 0x41, 0xbb, 0xe1, 0x4b, 0x1, 0xff, 0xf9,
    0xc7, 0xc0, 0x3f, 0x8c, 0x40, 0x3f, 0xf9, 0x2,

    /* U+0415 "Е" */
    0x6f, 0xff, 0x30, 0x2, 0xae, 0xf3, 0x80, 0x11,
    0x38, 0x40, 0x3f, 0xc6, 0x1, 0xf6, 0xff, 0xd0,
    0x1, 0x5e, 0x65, 0x40, 0x12, 0x99, 0xc4, 0x1,
    0xff, 0xc7, 0x44, 0xe2, 0x0, 0x55, 0xde, 0xa0,

    /* U+0416 "Ж" */
    0xae, 0x60, 0xa, 0x38, 0x2, 0x2c, 0xf0, 0xe4,
    0x93, 0x0, 0xfb, 0x86, 0x41, 0x29, 0x20, 0x3,
    0xca, 0x7e, 0xc0, 0x14, 0x21, 0x0, 0x74, 0xa9,
    0x0, 0x63, 0x34, 0x0, 0x64, 0x38, 0x0, 0xf5,
    0x2f, 0xb8, 0xfd, 0x99, 0x0, 0x7a, 0xd7, 0x18,
    0x72, 0x8c, 0xc0, 0x1c, 0xc5, 0x6, 0x20, 0x6a,
    0x9e, 0x1, 0xd0, 0xc4, 0x1, 0xd0, 0x68, 0x1,
    0x38, 0xc0, 0x7, 0x8d, 0x64, 0x0, 0x30, 0xe2,
    0x1, 0xf4, 0x13, 0x4, 0x4, 0x80, 0x7e, 0x26,
    0x80,

    /* U+0417 "З" */
    0x0, 0x36, 0x7f, 0xad, 0x0, 0x27, 0x94, 0xa9,
    0x7b, 0x30, 0x3, 0xf4, 0x2b, 0x60, 0x58, 0x4,
    0x20, 0x18, 0x40, 0x3e, 0x19, 0x1a, 0x0, 0xd9,
    0xfc, 0xd4, 0x40, 0x1b, 0xb6, 0xde, 0x9c, 0x3,
    0x11, 0x12, 0x22, 0x0, 0xfc, 0x60, 0x40, 0xe2,
    0x1, 0xb4, 0x8, 0x2b, 0xe1, 0x55, 0x4c, 0xe0,
    0xd, 0x65, 0xaa, 0x35, 0x40, 0x0,

    /* U+0418 "И" */
    0x6f, 0x10, 0xd, 0x7e, 0x40, 0x1e, 0x44, 0x0,
    0x7e, 0x94, 0x0, 0xf9, 0xcf, 0x80, 0x3c, 0x33,
    0x2, 0x1, 0xe8, 0x36, 0x10, 0xe, 0x26, 0x90,
    0xf, 0xc, 0xa2, 0x0, 0x3c, 0x88, 0x90, 0xf,
    0xc, 0x31, 0x0, 0x78, 0x4e, 0x0, 0x3f, 0x40,
    0x80, 0x78,

    /* U+0419 "Й" */
    0x0, 0x4d, 0x80, 0x36, 0x0, 0x34, 0xe, 0xe9,
    0x20, 0x3, 0xd, 0x6e, 0xa4, 0x2, 0x6f, 0x10,
    0xd, 0x7e, 0x40, 0x1e, 0x44, 0x0, 0x7e, 0x94,
    0x0, 0xf9, 0xcf, 0x80, 0x3c, 0x33, 0x2, 0x1,
    0xe8, 0x36, 0x10, 0xe, 0x26, 0x90, 0xf, 0xc,
    0xa2, 0x0, 0x3c, 0x88, 0x90, 0xf, 0xc, 0x31,
    0x0, 0x78, 0x4e, 0x0, 0x3f, 0x40, 0x80, 0x78,

    /* U+041A "К" */
    0x0, 0xff, 0x37, 0x88, 0x4, 0x5b, 0xc0, 0x1f,
    0x7b, 0xe0, 0x7, 0x9c, 0xe8, 0x80, 0x38, 0x62,
    0x0, 0x1f, 0x41, 0x30, 0x7, 0x77, 0xb5, 0x80,
    0x7a, 0xf1, 0x2c, 0x3, 0xca, 0x74, 0x50, 0x1,
    0xf0, 0xc3, 0x90, 0x7, 0xce, 0x52, 0x1, 0xfb,
    0x91, 0x80, 0x3e, 0x36, 0x81,

    /* U+041B "Л" */
    0x0, 0x93, 0xff, 0xa8, 0x2, 0x31, 0xbb, 0x88,
    0x3, 0x6a, 0xa2, 0x40, 0x1c, 0xe4, 0x1, 0xf8,
    0xbc, 0x3, 0xe3, 0x5, 0x0, 0xf9, 0x40, 0xc0,
    0x3e, 0xf2, 0x0, 0xfc, 0xae, 0x1, 0xf0, 0x9e,
    0x0, 0x79, 0x74, 0x1c, 0x3, 0xd6, 0x54, 0x20,
    0x1e,

    /* U+041C "М" */
    0x6f, 0x90, 0xe, 0x9f, 0x60, 0x3, 0x80, 0x73,
    0x80, 0x44, 0x8, 0x1, 0x20, 0x10, 0x0, 0xdf,
    0x40, 0x2e, 0x63, 0x0, 0xb5, 0xc0, 0x25, 0xb1,
    0x0, 0xa, 0x2, 0x2, 0x91, 0x80, 0x73, 0x70,
    0x7d, 0x0, 0x7a, 0x94, 0x55, 0x40, 0x1e, 0x22,
    0x59, 0x90, 0x7, 0xd4, 0xb4, 0x1, 0xf9, 0x8d,
    0xc0, 0x3f, 0xe, 0x8, 0x6,

    /* U+041D "Н" */
    0x6f, 0x10, 0xc, 0xfe, 0x1, 0xff, 0xd5, 0x30,
    0xf, 0xed, 0xff, 0xd0, 0x1, 0xaf, 0x33, 0x30,
    0x6, 0x53, 0x3d, 0xc0, 0x1f, 0xfd, 0xe0,

    /* U+041E "О" */
    0x0, 0x97, 0x3f, 0xd6, 0x80, 0x1a, 0x69, 0xaa,
    0x42, 0xd8, 0x0, 0x8d, 0x14, 0xad, 0x6d, 0x24,
    0x1e, 0x4e, 0x1, 0xa4, 0x2c, 0x11, 0x0, 0x1e,
    0x44, 0x0, 0x38, 0x3, 0xc4, 0x60, 0x1f, 0xfc,
    0x1e, 0x0, 0xf1, 0x10, 0x11, 0xc0, 0x38, 0x51,
    0x1, 0xe3, 0x0, 0x1a, 0xc2, 0x81, 0x1d, 0xd4,
    0xaa, 0xb5, 0x92, 0x0, 0x45, 0x35, 0x50, 0x2d,
    0x80,

    /* U+041F "П" */
    0x6f, 0xff, 0xb8, 0x1, 0x57, 0x79, 0x40, 0x24,
    0x4e, 0x30, 0xf, 0xff, 0xf8, 0x7, 0xc0,

    /* U+0420 "Р" */
    0x6f, 0xfd, 0xb2, 0x20, 0x15, 0xe5, 0xd3, 0xe8,
    0x4, 0xa6, 0x8f, 0x66, 0x60, 0xf, 0x38, 0x30,
    0x7, 0x98, 0x18, 0x3, 0xa, 0x49, 0x98, 0x1,
    0xdf, 0xd6, 0xfa, 0x1, 0x5e, 0x6f, 0xd0, 0x80,
    0x4a, 0x64, 0x1, 0xff, 0xd3,

    /* U+0421 "С" */
    0x0, 0x92, 0xff, 0xd8, 0x80, 0x13, 0xd8, 0x4d,
    0x35, 0x88, 0x1c, 0x3d, 0xb2, 0xd6, 0x88, 0x48,
    0xc0, 0x6, 0x20, 0x2, 0xb8, 0x7, 0xf7, 0x0,
    0x7f, 0xf1, 0xf8, 0x3, 0xf2, 0xb8, 0x7, 0xe9,
    0x18, 0x0, 0xc8, 0x20, 0x6e, 0xeb, 0x55, 0x55,
    0xa0, 0x2, 0x29, 0xea, 0x8d, 0x6a,

    /* U+0422 "Т" */
    0x8f, 0xff, 0xc3, 0x57, 0x70, 0x2d, 0xdc, 0x24,
    0x89, 0x1, 0x22, 0x40, 0x1f, 0xff, 0xf0, 0xf,
    0xfe, 0x20,

    /* U+0423 "У" */
    0xbd, 0x0, 0xe8, 0xf0, 0x82, 0x40, 0xc, 0xcc,
    0x3, 0x37, 0x80, 0x4a, 0x36, 0x0, 0x94, 0x20,
    0x7, 0x19, 0x0, 0x14, 0x68, 0x5, 0x28, 0x3,
    0x4b, 0x3, 0x3, 0x0, 0x66, 0x15, 0xb6, 0x0,
    0xe1, 0x68, 0x3b, 0x0, 0xf5, 0x91, 0x90, 0x7,
    0xea, 0x0, 0xe3, 0x6f, 0x26, 0x0, 0xea, 0x91,
    0xf0, 0xe,

    /* U+0424 "Ф" */
    0x0, 0xe1, 0xf3, 0x0, 0xf8, 0x63, 0x38, 0x33,
    0x60, 0x40, 0x22, 0xf5, 0xab, 0xa, 0x84, 0xf3,
    0x0, 0x49, 0xeb, 0x28, 0x32, 0xe1, 0x70, 0xa,
    0x58, 0x7, 0xd2, 0x44, 0x30, 0x20, 0xf, 0x98,
    0x4, 0xc0, 0x40, 0x3e, 0x70, 0x11, 0x1c, 0x80,
    0x7d, 0xe4, 0x40, 0xf3, 0xb3, 0x30, 0x0, 0xe9,
    0x24, 0x0, 0x7a, 0x19, 0xa1, 0x98, 0x1c, 0x40,
    0x8, 0xaf, 0xf0, 0x2b, 0xec, 0xc0, 0x3e, 0x20,
    0x60, 0xe,

    /* U+0425 "Х" */
    0x3f, 0x60, 0x8, 0xbd, 0x8d, 0x60, 0x2, 0x82,
    0x60, 0x81, 0x70, 0x25, 0x80, 0x1, 0x34, 0x84,
    0x1a, 0x80, 0x50, 0x34, 0xbe, 0x1, 0x86, 0x15,
    0xc, 0x3, 0xb0, 0x18, 0x3, 0x8d, 0x2c, 0x98,
    0x3, 0x7a, 0xa3, 0x40, 0x4, 0xa7, 0x1, 0x3,
    0x0, 0x8, 0x62, 0x1, 0x77, 0xb, 0x95, 0x80,
    0x50, 0x36,

    /* U+0426 "Ц" */
    0x6f, 0x10, 0xd, 0x96, 0x1, 0xff, 0xff, 0x0,
    0xff, 0xe8, 0x22, 0x70, 0xba, 0x0, 0x55, 0x77,
    0x88, 0xec, 0x1b, 0xff, 0xe8, 0x0, 0xff, 0xe5,
    0x8, 0x7, 0xff, 0x0,

    /* U+0427 "Ч" */
    0xca, 0x0, 0xcd, 0xe2, 0x1, 0xff, 0xcf, 0x67,
    0x0, 0xfb, 0xca, 0x48, 0x0, 0x20, 0x5, 0x97,
    0xdf, 0xf4, 0x0, 0x4d, 0xdb, 0x9b, 0x0, 0x1c,
    0x46, 0x42, 0x1, 0xff, 0xd1,

    /* U+0428 "Ш" */
    0x6f, 0x10, 0xb, 0xdc, 0x2, 0x9d, 0x0, 0xff,
    0xff, 0x80, 0x7f, 0xf8, 0x11, 0x30, 0x72, 0x24,
    0x40, 0x15, 0x5d, 0xc0, 0xd7, 0x72, 0x0,

    /* U+0429 "Щ" */
    0x6f, 0x10, 0xb, 0xdc, 0x2, 0x9d, 0x0, 0xff,
    0xff, 0x80, 0x7f, 0xfd, 0x11, 0x30, 0x72, 0x24,
    0x46, 0x80, 0x15, 0x5d, 0xc0, 0xd7, 0x72, 0xd,
    0x93, 0x7f, 0xff, 0xd6, 0x1, 0xff, 0xc4, 0x30,
    0xf, 0xfe, 0x88, 0x80,

    /* U+042A "Ъ" */
    0x8f, 0xfd, 0x80, 0x1f, 0x55, 0xdc, 0x60, 0x1f,
    0x89, 0x12, 0x70, 0xf, 0xfe, 0xd9, 0xff, 0xd8,
    0xc0, 0x1f, 0x16, 0x62, 0xd6, 0x60, 0x3, 0xc2,
    0x66, 0x49, 0x67, 0x0, 0xff, 0xbc, 0x4, 0x3,
    0xfd, 0xe2, 0x20, 0xe, 0x13, 0x32, 0x4b, 0x48,
    0x7, 0x8b, 0x31, 0x6b, 0x4e, 0x0,

    /* U+042B "Ы" */
    0x6f, 0x10, 0xf, 0xb6, 0x80, 0x3f, 0xfc, 0xdd,
    0xfe, 0xd8, 0x0, 0xfa, 0xf2, 0xe9, 0xec, 0x3,
    0xca, 0x68, 0xf2, 0x84, 0x1, 0xfc, 0xa0, 0x20,
    0x1f, 0xc8, 0x4, 0x1, 0xca, 0x69, 0x10, 0x61,
    0x0, 0xeb, 0xcb, 0x58, 0x90, 0xc,

    /* U+042C "Ь" */
    0x6f, 0x10, 0xf, 0xff, 0x7, 0x7f, 0xba, 0x88,
    0x2, 0xbc, 0xc4, 0x3e, 0x88, 0x1, 0x4c, 0xcd,
    0x80, 0xc0, 0x1e, 0x11, 0x78, 0x7, 0x88, 0x78,
    0x0, 0xa6, 0x66, 0xf1, 0x70, 0x5, 0xe6, 0x21,
    0x3c, 0x40,

    /* U+042D "Э" */
    0x1, 0x9e, 0xfd, 0x80, 0xd, 0xeb, 0x14, 0xaf,
    0x80, 0x16, 0x61, 0x96, 0x34, 0xe0, 0x0, 0x40,
    0x18, 0x99, 0x80, 0x1f, 0xb0, 0x48, 0x0, 0x5f,
    0xfa, 0x81, 0x80, 0x5, 0x99, 0xa4, 0x3, 0x8c,
    0xf8, 0x18, 0x3, 0xec, 0x12, 0x5, 0x0, 0xc6,
    0xcc, 0x2, 0xac, 0x65, 0x8c, 0x38, 0x2, 0xd6,
    0x8a, 0x57, 0xc0, 0x0,

    /* U+042E "Ю" */
    0x6f, 0x10, 0x8, 0x67, 0xbf, 0xa0, 0x3, 0xfb,
    0x12, 0xba, 0x97, 0x0, 0x3e, 0x83, 0xc4, 0x14,
    0xc3, 0x80, 0xf, 0x33, 0x4, 0x2, 0x16, 0x60,
    0x4, 0x60, 0x63, 0x80, 0x1d, 0x82, 0x40, 0xd,
    0xfc, 0x7, 0x0, 0xe1, 0x6, 0x0, 0x5e, 0x48,
    0x7, 0xff, 0x1, 0x4d, 0x1, 0x80, 0x38, 0x41,
    0x80, 0x31, 0xe, 0x0, 0x77, 0x89, 0x0, 0x73,
    0x30, 0x40, 0x22, 0x56, 0x0, 0xf4, 0x1e, 0x20,
    0xa7, 0x9c, 0x0, 0x7d, 0x8b, 0x5d, 0x4b, 0x80,
    0x0,

    /* U+042F "Я" */
    0x0, 0x36, 0x7f, 0xec, 0x7, 0x95, 0xbc, 0xc1,
    0x80, 0x29, 0x65, 0xc, 0xce, 0x0, 0x22, 0x0,
    0x7c, 0x44, 0x0, 0xfa, 0x95, 0xc4, 0x3, 0x9d,
    0xd1, 0xdf, 0xe4, 0x0, 0xa1, 0x47, 0x35, 0x0,
    0x24, 0x5b, 0x32, 0x0, 0x86, 0x95, 0x40, 0x1d,
    0x3, 0x60, 0x1c, 0x8d, 0x22, 0x1, 0xc0,

    /* U+0430 "а" */
    0x0, 0x3e, 0xff, 0x38, 0x1, 0xee, 0xd8, 0xd0,
    0x80, 0xf8, 0xc7, 0x5, 0xc0, 0x10, 0xac, 0x18,
    0x80, 0xdf, 0xfc, 0x60, 0xd, 0xe, 0xa7, 0x60,
    0x1, 0xe8, 0x4, 0xe0, 0x1, 0xa3, 0x4b, 0x30,
    0x6, 0x8e, 0x4f, 0x38, 0x0,

    /* U+0431 "б" */
    0x0, 0xf1, 0xb9, 0x80, 0x4b, 0x9f, 0x90, 0xc0,
    0x9, 0xa7, 0x9c, 0xf5, 0x3, 0x6a, 0xb6, 0x30,
    0xa, 0x8d, 0x40, 0x3c, 0x88, 0x7d, 0xfc, 0x40,
    0x1, 0x36, 0xf6, 0x3d, 0x90, 0x1, 0x28, 0xcd,
    0x63, 0x60, 0xf, 0x0, 0xca, 0xa0, 0x1, 0x80,
    0x61, 0x10, 0x17, 0x80, 0x66, 0x60, 0x2b, 0x80,
    0x44, 0x78, 0x12, 0x18, 0x88, 0xf2, 0x70, 0x1c,
    0x7b, 0xb3, 0xe0, 0x0,

    /* U+0432 "в" */
    0x8f, 0xfd, 0x64, 0x0, 0x1f, 0xf6, 0xbf, 0x80,
    0x71, 0x59, 0x0, 0x70, 0xda, 0x0, 0x7, 0xba,
    0x29, 0x0, 0xf, 0xfb, 0x53, 0x4, 0x0, 0x22,
    0x2b, 0x14, 0x0, 0xc3, 0x0, 0xc0, 0x3f, 0xee,
    0x5a, 0x30,

    /* U+0433 "г" */
    0x8f, 0xfd, 0xc0, 0xc, 0xcc, 0x0, 0x33, 0x88,
    0x3, 0xff, 0xb0,

    /* U+0434 "д" */
    0x0, 0x4f, 0xfe, 0xd0, 0xc, 0x4b, 0x98, 0x40,
    0xe, 0x6d, 0x33, 0x10, 0x7, 0x11, 0x0, 0x3e,
    0x10, 0x10, 0xf, 0x88, 0x14, 0x3, 0xe4, 0x21,
    0x0, 0xf1, 0x52, 0x19, 0xc4, 0x66, 0x8, 0x26,
    0xcc, 0x90, 0x70, 0x4c, 0xdf, 0xfd, 0x60, 0x1f,
    0xf0, 0x88, 0x3, 0xf8,

    /* U+0435 "е" */
    0x0, 0x1e, 0x7f, 0x40, 0x4, 0x78, 0xd9, 0x6d,
    0x0, 0xf, 0x4a, 0x35, 0x86, 0x1, 0x3e, 0x0,
    0x90, 0x48, 0xc2, 0xbb, 0xac, 0x0, 0x18, 0x4f,
    0xfe, 0xe2, 0x13, 0xd1, 0x1e, 0x0, 0x7a, 0x52,
    0x1b, 0x30, 0x0, 0x78, 0x37, 0x94, 0x40,

    /* U+0436 "ж" */
    0x7e, 0x50, 0x4, 0xd8, 0x0, 0xf6, 0x55, 0x28,
    0x40, 0x3b, 0x5a, 0x8a, 0x89, 0x80, 0x32, 0x85,
    0x98, 0x2, 0xe8, 0x3, 0x73, 0x80, 0x64, 0x2f,
    0x64, 0xf4, 0xd0, 0xd, 0x65, 0x8a, 0x78, 0xb0,
    0x1, 0x1b, 0x71, 0x99, 0xce, 0xd, 0x80, 0x1c,
    0xa6, 0x1, 0x89, 0xe0, 0x5c, 0xa0, 0x3, 0xd0,
    0x10,

    /* U+0437 "з" */
    0x6, 0xcf, 0xf5, 0x90, 0x3, 0x6b, 0x2d, 0xbc,
    0x1, 0x6c, 0x69, 0x64, 0x1, 0xc3, 0xa6, 0x1,
    0x37, 0x71, 0x78, 0x2, 0x6f, 0xd7, 0xd2, 0x0,
    0x84, 0xa4, 0x10, 0x6d, 0x8d, 0x2c, 0x14, 0x72,
    0xf2, 0xde, 0xcc,

    /* U+0438 "и" */
    0x8e, 0x0, 0x87, 0xe8, 0x3, 0xa8, 0x3, 0xca,
    0xa4, 0x0, 0xc3, 0x76, 0x0, 0xe8, 0x55, 0x38,
    0x0, 0xcc, 0xd4, 0x1, 0x87, 0xa4, 0x40, 0x31,
    0x8b, 0x0, 0x7b, 0x80, 0x38,

    /* U+0439 "й" */
    0xa, 0x80, 0x2, 0xe8, 0x3, 0xd8, 0x43, 0x94,
    0x0, 0xb3, 0x9a, 0x50, 0x1, 0x3e, 0xea, 0x40,
    0x11, 0xc0, 0x10, 0xfd, 0x0, 0x75, 0x0, 0x79,
    0x54, 0x80, 0x18, 0x6e, 0xc0, 0x1d, 0xa, 0xa7,
    0x0, 0x19, 0x9a, 0x80, 0x30, 0xf4, 0x88, 0x6,
    0x31, 0x60, 0xf, 0x70, 0x7, 0x0,

    /* U+043A "к" */
    0x8f, 0x0, 0xa7, 0xc8, 0x3, 0x2b, 0xd9, 0x0,
    0x69, 0x92, 0x0, 0x62, 0x36, 0x0, 0xdf, 0xa4,
    0x20, 0x1b, 0x2c, 0x94, 0x3, 0x1a, 0x3d, 0x88,
    0x7, 0x41, 0xd8, 0x7, 0xb9, 0x54,

    /* U+043B "л" */
    0x0, 0x37, 0xff, 0x0, 0x42, 0x59, 0x86, 0x0,
    0xdc, 0xc6, 0x6e, 0x0, 0xc4, 0x40, 0xf, 0x9b,
    0x80, 0x3e, 0x22, 0x0, 0x78, 0x81, 0x80, 0x39,
    0x38, 0x4c, 0x3, 0xbc, 0xa8, 0x3, 0xc0,

    /* U+043C "м" */
    0x8f, 0x50, 0x8, 0x7f, 0x40, 0x12, 0x1, 0x38,
    0x4, 0x66, 0x20, 0x5, 0x20, 0x1, 0xd2, 0xc0,
    0xcd, 0x80, 0x7, 0xf7, 0xa, 0x60, 0xc, 0x80,
    0xaf, 0x40, 0x1d, 0x36, 0x46, 0x1, 0xcc, 0x34,
    0x1, 0xe1, 0xd6, 0x0, 0x80,

    /* U+043D "н" */
    0x8f, 0x0, 0xdd, 0x20, 0x1f, 0xfc, 0xef, 0xfc,
    0x20, 0x16, 0x66, 0x10, 0x8, 0xcf, 0x0, 0x7f,
    0xf1, 0x80,

    /* U+043E "о" */
    0x0, 0x1d, 0xff, 0x50, 0x80, 0xf, 0x2, 0xec,
    0xf8, 0x0, 0xf3, 0xb4, 0x5f, 0x27, 0x13, 0xb0,
    0x8, 0x92, 0xcc, 0x8, 0x3, 0x8, 0x8c, 0x8,
    0x3, 0x8, 0xc7, 0x60, 0x11, 0x25, 0x87, 0x9d,
    0x22, 0xf9, 0x38, 0x1e, 0x35, 0xd9, 0xf0, 0x0,

    /* U+043F "п" */
    0x8f, 0xff, 0x30, 0x3, 0x33, 0x0, 0x63, 0x3c,
    0x1, 0xff, 0xe6,

    /* U+0440 "р" */
    0x8b, 0x5d, 0xfe, 0x60, 0x9, 0x3b, 0x9f, 0x12,
    0xc0, 0x15, 0x98, 0x32, 0x58, 0x7, 0xc6, 0x40,
    0x1f, 0x78, 0x8, 0x7, 0xb8, 0x4, 0x3, 0xce,
    0x80, 0x15, 0xaa, 0x60, 0xc8, 0x0, 0x76, 0x2c,
    0x30, 0x80, 0x26, 0xdf, 0xc3, 0x0, 0x84, 0x3,
    0xff, 0x9a,

    /* U+0441 "с" */
    0x0, 0x1d, 0xff, 0xa8, 0x40, 0xf1, 0xea, 0xc4,
    0x83, 0xcb, 0x15, 0x2c, 0xc4, 0xe8, 0x3, 0x8c,
    0x8, 0x3, 0x8c, 0x8, 0x3, 0x84, 0xa8, 0x3,
    0xd2, 0x56, 0x88, 0xa7, 0x4, 0xb7, 0xbb, 0x2,
    0x80,

    /* U+0442 "т" */
    0x8f, 0xff, 0x64, 0xe6, 0x10, 0xb3, 0x1c, 0x26,
    0x61, 0x3, 0x31, 0x0, 0x7f, 0xf9, 0x0,

    /* U+0443 "у" */
    0x9e, 0x0, 0xcf, 0xc1, 0x42, 0x80, 0x15, 0xa0,
    0x19, 0x68, 0x0, 0x4f, 0x80, 0x14, 0xe0, 0x7,
    0x4, 0x0, 0x30, 0xa0, 0x62, 0x80, 0x42, 0x9c,
    0xb, 0xc0, 0x1b, 0x95, 0x1, 0x0, 0x32, 0x8c,
    0xa8, 0x7, 0x98, 0xb8, 0x3, 0xdc, 0x8, 0x1,
    0xea, 0x60, 0xe, 0x39, 0x3b, 0x0, 0xc9, 0x89,
    0x64, 0x1, 0x80,

    /* U+0444 "ф" */
    0x0, 0xe1, 0x82, 0x0, 0xff, 0x1b, 0xb0, 0x7,
    0xff, 0x55, 0xbb, 0xe0, 0x3b, 0x9f, 0x40, 0x12,
    0xcb, 0xd9, 0x80, 0x2a, 0x56, 0x40, 0x10, 0x72,
    0x96, 0x12, 0x8c, 0xec, 0x2, 0x56, 0x1, 0xf6,
    0x1, 0x98, 0x8, 0x3, 0xe7, 0x0, 0x18, 0x10,
    0x7, 0xcc, 0x2, 0x36, 0x0, 0x7d, 0xe2, 0x41,
    0x29, 0x9, 0x61, 0x28, 0xeb, 0x20, 0x7, 0x73,
    0x59, 0x80, 0xd4, 0xbb, 0x80, 0x28, 0xef, 0x80,
    0xfe, 0xe4, 0x0, 0x7f, 0xf7, 0x40,

    /* U+0445 "х" */
    0x3f, 0x50, 0x2, 0x79, 0x99, 0xac, 0x1, 0x2c,
    0x61, 0x1, 0xa, 0x70, 0x0, 0x18, 0x7b, 0x81,
    0x0, 0x9c, 0x5, 0x80, 0x34, 0x20, 0xc0, 0x4,
    0x6d, 0x30, 0xe4, 0x0, 0xe6, 0x26, 0x3e, 0x7,
    0x28, 0x0, 0x79, 0xb0,

    /* U+0446 "ц" */
    0x8f, 0x0, 0x8b, 0xd0, 0x3, 0xff, 0xda, 0x67,
    0x38, 0x10, 0x80, 0x33, 0x2a, 0x9, 0x94, 0x7f,
    0xf8, 0x80, 0x3f, 0xbc, 0x3, 0xf0, 0x80, 0x7d,
    0x8c,

    /* U+0447 "ч" */
    0xe8, 0x0, 0xb2, 0xc0, 0x3f, 0xf8, 0x4a, 0xc6,
    0x2, 0x20, 0x93, 0xcf, 0xe2, 0x2, 0xde, 0xcd,
    0x30, 0x8, 0x4c, 0x80, 0x3f, 0xf8, 0x80,

    /* U+0448 "ш" */
    0x8e, 0x0, 0xbd, 0x80, 0x11, 0xc0, 0x1f, 0xff,
    0x83, 0x38, 0x38, 0xcc, 0x20, 0x1, 0xcc, 0x81,
    0xf3, 0xc, 0x0,

    /* U+0449 "щ" */
    0x8e, 0x0, 0xbd, 0x80, 0x11, 0xc0, 0x1f, 0xff,
    0xf0, 0xf, 0x8c, 0xe0, 0xe3, 0x30, 0x88, 0xc0,
    0x3, 0x99, 0x3, 0xe6, 0x18, 0x30, 0xa3, 0xff,
    0xfb, 0x0, 0x3f, 0xf8, 0x46, 0x1, 0xff, 0xc0,
    0x10,

    /* U+044A "ъ" */
    0x8f, 0xfc, 0x1, 0xd3, 0x98, 0x60, 0xf, 0x9,
    0x9b, 0x80, 0x3f, 0xef, 0xf7, 0x40, 0x7, 0xb7,
    0x21, 0xe4, 0x3, 0x88, 0xd9, 0x8e, 0x1, 0xff,
    0xc3, 0x33, 0x33, 0x1c, 0x3, 0xb3, 0x10, 0xd2,

    /* U+044B "ы" */
    0x8f, 0x0, 0xf7, 0x48, 0x7, 0xff, 0x2b, 0xfd,
    0xaa, 0x1, 0xed, 0xc5, 0xa4, 0x0, 0xe2, 0x38,
    0x1d, 0x0, 0xff, 0xe1, 0x99, 0xa4, 0x74, 0x3,
    0xb3, 0x9, 0x48, 0x1, 0x0,

    /* U+044C "ь" */
    0x8f, 0x0, 0xff, 0xe6, 0x7f, 0xba, 0x44, 0x2,
    0xdd, 0x5b, 0xd0, 0x4, 0x44, 0x59, 0x40, 0xf,
    0xf8, 0xcc, 0xb2, 0x80, 0x16, 0x62, 0xde, 0x80,

    /* U+044D "э" */
    0x8, 0xef, 0xd6, 0x0, 0x12, 0x56, 0x54, 0xb8,
    0x16, 0x21, 0xbb, 0xa0, 0x3, 0xd4, 0x6, 0x0,
    0xde, 0xe6, 0x83, 0x80, 0x33, 0xfd, 0x60, 0xe0,
    0x1, 0x1b, 0x0, 0xd2, 0x90, 0xe1, 0xe0, 0x14,
    0xeb, 0x16, 0x5c, 0x0,

    /* U+044E "ю" */
    0x8f, 0x0, 0x97, 0x7f, 0x9c, 0x3, 0xcb, 0x51,
    0xf5, 0x10, 0x0, 0xeb, 0x75, 0x4, 0x77, 0x8,
    0x0, 0x4c, 0x6c, 0x2, 0xb0, 0x50, 0x7, 0x60,
    0x8, 0x4, 0x20, 0x20, 0xb, 0xa0, 0x10, 0x8,
    0x40, 0x40, 0x8, 0xa3, 0x60, 0x15, 0x82, 0x80,
    0x6b, 0x75, 0x4, 0x77, 0x8, 0x6, 0x5a, 0x8f,
    0xa8, 0x80, 0x0,

    /* U+044F "я" */
    0x0, 0x4f, 0x7f, 0xd6, 0x10, 0xd1, 0xba, 0x30,
    0x1, 0xa3, 0x11, 0x0, 0x23, 0x44, 0x0, 0x74,
    0x35, 0xff, 0x8c, 0x2, 0xb0, 0x8d, 0x30, 0xb,
    0x8d, 0xc8, 0x2, 0x73, 0xe0, 0xc, 0x50, 0xe4,
    0x1, 0x80,

    /* U+0451 "ё" */
    0x0, 0x5d, 0x81, 0x3c, 0xc0, 0x23, 0x30, 0x3a,
    0x8, 0x5, 0x10, 0x3, 0xb2, 0x0, 0x8f, 0x3f,
    0xa0, 0x2, 0x3c, 0x6c, 0xb6, 0x80, 0x7, 0xa5,
    0x1a, 0xc3, 0x0, 0x9f, 0x0, 0x48, 0x24, 0x61,
    0x5d, 0xd6, 0x0, 0xc, 0x27, 0xff, 0x71, 0x9,
    0xe8, 0x8f, 0x0, 0x3d, 0x29, 0xd, 0x98, 0x0,
    0x3c, 0x1b, 0xca, 0x20,

    /* U+1E3E "Ḿ" */
    0x0, 0xf2, 0xa8, 0x3, 0xf3, 0x51, 0x0, 0x7c,
    0x71, 0x8e, 0x1, 0xf1, 0xf9, 0x80, 0x66, 0xf9,
    0x0, 0x8, 0x2, 0x7d, 0x80, 0xe, 0x1, 0xce,
    0x1, 0x10, 0x20, 0x4, 0x80, 0x40, 0x3, 0x7d,
    0x0, 0xb9, 0x8c, 0x2, 0xd7, 0x0, 0x96, 0xc4,
    0x0, 0x28, 0x8, 0xa, 0x46, 0x1, 0xcd, 0xc1,
    0xf4, 0x1, 0xea, 0x51, 0x55, 0x0, 0x78, 0x89,
    0x66, 0x40, 0x1f, 0x52, 0xd0, 0x7, 0xe6, 0x37,
    0x0, 0xfc, 0x38, 0x20, 0x18,

    /* U+1E3F "ḿ" */
    0x0, 0xfc, 0x20, 0x1f, 0xf4, 0xe0, 0x7, 0xf9,
    0x99, 0x0, 0x1f, 0xc5, 0x36, 0xa0, 0x1f, 0xc5,
    0x88, 0x1, 0xff, 0x18, 0x7, 0xa2, 0xcf, 0x3f,
    0x50, 0x6b, 0xf9, 0x80, 0x9, 0xfe, 0xd1, 0xac,
    0xfe, 0x79, 0x20, 0x6, 0x99, 0x48, 0xca, 0x8c,
    0x2, 0x0, 0x4, 0x0, 0x20, 0xe0, 0x1, 0x1,
    0x0, 0xff, 0xfa, 0x80,

    /* U+1EA0 "Ạ" */
    0x0, 0x8b, 0xf4, 0x3, 0xe5, 0x32, 0x20, 0x7,
    0xae, 0xc7, 0x40, 0x1c, 0x46, 0xb6, 0xa0, 0x1c,
    0xa4, 0x45, 0x22, 0x0, 0x6b, 0x50, 0x21, 0xa0,
    0x8, 0x4e, 0xc0, 0xe, 0xa0, 0x13, 0x6, 0x7f,
    0x98, 0x88, 0x0, 0xb5, 0xdd, 0xb0, 0x28, 0x4,
    0xfc, 0x8a, 0x35, 0x50, 0x30, 0x28, 0x6, 0xf2,
    0x25, 0xa0, 0x7, 0x20, 0x2e, 0x58, 0x7, 0xf,
    0xb8, 0x7, 0xff, 0xb, 0x64, 0x3, 0xf1, 0x98,
    0x3, 0x0,

    /* U+1EA1 "ạ" */
    0x0, 0x3e, 0xff, 0x38, 0x1, 0xee, 0xd8, 0xd0,
    0x80, 0xf8, 0xc7, 0x5, 0xc0, 0x10, 0xac, 0x18,
    0x80, 0xdf, 0xfc, 0x60, 0xd, 0xe, 0xa7, 0x60,
    0x1, 0xe8, 0x4, 0xe0, 0x1, 0xa3, 0x4b, 0x30,
    0x6, 0x8e, 0x4f, 0x38, 0x0, 0xf7, 0xf5, 0x62,
    0xc0, 0x3f, 0xe5, 0xe3, 0x0, 0xf0, 0x80, 0x40,

    /* U+1EA2 "Ả" */
    0x0, 0x8f, 0x64, 0x3, 0xe3, 0xc7, 0x30, 0xf,
    0xa4, 0x8c, 0x3, 0xe9, 0xc0, 0xf, 0x8b, 0xb4,
    0x3, 0xe5, 0x32, 0x20, 0x7, 0xae, 0xc7, 0x40,
    0x1c, 0x46, 0xb6, 0xa0, 0x1c, 0xa4, 0x45, 0x22,
    0x0, 0x6b, 0x50, 0x21, 0xa0, 0x8, 0x4e, 0xc0,
    0xe, 0xa0, 0x13, 0x6, 0x7f, 0x98, 0x88, 0x0,
    0xb5, 0xdd, 0xb0, 0x28, 0x4, 0xfc, 0x8a, 0x35,
    0x50, 0x30, 0x28, 0x6, 0xf2, 0x25, 0xa0, 0x7,
    0x20, 0x28,

    /* U+1EA3 "ả" */
    0x0, 0x9b, 0xa0, 0x3, 0x9b, 0x1c, 0x80, 0x39,
    0x4, 0x80, 0x38, 0xfc, 0x3, 0xca, 0x20, 0x19,
    0xf7, 0xf9, 0xc0, 0xf, 0x76, 0xc6, 0x84, 0x7,
    0xc6, 0x38, 0x2e, 0x0, 0x85, 0x60, 0xc4, 0x6,
    0xff, 0xe3, 0x0, 0x68, 0x75, 0x3b, 0x0, 0xf,
    0x40, 0x27, 0x0, 0xd, 0x1a, 0x59, 0x80, 0x34,
    0x72, 0x79, 0xc0,

    /* U+1EA4 "Ấ" */
    0x0, 0xf8, 0xd8, 0x3, 0xb, 0xb1, 0xf2, 0x80,
    0x45, 0x81, 0x91, 0x86, 0x1, 0x17, 0xbd, 0x48,
    0x80, 0x7b, 0xf4, 0x80, 0x3c, 0xa6, 0x44, 0x0,
    0xf5, 0xd8, 0xe8, 0x3, 0x88, 0xd6, 0xd4, 0x3,
    0x94, 0x88, 0xa4, 0x40, 0xd, 0x6a, 0x4, 0x34,
    0x1, 0x9, 0xd8, 0x1, 0xd4, 0x2, 0x60, 0xcf,
    0xf3, 0x11, 0x0, 0x16, 0xbb, 0xb6, 0x5, 0x0,
    0x9f, 0x91, 0x46, 0xaa, 0x6, 0x5, 0x0, 0xde,
    0x44, 0xb4, 0x0, 0xe4, 0x5,

    /* U+1EA5 "ấ" */
    0x0, 0xf8, 0x54, 0x3, 0xeb, 0xd0, 0x9, 0x3f,
    0x10, 0x20, 0x0, 0x95, 0x6b, 0x14, 0x1, 0x37,
    0xa4, 0xc0, 0x6, 0x21, 0x0, 0x20, 0x6, 0x7d,
    0xfe, 0x70, 0x9, 0xee, 0xd8, 0xd0, 0x80, 0x7,
    0xc6, 0x38, 0x2e, 0x0, 0xc2, 0xb0, 0x62, 0x0,
    0x1b, 0xff, 0x8c, 0x2, 0xd0, 0xea, 0x76, 0x0,
    0x8f, 0x40, 0x27, 0x0, 0x86, 0x8d, 0x2c, 0xc0,
    0x2d, 0x1c, 0x9e, 0x70, 0x0,

    /* U+1EA6 "Ầ" */
    0x7, 0x10, 0xf, 0xc7, 0xa2, 0xec, 0x1, 0xc9,
    0x18, 0x19, 0x40, 0x1c, 0x9e, 0xf5, 0x0, 0x1f,
    0x7e, 0x90, 0x7, 0x94, 0xc8, 0x80, 0x1e, 0xbb,
    0x1d, 0x0, 0x71, 0x1a, 0xda, 0x80, 0x72, 0x91,
    0x14, 0x88, 0x1, 0xad, 0x40, 0x86, 0x80, 0x21,
    0x3b, 0x0, 0x3a, 0x80, 0x4c, 0x19, 0xfe, 0x62,
    0x20, 0x2, 0xd7, 0x76, 0xc0, 0xa0, 0x13, 0xf2,
    0x28, 0xd5, 0x40, 0xc0, 0xa0, 0x1b, 0xc8, 0x96,
    0x80, 0x1c, 0x80, 0xa0,

    /* U+1EA7 "ầ" */
    0x24, 0x0, 0xf0, 0xd1, 0x80, 0x71, 0xef, 0xa7,
    0xe0, 0x4, 0x71, 0x56, 0xb8, 0x1, 0x37, 0xa4,
    0xc0, 0x4, 0x42, 0x0, 0x40, 0x9, 0xf7, 0xf9,
    0xc0, 0xf, 0x76, 0xc6, 0x84, 0x7, 0xc6, 0x38,
    0x2e, 0x0, 0x85, 0x60, 0xc4, 0x6, 0xff, 0xe3,
    0x0, 0x68, 0x75, 0x3b, 0x0, 0xf, 0x40, 0x27,
    0x0, 0xd, 0x1a, 0x59, 0x80, 0x34, 0x72, 0x79,
    0xc0,

    /* U+1EA8 "Ẩ" */
    0x0, 0xf3, 0xd9, 0x0, 0x73, 0x23, 0x8a, 0x80,
    0x43, 0x9d, 0xf7, 0xae, 0x1, 0xbe, 0x2e, 0x1c,
    0x3, 0x8, 0xbf, 0x4c, 0x3, 0xca, 0x64, 0x40,
    0xf, 0x5d, 0x8e, 0x80, 0x38, 0x8d, 0x6d, 0x40,
    0x39, 0x48, 0x8a, 0x44, 0x0, 0xd6, 0xa0, 0x43,
    0x40, 0x10, 0x9d, 0x80, 0x1d, 0x40, 0x26, 0xc,
    0xff, 0x31, 0x10, 0x1, 0x6b, 0xbb, 0x60, 0x50,
    0x9, 0xf9, 0x14, 0x6a, 0xa0, 0x60, 0x50, 0xd,
    0xe4, 0x4b, 0x40, 0xe, 0x40, 0x50,

    /* U+1EA9 "ẩ" */
    0x0, 0xf2, 0xa8, 0x3, 0xe7, 0x96, 0x0, 0x93,
    0xf0, 0x41, 0x40, 0x9, 0x56, 0xbf, 0x86, 0x0,
    0x6f, 0x49, 0x80, 0xc, 0x42, 0x0, 0x40, 0xc,
    0xfb, 0xfc, 0xe0, 0x13, 0xdd, 0xb1, 0xa1, 0x0,
    0xf, 0x8c, 0x70, 0x5c, 0x1, 0x85, 0x60, 0xc4,
    0x0, 0x37, 0xff, 0x18, 0x5, 0xa1, 0xd4, 0xec,
    0x1, 0x1e, 0x80, 0x4e, 0x1, 0xd, 0x1a, 0x59,
    0x80, 0x5a, 0x39, 0x3c, 0xe0, 0x0,

    /* U+1EAA "Ẫ" */
    0x0, 0x27, 0x59, 0x3a, 0x0, 0x6d, 0xcf, 0xf5,
    0x28, 0x6, 0x93, 0xda, 0xd1, 0x0, 0xc5, 0x9f,
    0xd6, 0x1, 0xc5, 0x8d, 0x34, 0x1, 0xe3, 0xfd,
    0x10, 0xf, 0x29, 0x91, 0x0, 0x3d, 0x76, 0x3a,
    0x0, 0xe2, 0x35, 0xb5, 0x0, 0xe5, 0x22, 0x29,
    0x10, 0x3, 0x5a, 0x81, 0xd, 0x0, 0x42, 0x76,
    0x0, 0x75, 0x0, 0x98, 0x33, 0xfc, 0xc4, 0x40,
    0x5, 0xae, 0xed, 0x81, 0x40, 0x27, 0xe4, 0x51,
    0xaa, 0x81, 0x81, 0x40, 0x37, 0x91, 0x2d, 0x0,
    0x39, 0x1, 0x40,

    /* U+1EAB "ẫ" */
    0x0, 0x1f, 0x50, 0xc9, 0x0, 0x2f, 0x7f, 0x8,
    0x80, 0x8, 0x6a, 0x1a, 0x0, 0x92, 0xec, 0xba,
    0x1, 0x2f, 0xa4, 0xc0, 0x4, 0x22, 0x0, 0x20,
    0x4, 0xfb, 0xfc, 0xe0, 0x7, 0xbb, 0x63, 0x42,
    0x3, 0xe3, 0x1c, 0x17, 0x0, 0x42, 0xb0, 0x62,
    0x3, 0x7f, 0xf1, 0x80, 0x34, 0x3a, 0x9d, 0x80,
    0x7, 0xa0, 0x13, 0x80, 0x6, 0x8d, 0x2c, 0xc0,
    0x1a, 0x39, 0x3c, 0xe0,

    /* U+1EAC "Ậ" */
    0x0, 0x9b, 0xb8, 0x60, 0x1c, 0xd5, 0xf5, 0xc4,
    0x1, 0x9f, 0x5, 0x30, 0x80, 0x30, 0x97, 0xe8,
    0x80, 0x79, 0x4c, 0x88, 0x1, 0xeb, 0xb1, 0xd0,
    0x7, 0x11, 0xad, 0xa8, 0x7, 0x29, 0x11, 0x48,
    0x80, 0x1a, 0xd4, 0x8, 0x68, 0x2, 0x13, 0xb0,
    0x3, 0xa8, 0x4, 0xc1, 0x9f, 0xe6, 0x22, 0x0,
    0x2d, 0x77, 0x6c, 0xa, 0x1, 0x3f, 0x22, 0x8d,
    0x54, 0xc, 0xa, 0x1, 0xbc, 0x89, 0x68, 0x1,
    0xc8, 0xb, 0x96, 0x1, 0xc3, 0xee, 0x1, 0xff,
    0xc2, 0xd9, 0x0, 0xfc, 0x66, 0x0, 0xc0,

    /* U+1EAD "ậ" */
    0x0, 0x9b, 0xf4, 0x40, 0x24, 0x8c, 0x4d, 0x0,
    0xb7, 0xe, 0x6c, 0xc0, 0x12, 0x40, 0x7, 0x30,
    0x3, 0xef, 0xf3, 0x80, 0x1e, 0xed, 0x8d, 0x8,
    0xf, 0x8c, 0x70, 0x5c, 0x1, 0xa, 0xc1, 0x88,
    0xd, 0xff, 0xc6, 0x0, 0xd0, 0xea, 0x76, 0x0,
    0x1e, 0x80, 0x4e, 0x0, 0x1a, 0x34, 0xb3, 0x0,
    0x68, 0xe4, 0xf3, 0x80, 0xf, 0x7f, 0x56, 0x2c,
    0x3, 0xfe, 0x5e, 0x30, 0xf, 0x8, 0x4,

    /* U+1EAE "Ắ" */
    0x0, 0xe2, 0x10, 0xf, 0xde, 0xc0, 0x1c, 0xa3,
    0x2a, 0x84, 0x1, 0x8a, 0x26, 0x5e, 0x1, 0xce,
    0x1d, 0x94, 0x40, 0x1d, 0x3d, 0xac, 0x1, 0xe2,
    0xfd, 0x0, 0xf9, 0x4c, 0x88, 0x1, 0xeb, 0xb1,
    0xd0, 0x7, 0x11, 0xad, 0xa8, 0x7, 0x29, 0x11,
    0x48, 0x80, 0x1a, 0xd4, 0x8, 0x68, 0x2, 0x13,
    0xb0, 0x3, 0xa8, 0x4, 0xc1, 0x9f, 0xe6, 0x22,
    0x0, 0x2d, 0x77, 0x6c, 0xa, 0x1, 0x3f, 0x22,
    0x8d, 0x54, 0xc, 0xa, 0x1, 0xbc, 0x89, 0x68,
    0x1, 0xc8, 0xa,

    /* U+1EAF "ắ" */
    0x0, 0xe7, 0x10, 0xe, 0x49, 0x0, 0xd6, 0x1d,
    0xa8, 0xc0, 0x1, 0x8a, 0x18, 0x50, 0x5, 0x97,
    0x65, 0x98, 0x0, 0x6b, 0xb8, 0xc0, 0x13, 0xef,
    0xf3, 0x80, 0x1e, 0xed, 0x8d, 0x8, 0xf, 0x8c,
    0x70, 0x5c, 0x1, 0xa, 0xc1, 0x88, 0xd, 0xff,
    0xc6, 0x0, 0xd0, 0xea, 0x76, 0x0, 0x1e, 0x80,
    0x4e, 0x0, 0x1a, 0x34, 0xb3, 0x0, 0x68, 0xe4,
    0xf3, 0x80,

    /* U+1EB0 "Ằ" */
    0x0, 0x8c, 0x3, 0xfb, 0xe4, 0x3, 0xe5, 0xe5,
    0x43, 0x20, 0xc, 0x57, 0x8b, 0xe0, 0x1c, 0xe1,
    0xd9, 0x44, 0x1, 0xd3, 0xda, 0xc0, 0x1e, 0x2f,
    0xd0, 0xf, 0x94, 0xc8, 0x80, 0x1e, 0xbb, 0x1d,
    0x0, 0x71, 0x1a, 0xda, 0x80, 0x72, 0x91, 0x14,
    0x88, 0x1, 0xad, 0x40, 0x86, 0x80, 0x21, 0x3b,
    0x0, 0x3a, 0x80, 0x4c, 0x19, 0xfe, 0x62, 0x20,
    0x2, 0xd7, 0x76, 0xc0, 0xa0, 0x13, 0xf2, 0x28,
    0xd5, 0x40, 0xc0, 0xa0, 0x1b, 0xc8, 0x96, 0x80,
    0x1c, 0x80, 0xa0,

    /* U+1EB1 "ằ" */
    0x0, 0x94, 0xc0, 0x3c, 0x5c, 0x1, 0xd6, 0xe8,
    0x85, 0x60, 0x0, 0xc4, 0xb4, 0x28, 0x2, 0xcb,
    0xb2, 0xcc, 0x0, 0x35, 0xdc, 0x60, 0x9, 0xf7,
    0xf9, 0xc0, 0xf, 0x76, 0xc6, 0x84, 0x7, 0xc6,
    0x38, 0x2e, 0x0, 0x85, 0x60, 0xc4, 0x6, 0xff,
    0xe3, 0x0, 0x68, 0x75, 0x3b, 0x0, 0xf, 0x40,
    0x27, 0x0, 0xd, 0x1a, 0x59, 0x80, 0x34, 0x72,
    0x79, 0xc0,

    /* U+1EB2 "Ẳ" */
    0x0, 0x86, 0xe0, 0x3, 0xc2, 0x29, 0x71, 0x0,
    0xe8, 0x77, 0x65, 0x20, 0x6, 0x8d, 0xbe, 0xc4,
    0x0, 0xc3, 0x5d, 0xae, 0x1, 0xe2, 0xfd, 0x0,
    0xf9, 0x4c, 0x88, 0x1, 0xeb, 0xb1, 0xd0, 0x7,
    0x11, 0xad, 0xa8, 0x7, 0x29, 0x11, 0x48, 0x80,
    0x1a, 0xd4, 0x8, 0x68, 0x2, 0x13, 0xb0, 0x3,
    0xa8, 0x4, 0xc1, 0x9f, 0xe6, 0x22, 0x0, 0x2d,
    0x77, 0x6c, 0xa, 0x1, 0x3f, 0x22, 0x8d, 0x54,
    0xc, 0xa, 0x1, 0xbc, 0x89, 0x68, 0x1, 0xc8,
    0xa,

    /* U+1EB3 "ẳ" */
    0x0, 0x93, 0x58, 0x3, 0x93, 0xe4, 0x3, 0x28,
    0x38, 0x91, 0x80, 0x20, 0x45, 0xf4, 0x80, 0x5,
    0xb4, 0x26, 0x60, 0x2, 0x3, 0xb9, 0x62, 0x1,
    0x57, 0x6a, 0x80, 0x4f, 0xbf, 0xce, 0x0, 0x7b,
    0xb6, 0x34, 0x20, 0x3e, 0x31, 0xc1, 0x70, 0x4,
    0x2b, 0x6, 0x20, 0x37, 0xff, 0x18, 0x3, 0x43,
    0xa9, 0xd8, 0x0, 0x7a, 0x1, 0x38, 0x0, 0x68,
    0xd2, 0xcc, 0x1, 0xa3, 0x93, 0xce, 0x0,

    /* U+1EB4 "Ẵ" */
    0x0, 0x26, 0xd9, 0x3a, 0x0, 0x6d, 0xff, 0xa9,
    0x40, 0x37, 0xba, 0x6a, 0x90, 0x6, 0x7f, 0xdd,
    0x1, 0x80, 0x61, 0xad, 0xd4, 0x0, 0x78, 0xbf,
    0x40, 0x3e, 0x53, 0x22, 0x0, 0x7a, 0xec, 0x74,
    0x1, 0xc4, 0x6b, 0x6a, 0x1, 0xca, 0x44, 0x52,
    0x20, 0x6, 0xb5, 0x2, 0x1a, 0x0, 0x84, 0xec,
    0x0, 0xea, 0x1, 0x30, 0x67, 0xf9, 0x88, 0x80,
    0xb, 0x5d, 0xdb, 0x2, 0x80, 0x4f, 0xc8, 0xa3,
    0x55, 0x3, 0x2, 0x80, 0x6f, 0x22, 0x5a, 0x0,
    0x72, 0x2, 0x80,

    /* U+1EB5 "ẵ" */
    0x0, 0x27, 0x50, 0xc9, 0x80, 0x37, 0x5f, 0x8a,
    0x60, 0xc, 0x35, 0xdf, 0x10, 0x6, 0xc0, 0xf,
    0x18, 0x2, 0xb, 0x72, 0x8, 0x2, 0xad, 0xd2,
    0x80, 0x4f, 0xbf, 0xce, 0x0, 0x7b, 0xb6, 0x34,
    0x20, 0x3e, 0x31, 0xc1, 0x70, 0x4, 0x2b, 0x6,
    0x20, 0x37, 0xff, 0x18, 0x3, 0x43, 0xa9, 0xd8,
    0x0, 0x7a, 0x1, 0x38, 0x0, 0x68, 0xd2, 0xcc,
    0x1, 0xa3, 0x93, 0xce, 0x0,

    /* U+1EB6 "Ặ" */
    0x0, 0x20, 0x80, 0xc, 0x80, 0x36, 0x58, 0xf,
    0x8, 0x6, 0x80, 0xef, 0xb3, 0x0, 0xe8, 0x13,
    0x60, 0xf, 0x29, 0x91, 0x0, 0x3d, 0x76, 0x3a,
    0x0, 0xe2, 0x35, 0xb5, 0x0, 0xe5, 0x22, 0x29,
    0x10, 0x3, 0x5a, 0x81, 0xd, 0x0, 0x42, 0x76,
    0x0, 0x75, 0x0, 0x98, 0x33, 0xfc, 0xc4, 0x40,
    0x5, 0xae, 0xed, 0x81, 0x40, 0x27, 0xe4, 0x51,
    0xaa, 0x81, 0x81, 0x40, 0x37, 0x91, 0x2d, 0x0,
    0x39, 0x1, 0x72, 0xc0, 0x38, 0x7d, 0xc0, 0x3f,
    0xf8, 0x5b, 0x20, 0x1f, 0x8c, 0xc0, 0x18,

    /* U+1EB7 "ặ" */
    0x0, 0x60, 0x4, 0xcc, 0x0, 0x34, 0x81, 0x42,
    0x80, 0x2c, 0xbf, 0x20, 0xc0, 0x3, 0x7f, 0xcc,
    0x1, 0x3e, 0xff, 0x38, 0x1, 0xee, 0xd8, 0xd0,
    0x80, 0xf8, 0xc7, 0x5, 0xc0, 0x10, 0xac, 0x18,
    0x80, 0xdf, 0xfc, 0x60, 0xd, 0xe, 0xa7, 0x60,
    0x1, 0xe8, 0x4, 0xe0, 0x1, 0xa3, 0x4b, 0x30,
    0x6, 0x8e, 0x4f, 0x38, 0x0, 0xf7, 0xf5, 0x62,
    0xc0, 0x3f, 0xe5, 0xe3, 0x0, 0xf0, 0x80, 0x40,

    /* U+1EB8 "Ẹ" */
    0x6f, 0xff, 0x30, 0x2, 0xae, 0xf3, 0x80, 0x11,
    0x38, 0x40, 0x3f, 0xc6, 0x1, 0xf6, 0xff, 0xd0,
    0x1, 0x5e, 0x65, 0x40, 0x12, 0x99, 0xc4, 0x1,
    0xff, 0xc7, 0x44, 0xe2, 0x0, 0x55, 0xde, 0xa6,
    0xff, 0xf4, 0x0, 0x7f, 0xcd, 0xc4, 0x1, 0xc2,
    0x20, 0x8,

    /* U+1EB9 "ẹ" */
    0x0, 0x1e, 0x7f, 0x40, 0x4, 0x78, 0xd9, 0x6d,
    0x0, 0xf, 0x4a, 0x35, 0x86, 0x1, 0x3e, 0x0,
    0x90, 0x48, 0xc2, 0xbb, 0xac, 0x0, 0x18, 0x4f,
    0xfe, 0xe2, 0x13, 0xd1, 0x1e, 0x0, 0x7a, 0x52,
    0x1b, 0x30, 0x0, 0x78, 0x37, 0x94, 0x40, 0x11,
    0xdf, 0xfb, 0x10, 0x3, 0xff, 0x82, 0x3a, 0xe0,
    0x1f, 0x1f, 0x80, 0x40,

    /* U+1EBA "Ẻ" */
    0x0, 0xb2, 0xc8, 0x3, 0xb0, 0x6c, 0x3, 0x91,
    0xe8, 0x3, 0x97, 0x4c, 0x0, 0xdf, 0xee, 0xff,
    0x98, 0x1, 0x57, 0x79, 0xc0, 0x8, 0x9c, 0x20,
    0x1f, 0xe3, 0x0, 0xfb, 0x7f, 0xe8, 0x0, 0xaf,
    0x32, 0xa0, 0x9, 0x4c, 0xe2, 0x0, 0xff, 0xe3,
    0xa2, 0x71, 0x0, 0x2a, 0xef, 0x50,

    /* U+1EBB "ẻ" */
    0x0, 0x9f, 0x9c, 0x3, 0xcf, 0xb0, 0x20, 0x1e,
    0x41, 0x10, 0x7, 0x87, 0xc0, 0x3e, 0x61, 0x0,
    0xe3, 0xcf, 0xe8, 0x0, 0x8f, 0x1b, 0x2d, 0xa0,
    0x1, 0xe9, 0x46, 0xb0, 0xc0, 0x27, 0xc0, 0x12,
    0x9, 0x18, 0x57, 0x75, 0x80, 0x3, 0x9, 0xff,
    0xdc, 0x42, 0x7a, 0x23, 0xc0, 0xf, 0x4a, 0x43,
    0x66, 0x0, 0xf, 0x6, 0xf2, 0x88, 0x0,

    /* U+1EBC "Ẽ" */
    0x5, 0xed, 0x50, 0xc4, 0xb, 0xa9, 0x8f, 0x4,
    0xe, 0x44, 0x6f, 0x60, 0x37, 0xfe, 0xef, 0x60,
    0x5, 0x5d, 0xe7, 0x0, 0x22, 0x70, 0x80, 0x7f,
    0x8c, 0x3, 0xed, 0xff, 0xa0, 0x2, 0xbc, 0xca,
    0x80, 0x25, 0x33, 0x88, 0x3, 0xff, 0x8e, 0x89,
    0xc4, 0x0, 0xab, 0xbd, 0x40,

    /* U+1EBD "ẽ" */
    0x0, 0x5f, 0xd9, 0x2d, 0x80, 0x11, 0xf8, 0xf6,
    0xbc, 0x0, 0x98, 0x31, 0xfe, 0x40, 0xf, 0xfe,
    0x1, 0xe7, 0xf4, 0x0, 0x47, 0x8d, 0x96, 0xd0,
    0x0, 0xf4, 0xa3, 0x58, 0x60, 0x13, 0xe0, 0x9,
    0x4, 0x8c, 0x2b, 0xba, 0xc0, 0x1, 0x84, 0xff,
    0xee, 0x21, 0x3d, 0x11, 0xe0, 0x7, 0xa5, 0x21,
    0xb3, 0x0, 0x7, 0x83, 0x79, 0x44, 0x0,

    /* U+1EBE "Ế" */
    0x0, 0xfa, 0x0, 0x33, 0x38, 0xe7, 0x80, 0x53,
    0x81, 0xb0, 0xe0, 0x15, 0x51, 0xf5, 0x0, 0xd,
    0xf9, 0xfe, 0xef, 0x60, 0xa, 0xae, 0xf3, 0x80,
    0x48, 0x9c, 0x20, 0x1f, 0xfc, 0x3, 0x0, 0xfd,
    0xbf, 0xf4, 0x0, 0x6b, 0xcc, 0xa8, 0x3, 0x29,
    0x9c, 0x40, 0x1f, 0xfc, 0xa4, 0x4e, 0x20, 0xa,
    0xae, 0xf5, 0x0,

    /* U+1EBF "ế" */
    0x0, 0xf8, 0x50, 0x3, 0xea, 0x30, 0x9, 0xbf,
    0x14, 0x5c, 0x0, 0xb7, 0x66, 0xea, 0x0, 0x9f,
    0x12, 0xbc, 0x3, 0x10, 0x80, 0x10, 0x3, 0x1e,
    0x7f, 0x40, 0x4, 0x78, 0xd9, 0x6d, 0x0, 0xf,
    0x4a, 0x35, 0x86, 0x1, 0x3e, 0x0, 0x90, 0x48,
    0xc2, 0xbb, 0xac, 0x0, 0x18, 0x4f, 0xfe, 0xe2,
    0x13, 0xd1, 0x1e, 0x0, 0x7a, 0x52, 0x1b, 0x30,
    0x0, 0x78, 0x37, 0x94, 0x40,

    /* U+1EC0 "Ề" */
    0x45, 0x0, 0xf2, 0xc9, 0xb3, 0x88, 0x0, 0x76,
    0x30, 0x34, 0x80, 0x3, 0x14, 0xfa, 0x40, 0xdf,
    0x9f, 0xee, 0xf6, 0x0, 0x55, 0xde, 0x70, 0x2,
    0x27, 0x8, 0x7, 0xf8, 0xc0, 0x3e, 0xdf, 0xfa,
    0x0, 0x2b, 0xcc, 0xa8, 0x2, 0x53, 0x38, 0x80,
    0x3f, 0xf8, 0xe8, 0x9c, 0x40, 0xa, 0xbb, 0xd4,

    /* U+1EC1 "ề" */
    0x23, 0x0, 0xf9, 0xb4, 0x80, 0x3c, 0x95, 0x2d,
    0xf8, 0x1, 0x93, 0xae, 0xcd, 0x60, 0x19, 0xf1,
    0x2b, 0xc0, 0x31, 0x8, 0x1, 0x0, 0x31, 0xe7,
    0xf4, 0x0, 0x47, 0x8d, 0x96, 0xd0, 0x0, 0xf4,
    0xa3, 0x58, 0x60, 0x13, 0xe0, 0x9, 0x4, 0x8c,
    0x2b, 0xba, 0xc0, 0x1, 0x84, 0xff, 0xee, 0x21,
    0x3d, 0x11, 0xe0, 0x7, 0xa5, 0x21, 0xb3, 0x0,
    0x7, 0x83, 0x79, 0x44, 0x0,

    /* U+1EC2 "Ể" */
    0x0, 0xe3, 0xc6, 0x0, 0x91, 0x8e, 0x6c, 0x1,
    0x1e, 0x39, 0x8f, 0x0, 0x65, 0xbf, 0x49, 0x37,
    0xdf, 0xfb, 0x7d, 0x80, 0x15, 0x77, 0x9c, 0x0,
    0x89, 0xc2, 0x1, 0xfe, 0x30, 0xf, 0xb7, 0xfe,
    0x80, 0xa, 0xf3, 0x2a, 0x0, 0x94, 0xce, 0x20,
    0xf, 0xfe, 0x3a, 0x27, 0x10, 0x2, 0xae, 0xf5,
    0x0,

    /* U+1EC3 "ể" */
    0x0, 0xf3, 0x28, 0x7, 0xc9, 0x2a, 0x1, 0x37,
    0xe0, 0x83, 0x80, 0x16, 0xec, 0xdf, 0x84, 0x0,
    0x7c, 0x4a, 0x80, 0xc, 0x42, 0x0, 0x40, 0xc,
    0x79, 0xfd, 0x0, 0x11, 0xe3, 0x65, 0xb4, 0x0,
    0x3d, 0x28, 0xd6, 0x18, 0x4, 0xf8, 0x2, 0x41,
    0x23, 0xa, 0xee, 0xb0, 0x0, 0x61, 0x3f, 0xfb,
    0x88, 0x4f, 0x44, 0x78, 0x1, 0xe9, 0x48, 0x6c,
    0xc0, 0x1, 0xe0, 0xde, 0x51, 0x0,

    /* U+1EC4 "Ễ" */
    0x1, 0xcd, 0x52, 0x90, 0x2, 0xde, 0x76, 0x60,
    0x0, 0x8e, 0xc5, 0xea, 0x1, 0x5e, 0xfe, 0x10,
    0x5, 0x34, 0xd8, 0x40, 0xdf, 0xbf, 0xee, 0xf6,
    0x0, 0x55, 0xde, 0x70, 0x2, 0x27, 0x8, 0x7,
    0xf8, 0xc0, 0x3e, 0xdf, 0xfa, 0x0, 0x2b, 0xcc,
    0xa8, 0x2, 0x53, 0x38, 0x80, 0x3f, 0xf8, 0xe8,
    0x9c, 0x40, 0xa, 0xbb, 0xd4,

    /* U+1EC5 "ễ" */
    0x0, 0x27, 0x50, 0xd0, 0x80, 0x5b, 0x9f, 0x80,
    0x20, 0x14, 0xa5, 0xd, 0x0, 0x65, 0xbb, 0x36,
    0x0, 0x67, 0xd4, 0xa8, 0x0, 0xc4, 0x1, 0x20,
    0x6, 0x3c, 0xfe, 0x80, 0x8, 0xf1, 0xb2, 0xda,
    0x0, 0x1e, 0x94, 0x6b, 0xc, 0x2, 0x7c, 0x1,
    0x20, 0x91, 0x85, 0x77, 0x58, 0x0, 0x30, 0x9f,
    0xfd, 0xc4, 0x27, 0xa2, 0x3c, 0x0, 0xf4, 0xa4,
    0x36, 0x60, 0x0, 0xf0, 0x6f, 0x28, 0x80,

    /* U+1EC6 "Ệ" */
    0x0, 0x17, 0x71, 0xc0, 0x22, 0xfa, 0xfb, 0x70,
    0x1, 0x7a, 0xe, 0x30, 0x37, 0xef, 0xfd, 0xcc,
    0x0, 0xab, 0xbc, 0xe0, 0x4, 0x4e, 0x10, 0xf,
    0xf1, 0x80, 0x7d, 0xbf, 0xf4, 0x0, 0x57, 0x99,
    0x50, 0x4, 0xa6, 0x71, 0x0, 0x7f, 0xf1, 0xd1,
    0x38, 0x80, 0x15, 0x77, 0xa9, 0xbf, 0xfd, 0x0,
    0x1f, 0xf3, 0x71, 0x0, 0x70, 0x88, 0x2,

    /* U+1EC7 "ệ" */
    0x0, 0x9f, 0xf4, 0x3, 0x96, 0x71, 0xec, 0x3,
    0x66, 0xe, 0x8c, 0xc0, 0x14, 0x90, 0x2, 0xc,
    0x2, 0x3c, 0xfe, 0x80, 0x8, 0xf1, 0xb2, 0xda,
    0x0, 0x1e, 0x94, 0x6b, 0xc, 0x2, 0x7c, 0x1,
    0x20, 0x91, 0x85, 0x77, 0x58, 0x0, 0x30, 0x9f,
    0xfd, 0xc4, 0x27, 0xa2, 0x3c, 0x0, 0xf4, 0xa4,
    0x36, 0x60, 0x0, 0xf0, 0x6f, 0x28, 0x80, 0x23,
    0xbf, 0xf6, 0x20, 0x7, 0xff, 0x4, 0x75, 0xc0,
    0x3e, 0x3f, 0x0, 0x80,

    /* U+1EC8 "Ỉ" */
    0xac, 0x4a, 0xb8, 0x2a, 0x92, 0xd5, 0x6f, 0x10,
    0xf, 0xfe, 0xa8,

    /* U+1EC9 "ỉ" */
    0xec, 0x2e, 0x6b, 0x37, 0xc1, 0xf5, 0x22, 0x4,
    0x78, 0x7, 0xff, 0x34,

    /* U+1ECA "Ị" */
    0x6f, 0x10, 0xf, 0xfe, 0xab, 0x78, 0x80, 0x4d,
    0xc4, 0x2, 0x20,

    /* U+1ECB "ị" */
    0x9e, 0x11, 0x18, 0x46, 0x88, 0x5, 0x1e, 0x1,
    0xff, 0xcd, 0x8f, 0x0, 0xd1, 0xa2, 0x23, 0x0,

    /* U+1ECC "Ọ" */
    0x0, 0x97, 0x3f, 0xd6, 0x80, 0x1a, 0x69, 0xaa,
    0x42, 0xd8, 0x0, 0x8d, 0x14, 0xad, 0x6d, 0x24,
    0x1e, 0x4e, 0x1, 0xa4, 0x2c, 0x11, 0x0, 0x1e,
    0x44, 0x0, 0x38, 0x3, 0xc4, 0x60, 0x1f, 0xfc,
    0x1e, 0x0, 0xf1, 0x10, 0x11, 0xc0, 0x38, 0x51,
    0x1, 0xe3, 0x0, 0x1a, 0xc2, 0x81, 0x1d, 0xd4,
    0xaa, 0xb5, 0x92, 0x0, 0x45, 0x35, 0x50, 0x2d,
    0x80, 0x32, 0xe7, 0xfa, 0xd0, 0x3, 0xff, 0x8d,
    0x94, 0x1, 0xfc, 0x22, 0x0, 0xc0,

    /* U+1ECD "ọ" */
    0x0, 0x1d, 0xff, 0x50, 0x80, 0xf, 0x2, 0xec,
    0xf8, 0x0, 0xf3, 0xb4, 0x5f, 0x27, 0x13, 0xb0,
    0x8, 0x92, 0xcc, 0x8, 0x3, 0x8, 0x8c, 0x8,
    0x3, 0x8, 0xc7, 0x60, 0x11, 0x25, 0x87, 0x9d,
    0x22, 0xf9, 0x38, 0x1e, 0x35, 0xd9, 0xf0, 0x2,
    0x3c, 0xfe, 0xa1, 0x0, 0xff, 0xe1, 0x6c, 0x80,
    0x7c, 0x66, 0x0, 0x80,

    /* U+1ECE "Ỏ" */
    0x0, 0xc5, 0xb2, 0x1, 0xf8, 0xb5, 0xd0, 0x3,
    0xf3, 0x1a, 0x80, 0x7e, 0x4d, 0x10, 0xf, 0x2e,
    0x6f, 0xda, 0x0, 0x69, 0xa6, 0xa9, 0xb, 0x60,
    0x2, 0x34, 0x52, 0xb5, 0xb4, 0x90, 0x79, 0x38,
    0x6, 0x90, 0xb0, 0x44, 0x0, 0x79, 0x10, 0x0,
    0xe0, 0xf, 0x11, 0x80, 0x7f, 0xf0, 0x78, 0x3,
    0xc4, 0x40, 0x47, 0x0, 0xe1, 0x44, 0x7, 0x8c,
    0x0, 0x6b, 0xa, 0x4, 0x77, 0x52, 0xaa, 0xd6,
    0x48, 0x1, 0x14, 0xd5, 0x40, 0xb6, 0x0,

    /* U+1ECF "ỏ" */
    0x0, 0x93, 0xa4, 0x3, 0xc9, 0x8c, 0x60, 0x1e,
    0x71, 0x20, 0xf, 0xbc, 0x40, 0x3c, 0xa2, 0x1,
    0xc7, 0x7f, 0xd4, 0x20, 0x3, 0xc0, 0xbb, 0x3e,
    0x0, 0x3c, 0xed, 0x17, 0xc9, 0xc4, 0xec, 0x2,
    0x24, 0xb3, 0x2, 0x0, 0xc2, 0x23, 0x2, 0x0,
    0xc2, 0x31, 0xd8, 0x4, 0x49, 0x61, 0xe7, 0x48,
    0xbe, 0x4e, 0x7, 0x8d, 0x76, 0x7c, 0x0,

    /* U+1ED0 "Ố" */
    0x0, 0xfe, 0x10, 0xf, 0xe8, 0xb0, 0xe, 0x3f,
    0xe5, 0x1a, 0x0, 0xc5, 0xd7, 0x10, 0x90, 0xe,
    0x2c, 0x46, 0xf0, 0xf, 0x2e, 0xff, 0xa5, 0x0,
    0x34, 0xd3, 0x54, 0x85, 0xb0, 0x1, 0x1a, 0x29,
    0x5a, 0xda, 0x48, 0x3c, 0x9c, 0x3, 0x48, 0x58,
    0x22, 0x0, 0x3c, 0x88, 0x0, 0x70, 0x7, 0x88,
    0xc0, 0x3f, 0xf8, 0x3c, 0x1, 0xe2, 0x20, 0x23,
    0x80, 0x70, 0xa2, 0x3, 0xc6, 0x0, 0x35, 0x85,
    0x2, 0x3b, 0xa9, 0x55, 0x6b, 0x24, 0x0, 0x8a,
    0x6a, 0xa0, 0x5b, 0x0,

    /* U+1ED1 "ố" */
    0x0, 0xfc, 0xa0, 0x1f, 0xa7, 0x0, 0x32, 0x7e,
    0xa1, 0x48, 0x4, 0x75, 0x44, 0x9a, 0x0, 0xc5,
    0x8b, 0x32, 0x10, 0xc, 0x24, 0x0, 0x40, 0xe,
    0x3b, 0xfe, 0xa1, 0x0, 0x8f, 0x2, 0xec, 0xf8,
    0x1, 0x79, 0xda, 0x2f, 0x93, 0x80, 0x9d, 0x80,
    0x44, 0x96, 0x6, 0x4, 0x1, 0x84, 0x40, 0x60,
    0x40, 0x18, 0x44, 0x2, 0x76, 0x1, 0x12, 0x58,
    0x3, 0xce, 0x91, 0x7c, 0x9c, 0x0, 0x78, 0xd7,
    0x67, 0xc0, 0x0,

    /* U+1ED2 "Ồ" */
    0x0, 0x8, 0x7, 0xfa, 0x5c, 0x3, 0xfa, 0x35,
    0x3f, 0x88, 0x3, 0xd1, 0x37, 0x1e, 0x1, 0xe2,
    0xc4, 0x6f, 0x0, 0xf2, 0xef, 0xfa, 0x50, 0x3,
    0x4d, 0x35, 0x48, 0x5b, 0x0, 0x11, 0xa2, 0x95,
    0xad, 0xa4, 0x83, 0xc9, 0xc0, 0x34, 0x85, 0x82,
    0x20, 0x3, 0xc8, 0x80, 0x7, 0x0, 0x78, 0x8c,
    0x3, 0xff, 0x83, 0xc0, 0x1e, 0x22, 0x2, 0x38,
    0x7, 0xa, 0x20, 0x3c, 0x60, 0x3, 0x58, 0x50,
    0x23, 0xba, 0x95, 0x56, 0xb2, 0x40, 0x8, 0xa6,
    0xaa, 0x5, 0xb0, 0x0,

    /* U+1ED3 "ồ" */
    0x14, 0x0, 0xf8, 0xe8, 0xc0, 0x3c, 0x5b, 0xe9,
    0xfa, 0x20, 0x11, 0xfd, 0x51, 0x30, 0x40, 0x22,
    0xc5, 0x99, 0x8, 0x4, 0x24, 0x0, 0x40, 0xc,
    0x77, 0xfd, 0x42, 0x0, 0x3c, 0xb, 0xb3, 0xe0,
    0x3, 0xce, 0xd1, 0x7c, 0x9c, 0x4e, 0xc0, 0x22,
    0x4b, 0x30, 0x20, 0xc, 0x22, 0x30, 0x20, 0xc,
    0x23, 0x1d, 0x80, 0x44, 0x96, 0x1e, 0x74, 0x8b,
    0xe4, 0xe0, 0x78, 0xd7, 0x67, 0xc0,

    /* U+1ED4 "Ổ" */
    0x0, 0xf9, 0xac, 0x80, 0x3c, 0x22, 0x6c, 0xb0,
    0xe, 0x4e, 0xe1, 0xde, 0x80, 0x62, 0x9c, 0xae,
    0xd4, 0x0, 0xc5, 0x86, 0xbe, 0x20, 0x1c, 0xbb,
    0xfe, 0x94, 0x0, 0xd3, 0x4d, 0x52, 0x16, 0xc0,
    0x4, 0x68, 0xa5, 0x6b, 0x69, 0x20, 0xf2, 0x70,
    0xd, 0x21, 0x60, 0x88, 0x0, 0xf2, 0x20, 0x1,
    0xc0, 0x1e, 0x23, 0x0, 0xff, 0xe0, 0xf0, 0x7,
    0x88, 0x80, 0x8e, 0x1, 0xc2, 0x88, 0xf, 0x18,
    0x0, 0xd6, 0x14, 0x8, 0xee, 0xa5, 0x55, 0xac,
    0x90, 0x2, 0x29, 0xaa, 0x81, 0x6c, 0x0,

    /* U+1ED5 "ổ" */
    0x0, 0xf2, 0xa8, 0x3, 0xe7, 0xe8, 0x0, 0x93,
    0xf4, 0x5e, 0xc0, 0x7, 0x54, 0x4e, 0xd3, 0x0,
    0x16, 0x2c, 0xc8, 0x40, 0x21, 0x20, 0x2, 0x0,
    0x63, 0xbf, 0xea, 0x10, 0x1, 0xe0, 0x5d, 0x9f,
    0x0, 0x1e, 0x76, 0x8b, 0xe4, 0xe2, 0x76, 0x1,
    0x12, 0x59, 0x81, 0x0, 0x61, 0x11, 0x81, 0x0,
    0x61, 0x18, 0xec, 0x2, 0x24, 0xb0, 0xf3, 0xa4,
    0x5f, 0x27, 0x3, 0xc6, 0xbb, 0x3e, 0x0,

    /* U+1ED6 "Ỗ" */
    0x0, 0x8f, 0x70, 0x95, 0x80, 0x39, 0x3b, 0xfd,
    0x8, 0x1, 0xce, 0x77, 0x5a, 0x40, 0x1c, 0x38,
    0x1b, 0x60, 0x1e, 0x1f, 0x8a, 0x80, 0xf, 0x2f,
    0xfd, 0x8, 0x1, 0xa6, 0x9a, 0xa4, 0x2d, 0x80,
    0x8, 0xd1, 0x4a, 0xd6, 0xd2, 0x41, 0xe4, 0xe0,
    0x1a, 0x42, 0xc1, 0x10, 0x1, 0xe4, 0x40, 0x3,
    0x80, 0x3c, 0x46, 0x1, 0xff, 0xc1, 0xe0, 0xf,
    0x11, 0x1, 0x1c, 0x3, 0x85, 0x10, 0x1e, 0x30,
    0x1, 0xac, 0x28, 0x11, 0xdd, 0x4a, 0xab, 0x59,
    0x20, 0x4, 0x53, 0x55, 0x2, 0xd8, 0x0,

    /* U+1ED7 "ỗ" */
    0x0, 0x17, 0x58, 0xc1, 0x80, 0x4b, 0x5f, 0x88,
    0x60, 0x13, 0x85, 0x86, 0x80, 0x63, 0xaa, 0x26,
    0x8, 0x4, 0x5e, 0xb3, 0x21, 0x0, 0x84, 0x40,
    0x4, 0x0, 0xc7, 0x7f, 0xd4, 0x20, 0x3, 0xc0,
    0xbb, 0x3e, 0x0, 0x3c, 0xed, 0x17, 0xc9, 0xc4,
    0xec, 0x2, 0x24, 0xb3, 0x2, 0x0, 0xc2, 0x23,
    0x2, 0x0, 0xc2, 0x31, 0xd8, 0x4, 0x49, 0x61,
    0xe7, 0x48, 0xbe, 0x4e, 0x7, 0x8d, 0x76, 0x7c,
    0x0,

    /* U+1ED8 "Ộ" */
    0x0, 0xcb, 0xfc, 0x60, 0x1e, 0x48, 0xca, 0xe3,
    0x0, 0xe6, 0xc3, 0x4f, 0x20, 0xe, 0x7d, 0xff,
    0x4a, 0x80, 0x69, 0xa6, 0xa9, 0xb, 0x60, 0x2,
    0x34, 0x52, 0xb5, 0xb4, 0x90, 0x79, 0x38, 0x6,
    0x90, 0xb0, 0x44, 0x0, 0x79, 0x10, 0x0, 0xe0,
    0xf, 0x11, 0x80, 0x7f, 0xf0, 0x78, 0x3, 0xc4,
    0x40, 0x47, 0x0, 0xe1, 0x44, 0x7, 0x8c, 0x0,
    0x6b, 0xa, 0x4, 0x77, 0x52, 0xaa, 0xd6, 0x48,
    0x1, 0x14, 0xd5, 0x40, 0xb6, 0x0, 0xcb, 0x9f,
    0xeb, 0x40, 0xf, 0xfe, 0x36, 0x50, 0x7, 0xf0,
    0x88, 0x3, 0x0,

    /* U+1ED9 "ộ" */
    0x0, 0x97, 0xf8, 0x40, 0x31, 0xdd, 0x9b, 0x4,
    0x2, 0xbd, 0x48, 0xb5, 0x0, 0xa0, 0xc0, 0xc,
    0x80, 0x11, 0xdf, 0xf5, 0x8, 0x0, 0xf0, 0x2e,
    0xcf, 0x80, 0xf, 0x3b, 0x45, 0xf2, 0x71, 0x3b,
    0x0, 0x89, 0x2c, 0xc0, 0x80, 0x30, 0x88, 0xc0,
    0x80, 0x30, 0x8c, 0x76, 0x1, 0x12, 0x58, 0x79,
    0xd2, 0x2f, 0x93, 0x81, 0xe3, 0x5d, 0x9f, 0x0,
    0x23, 0xcf, 0xea, 0x10, 0xf, 0xfe, 0x16, 0xc8,
    0x7, 0xc6, 0x60, 0x8,

    /* U+1EDA "Ớ" */
    0x0, 0xf9, 0x40, 0x3f, 0xd5, 0x42, 0x4, 0x0,
    0xf5, 0x3e, 0x92, 0xd8, 0x7, 0xa7, 0x48, 0x3,
    0xe5, 0xcc, 0x7e, 0x45, 0xc8, 0x5, 0x14, 0xd5,
    0x47, 0x73, 0x30, 0x0, 0x6e, 0xea, 0x55, 0x5b,
    0xb8, 0xc0, 0x12, 0x30, 0x1, 0xa0, 0x64, 0x0,
    0x88, 0x0, 0xf2, 0x38, 0x0, 0x48, 0x3, 0xc4,
    0x40, 0xf, 0xfe, 0x10, 0x90, 0x7, 0x8c, 0x80,
    0x8, 0x80, 0xf, 0x22, 0x0, 0x12, 0x30, 0x1,
    0xa4, 0x2c, 0x0, 0x70, 0xf6, 0xaa, 0xb6, 0x82,
    0x0, 0x9e, 0xde, 0xa8, 0xf6, 0xe0, 0x0,

    /* U+1EDB "ớ" */
    0x0, 0xff, 0xe1, 0x96, 0x90, 0x7, 0x87, 0xd8,
    0x80, 0x3d, 0xad, 0x61, 0x44, 0x1, 0xaa, 0xc0,
    0xa, 0xe0, 0x19, 0x80, 0x4, 0xe, 0x0, 0x3b,
    0xfe, 0xbf, 0xa2, 0x3, 0xc0, 0xbb, 0x30, 0x28,
    0x3, 0xce, 0xd1, 0x7c, 0x9c, 0x4, 0xec, 0x2,
    0x24, 0xb0, 0x30, 0x20, 0xc, 0x22, 0x3, 0x2,
    0x0, 0xc2, 0x20, 0x13, 0xb0, 0x8, 0x92, 0xc0,
    0x1e, 0x74, 0x8b, 0xe4, 0xe0, 0x3, 0xc6, 0xbb,
    0x3e, 0x0, 0x0,

    /* U+1EDC "Ờ" */
    0x0, 0xca, 0x1, 0xfe, 0x2a, 0x90, 0xc, 0x80,
    0x18, 0xb5, 0x24, 0x0, 0xb6, 0x1, 0xc5, 0xb4,
    0x1, 0xf9, 0x73, 0xf3, 0x11, 0x72, 0x1, 0x45,
    0x35, 0x51, 0xdc, 0xcc, 0x0, 0x1b, 0xba, 0x95,
    0x56, 0xee, 0x30, 0x4, 0x8c, 0x0, 0x68, 0x19,
    0x0, 0x22, 0x0, 0x3c, 0x8e, 0x0, 0x12, 0x0,
    0xf1, 0x10, 0x3, 0xff, 0x84, 0x24, 0x1, 0xe3,
    0x20, 0x2, 0x20, 0x3, 0xc8, 0x80, 0x4, 0x8c,
    0x0, 0x69, 0xb, 0x0, 0x1c, 0x3d, 0xaa, 0xad,
    0xa0, 0x80, 0x27, 0xb7, 0xaa, 0x3d, 0xb8, 0x0,

    /* U+1EDD "ờ" */
    0x0, 0xff, 0xe0, 0x26, 0x0, 0x7e, 0x62, 0xb0,
    0xf, 0x8b, 0x16, 0x0, 0x14, 0x40, 0x11, 0x66,
    0x0, 0xa, 0xe0, 0x18, 0x90, 0x8, 0x1c, 0x0,
    0x77, 0xfd, 0x7f, 0x44, 0x7, 0x81, 0x76, 0x60,
    0x50, 0x7, 0x9d, 0xa2, 0xf9, 0x38, 0x9, 0xd8,
    0x4, 0x49, 0x60, 0x60, 0x40, 0x18, 0x44, 0x6,
    0x4, 0x1, 0x84, 0x40, 0x27, 0x60, 0x11, 0x25,
    0x80, 0x3c, 0xe9, 0x17, 0xc9, 0xc0, 0x7, 0x8d,
    0x76, 0x7c, 0x0, 0x0,

    /* U+1EDE "Ở" */
    0x0, 0xc5, 0xb2, 0x1, 0xfc, 0x5a, 0x8a, 0x4,
    0xe0, 0x1e, 0x53, 0x70, 0x68, 0x0, 0xf3, 0xf1,
    0x0, 0x80, 0x72, 0xe6, 0xfe, 0x45, 0xc8, 0x5,
    0x14, 0xd5, 0x47, 0x73, 0x30, 0x0, 0x6e, 0xea,
    0x55, 0x5b, 0xb8, 0xc0, 0x12, 0x30, 0x1, 0xa0,
    0x64, 0x0, 0x88, 0x0, 0xf2, 0x38, 0x0, 0x48,
    0x3, 0xc4, 0x40, 0xf, 0xfe, 0x10, 0x90, 0x7,
    0x8c, 0x80, 0x8, 0x80, 0xf, 0x22, 0x0, 0x12,
    0x30, 0x1, 0xa4, 0x2c, 0x0, 0x70, 0xf6, 0xaa,
    0xb6, 0x82, 0x0, 0x9e, 0xde, 0xa8, 0xf6, 0xe0,
    0x0,

    /* U+1EDF "ở" */
    0x0, 0x93, 0xa4, 0x3, 0xe4, 0xc7, 0x30, 0xf,
    0x9c, 0x8, 0x34, 0xc0, 0x3b, 0x4, 0x9, 0x80,
    0x32, 0x90, 0x10, 0x38, 0x0, 0xef, 0xfa, 0xfe,
    0x88, 0xf, 0x2, 0xec, 0xc0, 0xa0, 0xf, 0x3b,
    0x45, 0xf2, 0x70, 0x13, 0xb0, 0x8, 0x92, 0xc0,
    0xc0, 0x80, 0x30, 0x88, 0xc, 0x8, 0x3, 0x8,
    0x80, 0x4e, 0xc0, 0x22, 0x4b, 0x0, 0x79, 0xd2,
    0x2f, 0x93, 0x80, 0xf, 0x1a, 0xec, 0xf8, 0x0,

    /* U+1EE0 "Ỡ" */
    0x0, 0xa7, 0xac, 0x89, 0xc0, 0x60, 0x11, 0xa7,
    0xe6, 0xea, 0x57, 0x0, 0x23, 0xd1, 0x7f, 0xe7,
    0x0, 0xf2, 0xe7, 0xfb, 0x62, 0xe4, 0x2, 0x8a,
    0x6a, 0xa3, 0xb9, 0x98, 0x0, 0x37, 0x75, 0x2a,
    0xad, 0xdc, 0x60, 0x9, 0x18, 0x0, 0xd0, 0x32,
    0x0, 0x44, 0x0, 0x79, 0x1c, 0x0, 0x24, 0x1,
    0xe2, 0x20, 0x7, 0xff, 0x8, 0x48, 0x3, 0xc6,
    0x40, 0x4, 0x40, 0x7, 0x91, 0x0, 0x9, 0x18,
    0x0, 0xd2, 0x16, 0x0, 0x38, 0x7b, 0x55, 0x5b,
    0x41, 0x0, 0x4f, 0x6f, 0x54, 0x7b, 0x70, 0x0,

    /* U+1EE1 "ỡ" */
    0x1, 0xcf, 0xa1, 0x79, 0x0, 0x9d, 0xb4, 0xfa,
    0x37, 0x88, 0x1a, 0x8a, 0x7f, 0xc8, 0x2e, 0x1,
    0xf1, 0x83, 0x80, 0xe, 0xff, 0xaf, 0x68, 0x80,
    0xf0, 0x2e, 0xcc, 0x6a, 0x0, 0xf3, 0xb4, 0x5f,
    0x27, 0x1, 0x3b, 0x0, 0x89, 0x2c, 0xc, 0x8,
    0x3, 0x8, 0x80, 0xc0, 0x80, 0x30, 0x88, 0x4,
    0xec, 0x2, 0x24, 0xb0, 0x7, 0x9d, 0x22, 0xf9,
    0x38, 0x0, 0xf1, 0xae, 0xcf, 0x80, 0x0,

    /* U+1EE2 "Ợ" */
    0x0, 0xff, 0x20, 0x7, 0xf9, 0x6c, 0x3, 0xff,
    0x88, 0xb9, 0xfe, 0xc8, 0xb9, 0x0, 0xa2, 0x9a,
    0xa8, 0xee, 0x66, 0x0, 0xd, 0xdd, 0x4a, 0xab,
    0x77, 0x18, 0x2, 0x46, 0x0, 0x34, 0xc, 0x80,
    0x11, 0x0, 0x1e, 0x47, 0x0, 0x9, 0x0, 0x78,
    0x88, 0x1, 0xff, 0xc2, 0x12, 0x0, 0xf1, 0x90,
    0x1, 0x10, 0x1, 0xe4, 0x40, 0x2, 0x46, 0x0,
    0x34, 0x85, 0x80, 0xe, 0x1e, 0xd5, 0x56, 0xd0,
    0x40, 0x13, 0xdb, 0xd5, 0x1e, 0xdc, 0x3, 0x93,
    0x3f, 0xd8, 0x80, 0x1f, 0xfc, 0x8c, 0xa0, 0xf,
    0xf0, 0x88, 0x3, 0x80,

    /* U+1EE3 "ợ" */
    0x0, 0xfd, 0x44, 0x1, 0xf9, 0x5c, 0x3, 0xe2,
    0x7, 0x0, 0x1d, 0xff, 0x5f, 0xd1, 0x1, 0xe0,
    0x5d, 0x98, 0x14, 0x1, 0xe7, 0x68, 0xbe, 0x4e,
    0x2, 0x76, 0x1, 0x12, 0x58, 0x18, 0x10, 0x6,
    0x11, 0x1, 0x81, 0x0, 0x61, 0x10, 0x9, 0xd8,
    0x4, 0x49, 0x60, 0xf, 0x3a, 0x45, 0xf2, 0x70,
    0x1, 0xe3, 0x5d, 0x9f, 0x0, 0x31, 0xe7, 0xf5,
    0x8, 0x7, 0xff, 0x13, 0x64, 0x3, 0xf1, 0x98,
    0x3, 0x0,

    /* U+1EE4 "Ụ" */
    0x7f, 0x0, 0xe7, 0xf0, 0xf, 0xff, 0x50, 0x80,
    0x80, 0x78, 0x80, 0x80, 0x37, 0x12, 0x85, 0x0,
    0x42, 0xe8, 0x2e, 0xd4, 0xad, 0x83, 0x61, 0x10,
    0x7a, 0x96, 0xd2, 0x0, 0x3e, 0xff, 0xac, 0x80,
    0x3f, 0xf8, 0x23, 0xb0, 0x1, 0xf1, 0x80, 0x60,

    /* U+1EE5 "ụ" */
    0xad, 0x0, 0x8f, 0xd0, 0x3, 0xff, 0xb8, 0x66,
    0x0, 0x90, 0x1, 0x83, 0x29, 0x36, 0x0, 0x56,
    0x65, 0x86, 0x0, 0x53, 0xfe, 0x90, 0xf4, 0x0,
    0xff, 0xb2, 0x40, 0x3c, 0x26, 0x1, 0x0,

    /* U+1EE6 "Ủ" */
    0x0, 0x93, 0x60, 0x3, 0xc9, 0x8e, 0x40, 0x1e,
    0xb4, 0x20, 0xf, 0x5d, 0x80, 0x27, 0xf0, 0x0,
    0x80, 0x1f, 0xc0, 0x3f, 0xfd, 0x42, 0x2, 0x1,
    0xe2, 0x2, 0x0, 0xdc, 0x4a, 0x14, 0x1, 0xb,
    0xa0, 0xbb, 0x52, 0xb6, 0xd, 0x84, 0x41, 0xea,
    0x5b, 0x48,

    /* U+1EE7 "ủ" */
    0x0, 0x2f, 0x48, 0x7, 0x2e, 0x31, 0x80, 0x72,
    0x9, 0x0, 0x71, 0x70, 0x80, 0x72, 0x0, 0x6a,
    0xd0, 0x8, 0xfd, 0x0, 0x3f, 0xfb, 0x86, 0x60,
    0x9, 0x0, 0x18, 0x32, 0x93, 0x60, 0x5, 0x66,
    0x58, 0x60, 0x0,

    /* U+1EE8 "Ứ" */
    0x0, 0xe2, 0x80, 0xf, 0xe2, 0xc3, 0x0, 0x26,
    0x80, 0x76, 0x4d, 0x80, 0x44, 0x1, 0xde, 0xe0,
    0x1, 0xe4, 0x7, 0xf0, 0x0, 0x80, 0x1f, 0xb6,
    0xc0, 0x3f, 0xce, 0x1, 0xff, 0xf2, 0x10, 0x10,
    0xf, 0xe2, 0x2, 0x0, 0xdc, 0x40, 0x12, 0x85,
    0x0, 0x42, 0xe8, 0x1, 0xb, 0xb5, 0x2b, 0x60,
    0xd8, 0x6, 0x88, 0x3d, 0x4b, 0x69, 0x0, 0x40,

    /* U+1EE9 "ứ" */
    0x0, 0xe1, 0x0, 0xf9, 0x78, 0x80, 0x38, 0xe9,
    0xc8, 0x4, 0x2, 0xd7, 0x80, 0x6c, 0x0, 0xb6,
    0x0, 0x6, 0x40, 0x11, 0x80, 0x6, 0x5a, 0xb4,
    0x2, 0x3e, 0x49, 0x0, 0xfb, 0x0, 0x3f, 0xfb,
    0x26, 0x60, 0x9, 0x0, 0x2c, 0x19, 0x49, 0xb0,
    0x9, 0x59, 0x96, 0x18, 0x1, 0x0,

    /* U+1EEA "Ừ" */
    0x0, 0x14, 0x0, 0x7f, 0x85, 0xa8, 0x3, 0x26,
    0x80, 0x47, 0xec, 0xe0, 0x18, 0x80, 0x30, 0xe3,
    0x80, 0x7, 0x90, 0x1f, 0xc0, 0x39, 0xfb, 0x6c,
    0x3, 0xfc, 0xe0, 0x1f, 0xff, 0x21, 0x1, 0x0,
    0xfe, 0x20, 0x20, 0xd, 0xc4, 0x1, 0x28, 0x50,
    0x4, 0x2e, 0x80, 0x10, 0xbb, 0x52, 0xb6, 0xd,
    0x80, 0x68, 0x83, 0xd4, 0xb6, 0x90, 0x4,

    /* U+1EEB "ừ" */
    0x0, 0x8, 0x7, 0xcf, 0xe2, 0x1, 0xe6, 0x2d,
    0x0, 0xc2, 0x3, 0xa1, 0x20, 0x6, 0xc0, 0x0,
    0xed, 0x80, 0xc, 0x80, 0x21, 0x20, 0x19, 0x6a,
    0xd0, 0x8, 0xf9, 0x24, 0x3, 0xec, 0x0, 0xff,
    0xec, 0x99, 0x80, 0x24, 0x0, 0xb0, 0x65, 0x26,
    0xc0, 0x25, 0x66, 0x58, 0x60, 0x4,

    /* U+1EEC "Ử" */
    0x0, 0x93, 0x60, 0x3, 0xf9, 0x31, 0xc8, 0x0,
    0x9a, 0x1, 0xd0, 0x84, 0x1, 0x10, 0x7, 0x45,
    0x80, 0x7, 0x90, 0x1f, 0xc0, 0x2, 0x0, 0x7e,
    0xdb, 0x0, 0xff, 0x38, 0x7, 0xff, 0xc8, 0x40,
    0x40, 0x3f, 0x88, 0x8, 0x3, 0x71, 0x0, 0x4a,
    0x14, 0x1, 0xb, 0xa0, 0x4, 0x2e, 0xd4, 0xad,
    0x83, 0x60, 0x1a, 0x20, 0xf5, 0x2d, 0xa4, 0x1,
    0x0,

    /* U+1EED "ử" */
    0x0, 0x2f, 0x40, 0x7, 0x97, 0x1c, 0xc0, 0x2,
    0x1, 0x20, 0x90, 0x36, 0x0, 0x45, 0xc2, 0x6,
    0x40, 0x12, 0x0, 0x6, 0x5a, 0xb4, 0x2, 0x3e,
    0x49, 0x0, 0xfb, 0x0, 0x3f, 0xfb, 0x26, 0x60,
    0x9, 0x0, 0x2c, 0x19, 0x49, 0xb0, 0x9, 0x59,
    0x96, 0x18, 0x1, 0x0,

    /* U+1EEE "Ữ" */
    0x0, 0x57, 0x59, 0x1e, 0x81, 0x38, 0x1, 0x1b,
    0xcf, 0x72, 0xc1, 0xa0, 0x0, 0x98, 0x31, 0xfc,
    0xc3, 0xc6, 0xf, 0xe0, 0x18, 0x5f, 0xb7, 0x0,
    0x3f, 0xce, 0x1, 0xff, 0xf2, 0x10, 0x10, 0xf,
    0xe2, 0x2, 0x0, 0xdc, 0x40, 0x12, 0x85, 0x0,
    0x42, 0xe8, 0x1, 0xb, 0xb5, 0x2b, 0x60, 0xd8,
    0x6, 0x88, 0x3d, 0x4b, 0x69, 0x0, 0x40,

    /* U+1EEF "ữ" */
    0xb, 0xfb, 0x24, 0xc0, 0x1, 0xb7, 0x1e, 0xdc,
    0xb6, 0x1e, 0xc, 0x7f, 0x94, 0xcc, 0x2, 0x1,
    0x86, 0x5a, 0xb4, 0x2, 0x3e, 0x49, 0x0, 0xfb,
    0x0, 0x3f, 0xfb, 0x26, 0x60, 0x9, 0x0, 0x2c,
    0x19, 0x49, 0xb0, 0x9, 0x59, 0x96, 0x18, 0x1,
    0x0,

    /* U+1EF0 "Ự" */
    0x0, 0xff, 0xe4, 0xa6, 0x80, 0x7f, 0xc4, 0x1,
    0xfc, 0x3c, 0x80, 0xfe, 0x1, 0xcf, 0xdb, 0x60,
    0x1f, 0xe7, 0x0, 0xff, 0xf9, 0x8, 0x8, 0x7,
    0xf1, 0x1, 0x0, 0x6e, 0x20, 0x9, 0x42, 0x80,
    0x21, 0x74, 0x0, 0x85, 0xda, 0x95, 0xb0, 0x6c,
    0x3, 0x44, 0x1e, 0xa5, 0xb4, 0x80, 0x39, 0xf7,
    0xfd, 0x64, 0x1, 0xff, 0xc7, 0x1d, 0x80, 0xf,
    0xf1, 0x80, 0x7c,

    /* U+1EF1 "ự" */
    0x0, 0xfc, 0x20, 0x1f, 0x36, 0x0, 0x7c, 0x64,
    0x1, 0xe1, 0x96, 0xad, 0x0, 0x8f, 0x92, 0x40,
    0x3e, 0xc0, 0xf, 0xfe, 0xc9, 0x98, 0x2, 0x40,
    0xb, 0x6, 0x52, 0x6c, 0x2, 0x56, 0x65, 0x86,
    0x0, 0x69, 0xff, 0x48, 0x7a, 0x0, 0x7f, 0xf0,
    0x6b, 0x0, 0x3e, 0x11, 0x0, 0x60,

    /* U+1EF2 "Ỳ" */
    0x0, 0xa0, 0x80, 0x3f, 0x16, 0x18, 0x7, 0xd5,
    0x3a, 0x1, 0xf9, 0xfc, 0x3, 0xb3, 0x0, 0x1,
    0x4, 0xf4, 0x8, 0x33, 0x0, 0x5e, 0x68, 0x8,
    0x52, 0x0, 0x24, 0x90, 0xa, 0x14, 0x82, 0xc9,
    0x40, 0x25, 0x2a, 0x16, 0x80, 0xe, 0xb6, 0x92,
    0x50, 0xe, 0x60, 0x7b, 0x0, 0xf9, 0x81, 0x80,
    0x3f, 0xfb, 0xe0,

    /* U+1EF3 "ỳ" */
    0x0, 0x8, 0x7, 0xef, 0x80, 0xf, 0xad, 0xd4,
    0x3, 0xcb, 0x54, 0x20, 0xf, 0x2e, 0x10, 0x7,
    0xc6, 0x1, 0xa7, 0x80, 0x33, 0xf0, 0x50, 0xa0,
    0x5, 0x68, 0x6, 0x5a, 0x0, 0x13, 0xe0, 0x5,
    0x38, 0x1, 0xc1, 0x0, 0xc, 0x28, 0x18, 0xa0,
    0x10, 0xa7, 0x2, 0xf0, 0x6, 0xe5, 0x40, 0x40,
    0xc, 0xa3, 0x2a, 0x1, 0xe6, 0x2e, 0x0, 0xf7,
    0x2, 0x0, 0x7a, 0x98, 0x3, 0x8e, 0x4e, 0xc0,
    0x32, 0x62, 0x59, 0x0, 0x60,

    /* U+1EF4 "Ỵ" */
    0xc, 0xc0, 0x6, 0x4f, 0x40, 0x83, 0x30, 0x5,
    0xe6, 0x80, 0x85, 0x20, 0x2, 0x49, 0x0, 0xa1,
    0x48, 0x2c, 0x94, 0x2, 0x52, 0xa1, 0x68, 0x0,
    0xeb, 0x69, 0x25, 0x0, 0xe6, 0x7, 0xb0, 0xf,
    0x98, 0x18, 0x3, 0xff, 0xc7, 0x1e, 0x1, 0xff,
    0xc6, 0x7d, 0x10, 0xf, 0xc6, 0x1, 0x80,

    /* U+1EF5 "ỵ" */
    0x9e, 0x0, 0xcf, 0xc1, 0x42, 0x80, 0x15, 0xa0,
    0x19, 0x68, 0x0, 0x4f, 0x80, 0x14, 0xe0, 0x7,
    0x4, 0x0, 0x30, 0xa0, 0x62, 0x80, 0x42, 0x9c,
    0xb, 0xc0, 0x1b, 0x91, 0x0, 0x80, 0x19, 0x42,
    0x54, 0x3, 0xcc, 0x5c, 0x1, 0xee, 0x4, 0x0,
    0xf5, 0x30, 0x7, 0x1c, 0x9d, 0x86, 0xe8, 0x13,
    0x12, 0xc8, 0x4, 0x40,

    /* U+1EF6 "Ỷ" */
    0x0, 0xd9, 0x64, 0x1, 0xf6, 0x14, 0x0, 0x7c,
    0x69, 0xc0, 0x1f, 0x1e, 0xa0, 0x6, 0xcc, 0x0,
    0x64, 0xf4, 0x8, 0x33, 0x0, 0x5e, 0x68, 0x8,
    0x52, 0x0, 0x24, 0x90, 0xa, 0x14, 0x82, 0xc9,
    0x40, 0x25, 0x2a, 0x16, 0x80, 0xe, 0xb6, 0x92,
    0x50, 0xe, 0x60, 0x7b, 0x0, 0xf9, 0x81, 0x80,
    0x3f, 0xfb, 0xe0,

    /* U+1EF7 "ỷ" */
    0x0, 0xb3, 0x6, 0x1, 0xec, 0x58, 0x0, 0xf1,
    0x2e, 0x0, 0x78, 0xfd, 0xc0, 0x3c, 0x26, 0x1,
    0xa7, 0x80, 0x33, 0xf0, 0x50, 0xa0, 0x5, 0x68,
    0x6, 0x5a, 0x0, 0x13, 0xe0, 0x5, 0x38, 0x1,
    0xc1, 0x0, 0xc, 0x28, 0x18, 0xa0, 0x10, 0xa7,
    0x2, 0xf0, 0x6, 0xe5, 0x40, 0x40, 0xc, 0xa3,
    0x2a, 0x1, 0xe6, 0x2e, 0x0, 0xf7, 0x2, 0x0,
    0x7a, 0x98, 0x3, 0x8e, 0x4e, 0xc0, 0x32, 0x62,
    0x59, 0x0, 0x60,

    /* U+1EF8 "Ỹ" */
    0x0, 0x27, 0x6b, 0x5, 0xa8, 0x5, 0x37, 0xd7,
    0xec, 0xa0, 0x16, 0xa9, 0xef, 0x68, 0x5, 0x98,
    0x0, 0x85, 0x3d, 0x2, 0xc, 0xc0, 0x17, 0x9a,
    0x2, 0x14, 0x80, 0x9, 0x24, 0x2, 0x85, 0x20,
    0xb2, 0x50, 0x9, 0x4a, 0x85, 0xa0, 0x3, 0xad,
    0xa4, 0x94, 0x3, 0x98, 0x1e, 0xc0, 0x3e, 0x60,
    0x60, 0xf, 0xfe, 0xf8,

    /* U+1EF9 "ỹ" */
    0x3, 0xee, 0x38, 0x5a, 0x80, 0x26, 0x5b, 0x7e,
    0xca, 0x0, 0xb7, 0x3c, 0xed, 0x0, 0x84, 0x2,
    0x10, 0xa, 0x78, 0x3, 0x3f, 0x5, 0xa, 0x0,
    0x56, 0x80, 0x65, 0xa0, 0x1, 0x3e, 0x0, 0x53,
    0x80, 0x1c, 0x10, 0x0, 0xc2, 0x81, 0x8a, 0x1,
    0xa, 0x70, 0x2f, 0x0, 0x6e, 0x54, 0x4, 0x0,
    0xca, 0x32, 0xa0, 0x1e, 0x62, 0xe0, 0xf, 0x70,
    0x20, 0x7, 0xa9, 0x80, 0x38, 0xe4, 0xec, 0x3,
    0x26, 0x25, 0x90, 0x6,

    /* U+2002 " " */

    /* U+2003 " " */

    /* U+2010 "‐" */
    0xbb, 0xc0,

    /* U+2011 "‑" */
    0x4f, 0xfb, 0x53, 0x76, 0xf0,

    /* U+2012 "‒" */
    0x4f, 0xff, 0x68,

    /* U+2013 "–" */
    0x4f, 0xff, 0x68,

    /* U+2014 "—" */
    0x4f, 0xff, 0xfe, 0x4, 0x0,

    /* U+2015 "―" */
    0x9b, 0xbf, 0xfe, 0x4, 0x80,

    /* U+2016 "‖" */
    0x80, 0x4, 0x0, 0x7f, 0xfc, 0x0,

    /* U+2018 "‘" */
    0x0, 0x20, 0x1, 0xb4, 0x1, 0x72, 0x2, 0x5e,
    0x42, 0x82, 0x60,

    /* U+2019 "’" */
    0x0, 0xc3, 0xf8, 0x0, 0x13, 0x11, 0x71, 0x8,
    0x54, 0x0, 0x25, 0x40,

    /* U+201A "‚" */
    0x6d, 0x21, 0x24, 0x76, 0x32, 0x45, 0xbe, 0x0,

    /* U+201C "“" */
    0x0, 0x20, 0x81, 0x88, 0x27, 0x9, 0xc0, 0x2,
    0x2c, 0x3e, 0x44, 0xf, 0x8c, 0xb5, 0x1, 0x44,
    0x4e, 0xe,

    /* U+201D "”" */
    0x0, 0xf8, 0xfe, 0x4f, 0xec, 0x2, 0x71, 0x4,
    0x3, 0xd5, 0x2e, 0x30, 0x19, 0x81, 0xaf, 0x0,
    0x49, 0x8c, 0x18, 0x0,

    /* U+201E "„" */
    0x6d, 0x24, 0xd3, 0x12, 0x41, 0x2b, 0x76, 0x35,
    0x8f, 0x24, 0x51, 0xa5, 0xbe, 0x6, 0x92,

    /* U+2020 "†" */
    0x0, 0xaa, 0x80, 0x1f, 0xfc, 0x23, 0x30, 0x7,
    0xfd, 0xbf, 0xe6, 0x67, 0xfb, 0x73, 0x74, 0xaa,
    0xdd, 0x60, 0x91, 0xc, 0xc4, 0x41, 0x0, 0xff,
    0x8c, 0xc0, 0x1f, 0xfd, 0xab, 0xb0, 0x4,

    /* U+2021 "‡" */
    0x0, 0xaa, 0x80, 0x1f, 0xfc, 0x23, 0x30, 0x7,
    0xfd, 0xbf, 0xe6, 0x67, 0xfb, 0x73, 0x74, 0xaa,
    0xdd, 0x60, 0x91, 0xc, 0xc4, 0x41, 0x0, 0xff,
    0xe2, 0x67, 0xf9, 0x99, 0xfe, 0xce, 0xdd, 0x2a,
    0xb7, 0x5c, 0x45, 0x1, 0x91, 0x40, 0x18, 0xc0,
    0x3d, 0xb8, 0x1, 0x0,

    /* U+2022 "•" */
    0x5, 0x50, 0x3d, 0x51, 0xf4, 0x1, 0xb2, 0x22,
    0x90,

    /* U+2025 "‥" */
    0x0, 0xff, 0xe0, 0xf7, 0x0, 0x3d, 0xdc, 0x0,
    0x11, 0x80, 0x78, 0x8c, 0x0,

    /* U+2026 "…" */
    0x1, 0x0, 0xff, 0x8, 0x27, 0x48, 0x5, 0xdc,
    0x0, 0xa7, 0x91, 0xc0, 0x40, 0x22, 0x30, 0xb,
    0x81, 0xc0,

    /* U+2027 "‧" */
    0x5, 0x50, 0x3d, 0x51, 0xf4, 0x1, 0xb2, 0x22,
    0x90,

    /* U+2030 "‰" */
    0x7, 0xeb, 0x0, 0x86, 0xc0, 0x3e, 0x2a, 0xe2,
    0x50, 0x4, 0x40, 0x3, 0xe4, 0x50, 0xcc, 0x1,
    0x19, 0x80, 0x3e, 0x1f, 0x1, 0x30, 0x89, 0x0,
    0xfc, 0x5e, 0x2, 0x64, 0x6, 0x1, 0xf9, 0x10,
    0x19, 0x88, 0x8b, 0x18, 0x1, 0x18, 0xc0, 0x33,
    0x80, 0xe0, 0xc5, 0x94, 0x28, 0x59, 0x42, 0xb,
    0x93, 0x10, 0xdf, 0x4, 0x7d, 0xf0, 0x44, 0x0,
    0x46, 0x62, 0x31, 0xf, 0x13, 0x10, 0xf2, 0x0,
    0xa2, 0xc0, 0xc4, 0x3c, 0x4c, 0x43, 0xc4, 0x0,
    0x64, 0x40, 0xcf, 0x5, 0x4c, 0xf0, 0x54, 0x0,
    0x44, 0x0, 0xa, 0x1c, 0xa4, 0xa1, 0xd4, 0x40,

    /* U+2032 "′" */
    0x3f, 0x37, 0x2, 0x12, 0x12, 0x40, 0x5b, 0x0,

    /* U+2033 "″" */
    0x3f, 0x31, 0xf5, 0x70, 0x23, 0x6, 0x12, 0x11,
    0x1, 0x92, 0x3, 0x18, 0x2d, 0x83, 0xf8, 0x0,

    /* U+2035 "‵" */
    0x2d, 0xb0, 0x2c, 0x8,

    /* U+2039 "‹" */
    0x0, 0x14, 0x0, 0xfd, 0x86, 0xd1, 0x98, 0x9c,
    0xd, 0x60, 0x1, 0x4a, 0x80, 0x38, 0x60,

    /* U+203A "›" */
    0xa, 0x10, 0xb, 0x34, 0x2, 0x66, 0x58, 0x5,
    0x68, 0x1, 0x53, 0x0, 0x1c, 0x24, 0x1, 0xf6,
    0x0,

    /* U+203B "※" */
    0x73, 0x0, 0xb7, 0x40, 0x11, 0xbb, 0xa0, 0xc0,
    0x8b, 0x1, 0xc3, 0x85, 0x79, 0x95, 0xd8, 0x8f,
    0xe8, 0x0, 0x3b, 0xc6, 0x88, 0x3e, 0xd1, 0x0,
    0x87, 0xf8, 0xcd, 0xde, 0x20, 0x7, 0xf5, 0x2e,
    0xdd, 0x79, 0x2f, 0xbe, 0x6, 0x1, 0xaa, 0x88,
    0x30, 0x32, 0xa6, 0x41, 0x51, 0xa, 0x9, 0x95,
    0xb, 0x5, 0x49, 0x9a, 0x68, 0x18, 0x40, 0x15,
    0x26, 0x88, 0x39, 0xa0, 0xa, 0xa4, 0xca, 0xec,
    0x47, 0x34, 0xf, 0x26, 0x4, 0x58, 0xe, 0x5c,

    /* U+203C "‼" */
    0x2f, 0x40, 0x4, 0x78, 0x7, 0xbc, 0x0, 0x60,
    0x1c, 0x20, 0x13, 0x80, 0x4, 0x0, 0x20, 0x1c,
    0x60, 0x10, 0x80, 0xc, 0x3, 0xf0, 0x80, 0x46,
    0x0, 0x10, 0xa, 0x4, 0x0, 0xd4, 0x0, 0x40,
    0x8, 0x90, 0x1b, 0x20, 0x1, 0x7a, 0x44, 0xe,
    0x0, 0x10, 0x98,

    /* U+2042 "⁂" */
    0x0, 0xf3, 0xb0, 0x7, 0xfa, 0x8, 0x86, 0x50,
    0x1, 0xfa, 0xe3, 0xfd, 0x16, 0x1, 0xf8, 0xfc,
    0x45, 0xe6, 0x1, 0xfa, 0xcb, 0xb8, 0x56, 0x1,
    0xfa, 0xdc, 0xcc, 0xf6, 0x1, 0xf2, 0x80, 0x11,
    0x0, 0x5, 0x0, 0xf4, 0x80, 0x8, 0x80, 0x9,
    0x0, 0x93, 0x9, 0x4b, 0xc, 0xd8, 0x4a, 0x58,
    0x88, 0xea, 0x4a, 0xd3, 0x36, 0xd2, 0x57, 0x20,
    0x29, 0x39, 0x38, 0x1, 0xc9, 0xc9, 0x40, 0xc2,
    0x82, 0xb8, 0x89, 0xd4, 0x14, 0x6, 0x67, 0x7,
    0x8, 0x22, 0x40, 0x38, 0x39, 0x80,

    /* U+2047 "⁇" */
    0x4, 0xcf, 0xe8, 0x0, 0x26, 0x7f, 0x40, 0xd,
    0x5e, 0x4b, 0xb8, 0x6a, 0xf2, 0x5d, 0x87, 0x9c,
    0xdc, 0xf0, 0x79, 0xcd, 0xcf, 0x40, 0x38, 0x48,
    0x3, 0x84, 0x80, 0x33, 0x15, 0x80, 0x67, 0x2b,
    0x0, 0x8e, 0x68, 0x80, 0x24, 0x8b, 0x20, 0xb,
    0x99, 0x40, 0x35, 0x3a, 0x0, 0x44, 0x4b, 0x0,
    0xc4, 0x34, 0x1, 0x8a, 0x88, 0x3, 0x15, 0x10,
    0x7, 0x30, 0x7, 0x98, 0x3, 0x9b, 0x20, 0x3,
    0x3e, 0x38, 0x6, 0x20, 0xe0, 0xc, 0x40, 0x40,
    0x0,

    /* U+2048 "⁈" */
    0x3, 0xcf, 0xe8, 0x0, 0x17, 0xa0, 0xed, 0xe4,
    0xbb, 0x0, 0x61, 0xf7, 0x37, 0x3d, 0x0, 0x9c,
    0x4, 0x3, 0x8, 0x18, 0x7, 0x90, 0xe4, 0x2,
    0x10, 0x8, 0x69, 0xcc, 0x4, 0x3, 0xa8, 0xa0,
    0x3, 0x18, 0x0, 0x52, 0x0, 0x3f, 0x1a, 0x28,
    0x6, 0x41, 0x0, 0x14, 0x8, 0x6, 0x80, 0x9,
    0xb2, 0x0, 0x26, 0xc8, 0x0, 0x10, 0x70, 0x4,
    0x41, 0xc0,

    /* U+2049 "⁉" */
    0x2f, 0x40, 0x19, 0xef, 0xc3, 0x0, 0xe6, 0x3f,
    0xe6, 0xc0, 0x30, 0x9, 0xe8, 0x45, 0x0, 0x80,
    0x7, 0x0, 0xe6, 0x6, 0x10, 0xf, 0xa5, 0x8,
    0x0, 0x20, 0x1a, 0x8e, 0x80, 0x3e, 0x45, 0xd1,
    0x0, 0x8c, 0x2, 0xd3, 0x30, 0x5, 0x2, 0x1,
    0x64, 0x80, 0x64, 0x0, 0xc8, 0xe0, 0x13, 0x64,
    0x0, 0x59, 0xa2, 0x0, 0x20, 0xe0, 0x9, 0x88,
    0x40, 0x0,

    /* U+2051 "⁑" */
    0x0, 0x3b, 0x0, 0x20, 0x88, 0x65, 0x17, 0x1f,
    0xe8, 0xb3, 0xf1, 0x17, 0x9d, 0x97, 0x70, 0xae,
    0xce, 0x66, 0x7b, 0x0, 0x22, 0x0, 0x32, 0xa0,
    0x2, 0x8, 0x86, 0x51, 0x71, 0xfe, 0x8b, 0x3f,
    0x11, 0x79, 0xd9, 0x77, 0xa, 0xec, 0xe6, 0x67,
    0xb0, 0x2, 0x20, 0x0,

    /* U+2074 "⁴" */
    0x0, 0xab, 0xc0, 0x25, 0x0, 0xc3, 0x10, 0x0,
    0xae, 0xc, 0x0, 0x49, 0x18, 0x18, 0x5d, 0xb8,
    0x18, 0x1, 0xe0,

    /* U+20A9 "₩" */
    0xc, 0x90, 0x1, 0x0, 0x26, 0x80, 0xc, 0x40,
    0x7a, 0x60, 0x44, 0x0, 0x6b, 0x82, 0x93, 0x3,
    0xf0, 0x0, 0x88, 0x1c, 0xe4, 0x4, 0x40, 0x3,
    0x8, 0x16, 0xe8, 0x5, 0x80, 0x4, 0x2, 0xc6,
    0xc0, 0x2, 0x2, 0xa0, 0xd3, 0xf3, 0xc0, 0xb1,
    0x2b, 0x29, 0x3b, 0x18, 0x3b, 0x10, 0x3, 0x6b,
    0x81, 0x1b, 0x0, 0x62, 0x33, 0x3, 0x69, 0x0,
    0x6e, 0x6e, 0x2, 0x7e, 0x0, 0xc4, 0x50, 0x71,
    0x18, 0x0,

    /* U+20AB "₫" */
    0x0, 0xef, 0x40, 0x9, 0xf7, 0x41, 0x30, 0x0,
    0x7d, 0xd0, 0x4c, 0x3, 0x77, 0xc8, 0x4, 0x93,
    0x1d, 0xc0, 0xb, 0x91, 0x85, 0xc0, 0x26, 0x30,
    0xf, 0x39, 0x0, 0x7b, 0x54, 0xc1, 0xc0, 0x26,
    0x5c, 0xfd, 0x20, 0xa, 0xbb, 0x95, 0x88, 0x11,
    0xdf, 0xee, 0xfb, 0x0,

    /* U+20AC "€" */
    0x0, 0x8e, 0xff, 0xa0, 0x2, 0x3c, 0x1c, 0xb6,
    0x50, 0x7, 0x25, 0x1a, 0xe2, 0x81, 0x97, 0x80,
    0x44, 0x0, 0x50, 0x40, 0xe, 0x78, 0xe, 0xed,
    0x0, 0xec, 0x1d, 0xda, 0x1, 0xd8, 0x37, 0x6b,
    0x0, 0x3e, 0x84, 0xee, 0xac, 0x2, 0x32, 0xf0,
    0x8, 0x40, 0x29, 0x49, 0x34, 0xc8, 0x0, 0x25,
    0xae, 0x52, 0xc0,

    /* U+20DD "⃝" */
    0x0, 0xc7, 0x11, 0xe3, 0x0, 0xfa, 0x16, 0x23,
    0xcb, 0x0, 0x1d, 0x32, 0x60, 0xf, 0x34, 0xc8,
    0x2, 0x7b, 0x10, 0xf, 0xc3, 0x6e, 0x1, 0x10,
    0x7, 0xf8, 0xbc, 0x15, 0x0, 0x3f, 0xf8, 0x16,
    0xa4, 0x60, 0x1f, 0xfc, 0x3, 0x20, 0xf, 0xfe,
    0x21, 0x18, 0x7, 0xff, 0x0, 0xc9, 0x6c, 0x3,
    0xff, 0x81, 0x6a, 0x1e, 0x40, 0x1f, 0xe2, 0xf0,
    0x3, 0xd8, 0x80, 0x7e, 0x1b, 0x70, 0xa, 0x64,
    0xc0, 0x1e, 0x69, 0x90, 0x7, 0x42, 0xc4, 0x79,
    0x60, 0x2,

    /* U+20DE "⃞" */
    0xc8, 0x8f, 0xfe, 0x12, 0x44, 0x7f, 0xf0, 0x40,
    0x3f, 0xff, 0xe0, 0x1f, 0xff, 0xf0, 0xf, 0xfe,
    0x22, 0x44, 0x7f, 0xf0, 0x40,

    /* U+2100 "℀" */
    0x0, 0x46, 0xdc, 0x18, 0x4, 0x96, 0x1, 0x41,
    0xe4, 0x39, 0x0, 0x6, 0x28, 0x0, 0x2f, 0x42,
    0x38, 0x1, 0x70, 0x20, 0x2, 0x31, 0x7, 0x40,
    0x3, 0x12, 0x0, 0x62, 0x1, 0x8d, 0x2, 0xa8,
    0x0, 0xc6, 0x5d, 0x6e, 0x61, 0xdc, 0x0, 0xf6,
    0x75, 0x51, 0x22, 0x88, 0x17, 0x30, 0x80, 0x1c,
    0x84, 0xc0, 0xb1, 0xda, 0xc0, 0x18, 0x62, 0xc0,
    0x17, 0xc4, 0x24, 0x1, 0xaa, 0x4, 0x4, 0x46,
    0x1, 0xe6, 0x34, 0x0, 0x8, 0x18, 0x8, 0x4,
    0x55, 0x0, 0x1a, 0xb7, 0x52, 0x0,

    /* U+2103 "℃" */
    0x0, 0x11, 0x0, 0x3f, 0xf8, 0x33, 0xd3, 0x20,
    0xc, 0xb7, 0xdb, 0x22, 0x4, 0xb9, 0x6a, 0x40,
    0xa, 0xa0, 0x4a, 0xa6, 0x0, 0x7e, 0x75, 0x9b,
    0x78, 0xdf, 0x2, 0x4c, 0xc2, 0x10, 0x4a, 0x30,
    0x6, 0x20, 0x4, 0x6e, 0xa0, 0xc, 0x74, 0x3,
    0xf8, 0x44, 0x0, 0x60, 0x50, 0xf, 0xfe, 0x88,
    0x83, 0x0, 0x7f, 0xf0, 0x54, 0x30, 0x3, 0xff,
    0x82, 0x2a, 0xc4, 0x1, 0x8c, 0x3, 0xf5, 0x8e,
    0x31, 0x1d, 0x61, 0x0, 0x7c, 0x3e, 0x93, 0xb8,
    0xf6, 0x40, 0x1f, 0x86, 0xbf, 0x76, 0x40,

    /* U+2105 "℅" */
    0x0, 0x46, 0xe8, 0xc0, 0x31, 0xd0, 0x6, 0x82,
    0xdf, 0x30, 0x8, 0x7e, 0xc0, 0x21, 0x6b, 0x2,
    0x0, 0xd7, 0x2, 0x1, 0x29, 0x8, 0x7, 0x31,
    0xa0, 0x6, 0x62, 0x10, 0xc, 0x55, 0x20, 0x1c,
    0x4d, 0xfa, 0xc0, 0xe, 0xe0, 0x7, 0xd1, 0xda,
    0xc1, 0x14, 0x40, 0xb9, 0x85, 0x0, 0xf2, 0x13,
    0x3, 0x4e, 0xf5, 0x8, 0x6, 0x18, 0xb0, 0x4,
    0x70, 0x90, 0x90, 0x6, 0xa8, 0x10, 0x11, 0x10,
    0x8, 0x8c, 0x2, 0x63, 0x40, 0x0, 0x81, 0x5,
    0xb0, 0x4, 0x55, 0x0, 0x1a, 0x73, 0x4a, 0x40,

    /* U+2109 "℉" */
    0x2, 0x63, 0x0, 0xff, 0x1f, 0x8f, 0xa8, 0x3,
    0x7f, 0xfb, 0x26, 0x4f, 0xd2, 0x0, 0x34, 0xaa,
    0xd0, 0x64, 0x2, 0xe0, 0x11, 0x2a, 0xe4, 0x8a,
    0xbe, 0x80, 0xf, 0xe1, 0xc9, 0xd3, 0x0, 0xff,
    0x88, 0x3, 0x89, 0x57, 0x0, 0x7f, 0x25, 0x56,
    0x0, 0xfe, 0x6f, 0xfc, 0x1, 0xff, 0xe6, 0x5e,
    0x0, 0xe0,

    /* U+210A "ℊ" */
    0x0, 0x8e, 0xf6, 0x86, 0x80, 0x25, 0xc2, 0x93,
    0xf4, 0x0, 0x15, 0x3c, 0xa4, 0x92, 0x80, 0x2c,
    0xa0, 0x2, 0x13, 0x0, 0x3a, 0x80, 0x42, 0x5a,
    0x0, 0x1f, 0x0, 0x94, 0x1c, 0x0, 0x56, 0x0,
    0x5a, 0x12, 0x0, 0x49, 0xf7, 0x48, 0xa0, 0x12,
    0xa2, 0x36, 0xd8, 0xc0, 0x3, 0xfd, 0x46, 0x7,
    0xa0, 0x6, 0x25, 0x0, 0x38, 0x28, 0x0, 0x4d,
    0x49, 0xe2, 0x40, 0x26, 0x7b, 0xda, 0x96, 0x0,
    0x80,

    /* U+210F "ℏ" */
    0x0, 0xab, 0x0, 0x3e, 0x75, 0x2, 0x20, 0x0,
    0xa0, 0x9f, 0x21, 0x80, 0x2e, 0xd, 0xca, 0x40,
    0x1, 0x0, 0xc, 0x54, 0xc0, 0x2f, 0x37, 0xfb,
    0xc6, 0x0, 0x29, 0xff, 0x70, 0xb4, 0x0, 0x6f,
    0x0, 0x6, 0x0, 0x10, 0x60, 0x4, 0xc6, 0xe,
    0x8, 0x0, 0x12, 0xd0, 0xd2, 0x0, 0x94, 0x10,
    0xd, 0xc0, 0x23, 0x11, 0x2, 0xe8, 0x5, 0xaa,
    0x0, 0xd6, 0x0, 0xa2, 0x80,

    /* U+2113 "ℓ" */
    0x0, 0xe, 0x7e, 0x8, 0x5, 0x63, 0xa1, 0x60,
    0x12, 0xd1, 0x5b, 0x80, 0x4, 0x8, 0x0, 0x20,
    0x1e, 0xc5, 0x0, 0xe3, 0x4a, 0x0, 0xc7, 0xec,
    0x60, 0x1a, 0x6, 0x40, 0x23, 0x3, 0xc0, 0x8,
    0xf0, 0x20, 0x40, 0x34, 0x81, 0x80, 0x63, 0x73,
    0xb2, 0x24, 0x0, 0x5c, 0x7b, 0xa1, 0x0, 0x8b,
    0xb7, 0xa4, 0x0,

    /* U+2116 "№" */
    0x29, 0x40, 0x8, 0x69, 0x0, 0x3c, 0xcc, 0x90,
    0x9, 0x15, 0xc1, 0xb3, 0xc, 0x0, 0x13, 0x40,
    0x1, 0x89, 0xb4, 0x7f, 0xa1, 0x80, 0x13, 0xe0,
    0x1d, 0xac, 0x66, 0x9d, 0x1, 0x64, 0x30, 0xe,
    0xf0, 0xf, 0xb, 0x48, 0x6, 0xd9, 0x33, 0x56,
    0x80, 0x56, 0xa2, 0x1, 0x34, 0xf7, 0x29, 0x80,
    0x22, 0x49, 0x30, 0x9, 0xf7, 0x4e, 0x1, 0xde,
    0xe0, 0x11, 0xdd, 0xe3, 0x0, 0xc8, 0x7c, 0x0,
    0x39, 0x9c, 0x66, 0x0, 0xd2, 0x80, 0x11, 0x16,
    0xa, 0x40, 0x9, 0x4c, 0x80, 0x3e, 0xdb, 0x0,
    0xd9, 0x80, 0xf, 0x80,

    /* U+2121 "℡" */
    0x5f, 0xfd, 0x80, 0x1f, 0xe4, 0xc7, 0x1c, 0xe0,
    0xf, 0xf0, 0x9f, 0x19, 0x88, 0x8, 0xa0, 0x1,
    0x0, 0x7f, 0x36, 0xec, 0xc5, 0xa2, 0x1, 0xfc,
    0x7f, 0xe6, 0x0, 0xff, 0xe8, 0x88, 0x80, 0x3f,
    0xf8, 0x27, 0xf6, 0x1, 0xff, 0xc1, 0x3e, 0xa0,
    0xf, 0xfe, 0x90, 0x88, 0x2, 0x22, 0x8, 0x7,
    0xc7, 0xdc, 0x90, 0x6, 0x6d, 0x0,

    /* U+2122 "™" */
    0x0, 0xff, 0xb7, 0xbf, 0xa5, 0xfc, 0x42, 0x7b,
    0x70, 0x7a, 0x40, 0xa4, 0x14, 0x3, 0xe5, 0x53,
    0x20, 0x7, 0xc2, 0x91, 0x40, 0x1f, 0xa9, 0x88,
    0x0, 0x70, 0x0, 0x4d, 0x38, 0x9,

    /* U+2126 "Ω" */
    0x0, 0x96, 0xfb, 0x98, 0xe0, 0x1d, 0x54, 0x18,
    0x82, 0xc6, 0x88, 0x2, 0x16, 0xa8, 0xcc, 0x9d,
    0x3d, 0x1, 0x76, 0x50, 0xc, 0x56, 0x68, 0xa1,
    0x40, 0x1e, 0x50, 0xc2, 0x3, 0x0, 0xf8, 0x88,
    0x60, 0x20, 0x1f, 0x8d, 0xc1, 0x40, 0x3e, 0x2f,
    0x23, 0xe0, 0xf, 0x38, 0x38, 0x7a, 0xa8, 0x3,
    0x14, 0x48, 0x90, 0x45, 0x30, 0x0, 0xf1, 0x54,
    0x71, 0x90, 0x10, 0x0, 0x81, 0x5c, 0xd0,

    /* U+2127 "℧" */
    0x3f, 0xfb, 0x40, 0x1b, 0xff, 0x21, 0x54, 0x2,
    0x0, 0x10, 0x22, 0x94, 0x56, 0xd2, 0x40, 0x12,
    0x96, 0xa2, 0xc, 0x72, 0x1, 0xa4, 0xd8, 0x1,
    0xa6, 0x40, 0x18, 0x8e, 0x80, 0x8, 0xc0, 0x1e,
    0x53, 0x0, 0x8c, 0x3, 0xfc, 0x26, 0x1, 0xe3,
    0x0, 0x95, 0x0, 0x3c, 0x88, 0x0, 0x70, 0xb8,
    0x6, 0x71, 0xe0, 0x2, 0xaa, 0x20, 0x66, 0x88,
    0x2a, 0x80, 0x2a, 0x77, 0x66, 0x1d, 0xd4, 0x1,
    0xd1, 0xfb, 0xaf, 0x80, 0x8,

    /* U+212B "Å" */
    0x0, 0xe1, 0x0, 0xfc, 0x39, 0x5a, 0xc0, 0x1e,
    0x64, 0xbc, 0x90, 0xf, 0x8, 0x80, 0x2, 0x1,
    0xe6, 0x3d, 0xfd, 0x0, 0xfb, 0x4c, 0x48, 0x3,
    0xea, 0x91, 0x70, 0xf, 0x11, 0x15, 0x28, 0x3,
    0xd4, 0x44, 0xf3, 0x10, 0xe, 0x55, 0x2, 0x83,
    0x0, 0x63, 0x2b, 0x0, 0x2d, 0x80, 0x6b, 0xc,
    0xff, 0x29, 0x90, 0x4, 0xcb, 0x77, 0x81, 0x40,
    0x6, 0x3c, 0x89, 0xd4, 0x0, 0xa1, 0x40, 0xd,
    0xa4, 0x40, 0x26, 0x0, 0xe7, 0x34,

    /* U+212E "℮" */
    0x0, 0xc8, 0xec, 0xd2, 0x80, 0x78, 0x64, 0x5d,
    0x9b, 0x51, 0x0, 0x6d, 0xd2, 0x80, 0x63, 0xaf,
    0x10, 0x3, 0x9b, 0x0, 0x7c, 0x74, 0x0, 0x90,
    0xf, 0xf2, 0x8, 0xc0, 0x1f, 0xf2, 0x98, 0x1,
    0x57, 0xf5, 0xd3, 0x10, 0x1, 0x57, 0xfc, 0x40,
    0x80, 0x1f, 0xfc, 0x18, 0x0, 0xff, 0xe0, 0x9c,
    0xd8, 0x7, 0x9a, 0x0, 0x33, 0x54, 0xa0, 0x0,
    0xe0, 0xe0, 0x3, 0x8e, 0x59, 0x14, 0x61, 0x40,
    0x20,

    /* U+2135 "ℵ" */
    0x2, 0x20, 0x6, 0x20, 0xe, 0xf1, 0x0, 0xdf,
    0xc, 0x60, 0x15, 0x80, 0x6e, 0x19, 0xc3, 0xb,
    0x75, 0x0, 0x8c, 0xb3, 0x4, 0xc, 0xca, 0x50,
    0x1, 0x91, 0x98, 0x40, 0x16, 0x34, 0xa1, 0x74,
    0x1, 0x93, 0x29, 0xa9, 0x44, 0x40, 0x1a, 0xa8,
    0x92, 0xd4, 0x80, 0x18, 0x44, 0xc0, 0x9, 0x62,
    0x50, 0x8, 0x44, 0x80, 0x14, 0xb4, 0x20, 0x5,
    0x10, 0x0, 0xd2, 0xd4, 0x20, 0x6, 0x14, 0x0,
    0xd2, 0x68, 0x0, 0x61, 0x50, 0xe, 0x16, 0x0,
    0x3f, 0x8, 0x7, 0x69, 0x80,

    /* U+213B "℻" */
    0xc, 0xcc, 0x21, 0x52, 0x3, 0x60, 0x6, 0x60,
    0x1c, 0x44, 0x22, 0x47, 0x1, 0x63, 0xa, 0x20,
    0x2, 0x24, 0xa, 0x86, 0x20, 0xb6, 0x4, 0x80,
    0x1e, 0x32, 0x75, 0xb, 0x44, 0x80, 0x3e, 0xdd,
    0x11, 0x81, 0x8f, 0xf8, 0x2, 0x66, 0x18, 0x3b,
    0xb7, 0x40, 0x5, 0x45, 0x0, 0xb3, 0xc, 0x4,
    0x47, 0x70, 0x0, 0x40, 0x3a, 0xa8, 0xa8, 0x15,
    0x4, 0x0, 0x75, 0x50, 0x7, 0x8d, 0x3b, 0x84,
    0x88, 0x5f, 0xf0, 0x7, 0xb7, 0x48, 0x91, 0xee,
    0x95, 0x0, 0x3c, 0xea, 0x0, 0xfd, 0x74, 0x5,
    0x50, 0x7, 0x11, 0x80, 0x15, 0x46, 0x41, 0xbe,

    /* U+2160 "Ⅰ" */
    0xcc, 0x0, 0x7f, 0xf2, 0x80,

    /* U+2161 "Ⅱ" */
    0x2f, 0x60, 0x3, 0x79, 0x0, 0x7f, 0xff, 0xc0,
    0x3f, 0xf8, 0x20,

    /* U+2162 "Ⅲ" */
    0x7f, 0x0, 0xb3, 0x0, 0x17, 0xb8, 0x7, 0xff,
    0xfc, 0x3, 0xff, 0xda,

    /* U+2163 "Ⅳ" */
    0x6f, 0x21, 0xf8, 0x0, 0xeb, 0xc0, 0x8, 0x4d,
    0x0, 0x39, 0x2c, 0x3, 0x59, 0x88, 0x4, 0xa0,
    0xa0, 0x19, 0x41, 0xc0, 0x2c, 0x22, 0x0, 0x62,
    0x26, 0x0, 0x4e, 0x80, 0x1e, 0x55, 0x0, 0x8,
    0x74, 0x3, 0xd6, 0x8, 0xa, 0x28, 0x1, 0xe3,
    0x1c, 0xb, 0x40, 0xf, 0xce, 0x80, 0x7e, 0x1,
    0xfb, 0x4d, 0x81, 0x40, 0x3f, 0x20, 0x42, 0x0,
    0x7f, 0x94, 0x74, 0x2,

    /* U+2164 "Ⅴ" */
    0x7f, 0x20, 0xc, 0x3e, 0xea, 0xa, 0x1, 0x90,
    0x14, 0x89, 0x80, 0x1b, 0xc8, 0x80, 0xa8, 0x1,
    0x91, 0x40, 0x16, 0xa, 0x0, 0x31, 0xb0, 0x1,
    0x8e, 0x0, 0x2c, 0x4c, 0x2, 0x77, 0x0, 0x15,
    0xc0, 0x36, 0x89, 0x9, 0x68, 0x6, 0x40, 0x54,
    0x4, 0x0, 0xe5, 0xcf, 0x50, 0xf, 0x7a, 0x2f,
    0x80, 0x79, 0x40, 0x8, 0x1, 0x0,

    /* U+2165 "Ⅵ" */
    0xcc, 0x0, 0x73, 0xf8, 0x97, 0xad, 0x98, 0x80,
    0x6c, 0x31, 0x0, 0x94, 0x1c, 0x3, 0x25, 0x80,
    0x62, 0x26, 0x0, 0x48, 0xa, 0x1, 0xca, 0xa0,
    0xb, 0x48, 0x80, 0x1d, 0x60, 0x80, 0x7, 0x50,
    0xf, 0x18, 0xe0, 0x10, 0xd8, 0x7, 0xc8, 0xa0,
    0xa2, 0x60, 0x1f, 0x79, 0xe, 0x38, 0x7, 0xe5,
    0x7, 0x4c, 0x0, 0xfe, 0x48, 0x5, 0x0, 0xfe,
    0xd1, 0x40, 0xf, 0x80,

    /* U+2166 "Ⅶ" */
    0xcd, 0x0, 0xcf, 0xe3, 0x1e, 0x0, 0xcc, 0x59,
    0x8, 0x5, 0xa4, 0x20, 0x1e, 0x40, 0x40, 0x9,
    0x10, 0x1, 0xf1, 0x86, 0x80, 0x8, 0x74, 0x3,
    0xf2, 0x20, 0x0, 0xe0, 0x80, 0x1f, 0xb0, 0xc0,
    0x18, 0x60, 0x1f, 0xc8, 0x6, 0x8, 0x80, 0xf,
    0xe3, 0x14, 0x2, 0xc0, 0xf, 0xf2, 0x6a, 0x2,
    0x0, 0x7f, 0xb1, 0x30, 0xc0, 0x3f, 0xe4, 0x16,
    0x40, 0xf, 0xf8, 0x84, 0x56, 0x1, 0xfc,

    /* U+2167 "Ⅷ" */
    0xd8, 0x0, 0x1f, 0x8b, 0xf0, 0x3f, 0x3, 0xeb,
    0x98, 0x1, 0x84, 0x40, 0x1f, 0xb5, 0x80, 0x1a,
    0xa0, 0x1f, 0xc6, 0x40, 0x2, 0x20, 0x7, 0xf2,
    0x81, 0x83, 0xf8, 0x7, 0xf0, 0x89, 0x80, 0x94,
    0x3, 0xfc, 0xba, 0x40, 0x60, 0x1f, 0xe3, 0x26,
    0x20, 0xf, 0xfb, 0x1c, 0xdc, 0x3, 0xfe, 0x52,
    0xdd, 0x0, 0x7f, 0xc2, 0x25, 0x30, 0xf, 0xfe,
    0x2, 0x82, 0x80, 0x7f, 0x80,

    /* U+2168 "Ⅸ" */
    0x5f, 0x20, 0x7f, 0x30, 0x9, 0xbc, 0xc0, 0x33,
    0x8c, 0x0, 0x50, 0xa6, 0x1, 0xd0, 0x86, 0xc,
    0x30, 0x1, 0xe6, 0x28, 0x8, 0x62, 0x0, 0xfa,
    0x52, 0x86, 0x0, 0x3f, 0x21, 0xac, 0x8, 0x7,
    0xf1, 0x7, 0x0, 0x7f, 0x40, 0x4b, 0x10, 0x7,
    0xc2, 0xf2, 0xc5, 0x20, 0x1f, 0x40, 0xb8, 0x42,
    0x20, 0x3, 0x89, 0xa0, 0x0, 0xa7, 0x20, 0x1d,
    0x24, 0xc0, 0x14, 0x13, 0x0,

    /* U+2169 "Ⅹ" */
    0xd, 0xd0, 0x6, 0xcd, 0x0, 0x49, 0x28, 0x1,
    0xe, 0x40, 0x8, 0x70, 0x0, 0x84, 0x40, 0x5,
    0xe4, 0xc8, 0x70, 0x1, 0x8d, 0x62, 0xa, 0x60,
    0x1d, 0x2, 0x70, 0x1, 0xe7, 0x0, 0x8, 0x7,
    0xa1, 0x93, 0xc0, 0x39, 0x8a, 0x20, 0x6a, 0x1,
    0xa1, 0x84, 0xd2, 0xc0, 0x28, 0x18, 0x0, 0x48,
    0xb8, 0xb, 0xb8, 0x40, 0x4, 0xb0, 0x20,

    /* U+216A "Ⅺ" */
    0x3f, 0x70, 0x8, 0xbd, 0xc0, 0xbd, 0x8d, 0x64,
    0x2, 0xb1, 0x70, 0xe, 0x81, 0x80, 0x26, 0x80,
    0xf, 0x13, 0x38, 0xd9, 0x30, 0x7, 0xd0, 0x16,
    0xd0, 0x1, 0xf8, 0x61, 0x4d, 0x40, 0x3f, 0xb4,
    0x4, 0x3, 0xf8, 0xd6, 0x89, 0xc0, 0x3f, 0x7a,
    0x2b, 0xc0, 0x80, 0x79, 0x4e, 0x2, 0x42, 0x0,
    0x3d, 0x8, 0x60, 0x2e, 0xc4, 0x1, 0x98, 0xa0,
    0x2, 0x81, 0x90, 0xc,

    /* U+216B "Ⅻ" */
    0x7f, 0x10, 0xb, 0x28, 0x23, 0x80, 0x15, 0xae,
    0x30, 0x0, 0x43, 0x80, 0xf, 0xd0, 0xc2, 0x10,
    0xa4, 0x1, 0xf9, 0x86, 0x4c, 0xd0, 0x1, 0xfe,
    0x87, 0x85, 0x20, 0xf, 0xf3, 0xa, 0x40, 0x7,
    0xfc, 0x22, 0x1, 0x0, 0xff, 0xa1, 0x17, 0xc0,
    0x3f, 0xc4, 0xdf, 0x26, 0x80, 0x1f, 0xd0, 0x68,
    0x69, 0x20, 0x1f, 0x89, 0x60, 0x1, 0x24, 0xa0,
    0x1f, 0x41, 0xa0, 0x0, 0x96, 0x0, 0x3e,

    /* U+2170 "ⅰ" */
    0xd, 0xd0, 0x0, 0x44, 0x0, 0xcc, 0x0, 0x7b,
    0x30, 0x1, 0xff, 0xd5,

    /* U+2171 "ⅱ" */
    0x1e, 0xa0, 0x4, 0xf0, 0x81, 0x98, 0x0, 0x26,
    0x3, 0xb2, 0x0, 0x8d, 0x10, 0xf, 0xef, 0x80,
    0x4, 0x78, 0x7, 0xff, 0xd4,

    /* U+2172 "ⅲ" */
    0x4f, 0x60, 0x6, 0xe8, 0x0, 0xde, 0x8e, 0x20,
    0x10, 0x88, 0x2, 0x17, 0x3e, 0x60, 0x6, 0x60,
    0x0, 0xdc, 0x60, 0x1f, 0xfc, 0x2, 0xf5, 0x0,
    0x66, 0x0, 0xb, 0xe4, 0x1, 0xff, 0xff, 0x0,
    0xff, 0xe4, 0x80,

    /* U+2173 "ⅳ" */
    0x1e, 0xa0, 0xf, 0xf8, 0xcc, 0x1, 0xfe, 0x1d,
    0x90, 0xf, 0xfe, 0x67, 0xc8, 0x4f, 0x0, 0x67,
    0xf0, 0xe, 0xa1, 0x40, 0xa, 0xd4, 0x3, 0x8c,
    0x74, 0x0, 0x27, 0xe0, 0x1e, 0x67, 0x0, 0x38,
    0x28, 0x7, 0xac, 0x4c, 0x35, 0x40, 0x3e, 0x32,
    0xb1, 0x4f, 0x0, 0xfc, 0xaa, 0x40, 0x50, 0xf,
    0xd4, 0x52, 0xa0, 0x1f, 0xc4, 0x43, 0xe0, 0x8,

    /* U+2174 "ⅴ" */
    0xcb, 0x0, 0xd5, 0x96, 0x82, 0x1, 0x2d, 0xb0,
    0x38, 0x1, 0x1, 0x84, 0xf4, 0x1, 0xc6, 0x21,
    0x48, 0x0, 0x4b, 0x0, 0x38, 0x2a, 0xb, 0x0,
    0x5, 0x3f, 0xc, 0x40, 0x2e, 0x45, 0xa0, 0xc,
    0xa2, 0x4e, 0x0,

    /* U+2175 "ⅵ" */
    0x0, 0xff, 0x57, 0x8, 0x7, 0xf8, 0xcc, 0x1,
    0xff, 0x4e, 0x88, 0x7, 0xff, 0xb, 0xe0, 0x3,
    0x74, 0x84, 0xf0, 0x1, 0x54, 0x1, 0x18, 0xe8,
    0x7, 0x71, 0x10, 0x1, 0x62, 0x80, 0x1c, 0x83,
    0x40, 0x5, 0x70, 0xf, 0x9d, 0x40, 0x89, 0x40,
    0x1f, 0x69, 0x11, 0x44, 0xc0, 0x3e, 0x41, 0x4b,
    0x60, 0xf, 0xe7, 0xa3, 0xb0, 0xf, 0xea, 0x32,
    0x30, 0xf, 0x0,

    /* U+2176 "ⅶ" */
    0x0, 0xfe, 0xeb, 0x0, 0x75, 0x80, 0x7f, 0x18,
    0x80, 0xc, 0x40, 0x3f, 0xb6, 0x80, 0x1b, 0x40,
    0x1f, 0xfc, 0x3a, 0xe0, 0xd, 0xb2, 0x1d, 0x40,
    0xd, 0xae, 0x13, 0x0, 0x11, 0x34, 0x3, 0xe4,
    0x4, 0x0, 0x28, 0x20, 0x7, 0xe5, 0xb0, 0x6,
    0x28, 0x7, 0xf7, 0x98, 0x82, 0x78, 0x7, 0xf2,
    0x82, 0x28, 0x28, 0x7, 0xf9, 0x7f, 0x10, 0x3,
    0xfe, 0xf4, 0x7e, 0x0, 0xff, 0x94, 0x44, 0x80,
    0x1f, 0xc0,

    /* U+2177 "ⅷ" */
    0x0, 0xfa, 0xf0, 0x23, 0x81, 0xbc, 0x80, 0x3e,
    0x17, 0x0, 0x18, 0x18, 0x80, 0x7e, 0xab, 0x8,
    0xd0, 0x5e, 0x20, 0xf, 0xfe, 0x26, 0x50, 0x1,
    0xf4, 0x2a, 0xc1, 0xf4, 0x17, 0xc1, 0x1c, 0x1,
    0xae, 0x1, 0xfe, 0xc2, 0x0, 0x3e, 0x0, 0x7f,
    0x94, 0xc, 0x9, 0x0, 0x3f, 0xc2, 0x4a, 0x60,
    0x40, 0x1f, 0xf2, 0x7a, 0x20, 0x3, 0xff, 0x81,
    0x8b, 0xb8, 0x1, 0xff, 0xc0, 0x43, 0x73, 0x0,
    0xff, 0xe0, 0x9, 0x11, 0x0, 0x3f, 0xe0,

    /* U+2178 "ⅸ" */
    0xd, 0xd0, 0x7, 0xf8, 0x44, 0x1, 0xfe, 0xcc,
    0x0, 0x7f, 0xf2, 0xb3, 0x0, 0x3f, 0x20, 0x1,
    0xf7, 0x0, 0xc3, 0x2c, 0x41, 0x64, 0xe0, 0x1c,
    0xc7, 0x24, 0xb2, 0x1, 0xf7, 0xa7, 0xa2, 0x0,
    0x3e, 0x32, 0x27, 0x80, 0x7e, 0x63, 0x34, 0x0,
    0x7c, 0x33, 0x1e, 0x6c, 0x1, 0xeb, 0x26, 0x36,
    0x81, 0x0, 0xc8, 0xb2, 0x0, 0x80, 0xb0,

    /* U+2179 "ⅹ" */
    0x3f, 0x60, 0x2, 0x7a, 0x1a, 0xc0, 0x2, 0x55,
    0x2, 0xc2, 0x14, 0xac, 0x0, 0x30, 0xf7, 0x2,
    0x1, 0x38, 0xb, 0x0, 0x6b, 0x31, 0x80, 0x9,
    0x17, 0xe1, 0x8c, 0x1, 0x2a, 0x6c, 0x7e, 0xe,
    0x56, 0x0, 0xf3, 0x70,

    /* U+217A "ⅺ" */
    0x0, 0xfe, 0xdd, 0x0, 0x7f, 0x84, 0x40, 0x1f,
    0xec, 0xc0, 0x7, 0xff, 0x5, 0xfc, 0x80, 0x11,
    0xe2, 0x19, 0x80, 0x72, 0xe0, 0x17, 0x81, 0x0,
    0xee, 0x35, 0x82, 0x70, 0xf, 0x1b, 0x5b, 0x48,
    0x7, 0xed, 0x12, 0x40, 0xf, 0xd2, 0xa4, 0xa0,
    0x1f, 0x39, 0xdb, 0x58, 0x80, 0x70, 0xc4, 0x8c,
    0x4, 0x0, 0x75, 0x93, 0x80, 0xc3, 0x18, 0x6,

    /* U+217B "ⅻ" */
    0x0, 0xfc, 0x3d, 0x20, 0x3d, 0x40, 0x1f, 0xc6,
    0x20, 0x3, 0x30, 0x7, 0xe1, 0xd8, 0x1, 0xd9,
    0x0, 0xff, 0xe1, 0x8f, 0xc0, 0x1, 0x3c, 0xc3,
    0xe0, 0x1, 0xf2, 0x30, 0xe4, 0x10, 0xa6, 0x1,
    0xf9, 0xca, 0x10, 0xe0, 0x3, 0xfd, 0x2b, 0x2e,
    0x40, 0x1f, 0xe4, 0x2, 0xa0, 0xf, 0xfa, 0x8,
    0x90, 0x1, 0xfe, 0x27, 0x88, 0x29, 0x80, 0x7f,
    0x49, 0xaa, 0x8f, 0x80, 0x3f, 0x22, 0x20, 0x1,
    0xe4, 0xc0, 0x1f, 0x0,

    /* U+2190 "←" */
    0x0, 0xff, 0xe4, 0x5a, 0x0, 0x7f, 0xf0, 0x6d,
    0xd0, 0x3, 0xfe, 0x1c, 0xc, 0x0, 0xff, 0x8b,
    0xcd, 0xb7, 0x7f, 0xe4, 0x2b, 0x4, 0x99, 0xff,
    0x94, 0x17, 0x1c, 0x91, 0x3f, 0xc2, 0x0, 0x3d,
    0x84, 0x0, 0xff, 0xe0, 0x9e, 0xa0, 0x7, 0xf8,

    /* U+2191 "↑" */
    0x0, 0x94, 0x40, 0x38, 0xea, 0x80, 0x18, 0xb4,
    0x12, 0x40, 0x5, 0x8c, 0x72, 0x92, 0x1c, 0xd0,
    0x7, 0x88, 0xb9, 0x0, 0x10, 0xea, 0x80, 0x7f,
    0xff, 0x0,

    /* U+2192 "→" */
    0x0, 0xff, 0xe7, 0x25, 0x80, 0x7f, 0xf0, 0x91,
    0xec, 0x3, 0xff, 0x85, 0x81, 0x82, 0x9, 0xbb,
    0xff, 0x31, 0xf9, 0x2c, 0xcf, 0xfc, 0x81, 0x64,
    0x28, 0x9f, 0xe2, 0x7c, 0x50, 0xf, 0xf9, 0x27,
    0x4c, 0x3, 0xff, 0x80, 0x98, 0x60, 0x10,

    /* U+2193 "↓" */
    0x0, 0xb1, 0x40, 0x3f, 0xfe, 0xe2, 0x1, 0xf6,
    0xc0, 0x4, 0x3a, 0xbc, 0xb0, 0x7, 0x88, 0xa5,
    0xec, 0x72, 0x92, 0x0, 0x2d, 0x4, 0x90, 0xc,
    0x75, 0x40, 0x8,

    /* U+2194 "↔" */
    0x0, 0xd4, 0x80, 0x19, 0x28, 0x3, 0xea, 0x74,
    0x0, 0xc8, 0xd4, 0x1, 0xd6, 0xd8, 0x1, 0xed,
    0x6b, 0x0, 0x16, 0xa0, 0xee, 0x67, 0xb4, 0x53,
    0x48, 0x96, 0xf, 0x33, 0xf9, 0xc2, 0xc8, 0x1a,
    0xd4, 0xd5, 0x7c, 0x6b, 0x6c, 0x1, 0x26, 0x4a,
    0x0, 0x64, 0x9c, 0x40, 0xe, 0x3c, 0x50, 0xc,
    0xb8, 0x60, 0x10,

    /* U+2195 "↕" */
    0x0, 0x88, 0x3, 0xc3, 0xf0, 0x1, 0xd4, 0x4e,
    0xa0, 0x15, 0x81, 0xbd, 0x28, 0x5b, 0xd8, 0x6d,
    0xd2, 0x46, 0x0, 0x49, 0x88, 0x60, 0x1c, 0x60,
    0x1f, 0xfc, 0xd5, 0x10, 0xc, 0xa3, 0x98, 0x10,
    0x3, 0x51, 0x4a, 0xe0, 0xfc, 0x61, 0x84, 0x39,
    0x2e, 0x98, 0x5, 0x47, 0x26, 0x1, 0xda, 0xc0,
    0x10,

    /* U+2196 "↖" */
    0x13, 0x10, 0xf, 0xf6, 0x77, 0xfc, 0xc0, 0x1c,
    0x20, 0x9, 0xee, 0x30, 0x7, 0x86, 0x64, 0x82,
    0x1, 0xf9, 0x72, 0x94, 0x3, 0xf0, 0x9e, 0x52,
    0x80, 0x7a, 0xc8, 0xf, 0x29, 0x40, 0x39, 0x40,
    0x23, 0xca, 0x50, 0xf, 0xe3, 0xca, 0x50, 0xf,
    0xe3, 0xca, 0x50, 0xf, 0xe3, 0xca, 0x40, 0xf,
    0xe3, 0xc4,

    /* U+2197 "↗" */
    0x0, 0xfe, 0x13, 0x10, 0xe, 0x6f, 0xfb, 0xb0,
    0x3, 0xcd, 0xdc, 0x90, 0x0, 0x80, 0x78, 0x52,
    0x64, 0x20, 0x1f, 0x2d, 0x62, 0x80, 0x7c, 0xb5,
    0x86, 0x20, 0x1e, 0x5a, 0xc3, 0x2, 0xb0, 0xc,
    0xb5, 0x86, 0x1, 0x28, 0x4, 0xb5, 0x86, 0x1,
    0xf2, 0xd6, 0x18, 0x7, 0xc9, 0x58, 0x60, 0x1f,
    0x93, 0xc, 0x3, 0xf8,

    /* U+2198 "↘" */
    0x14, 0x0, 0xff, 0x2d, 0xa8, 0x7, 0xf2, 0x5d,
    0x28, 0x7, 0xf2, 0x5d, 0x28, 0x7, 0xf2, 0x5d,
    0x28, 0x7, 0xf2, 0x5d, 0x28, 0x4, 0xc0, 0x1c,
    0x97, 0x4a, 0x5, 0x0, 0x1e, 0x4b, 0xa5, 0x0,
    0xfe, 0x4b, 0xa5, 0x0, 0xf8, 0x49, 0xe2, 0x2,
    0x1, 0xe7, 0xce, 0x90, 0x0, 0x80, 0x73, 0x76,
    0xf7, 0xf0, 0x80,

    /* U+2199 "↙" */
    0x0, 0xff, 0x20, 0x80, 0x7f, 0x2d, 0xa8, 0x7,
    0xe5, 0xab, 0x40, 0xf, 0x96, 0xad, 0x0, 0x3e,
    0x5a, 0xb4, 0x0, 0x98, 0x2, 0x5a, 0xb4, 0x0,
    0xd0, 0x40, 0xb5, 0x68, 0x1, 0xf2, 0xd5, 0xa0,
    0x7, 0xcb, 0x56, 0x80, 0x1f, 0xc, 0x41, 0xc8,
    0x40, 0x38, 0x40, 0x13, 0xd8, 0xe0, 0x1c, 0x3d,
    0xfd, 0xbc, 0xc0, 0x1c,

    /* U+21B8 "↸" */
    0x45, 0x5f, 0xfe, 0x2, 0x74, 0xcf, 0xff, 0x3,
    0xab, 0x37, 0x33, 0xfd, 0x40, 0xe, 0xfe, 0xe9,
    0xc0, 0x3f, 0x8, 0x36, 0xe9, 0x80, 0x3f, 0x14,
    0x3b, 0x18, 0x80, 0x7f, 0x1e, 0x52, 0x80, 0x7f,
    0x8, 0x1e, 0x52, 0x80, 0x7e, 0x85, 0x3, 0xca,
    0x50, 0xf, 0x94, 0x40, 0x7, 0x94, 0xa0, 0x1f,
    0xf1, 0xe5, 0x28, 0x7, 0xfc, 0x79, 0x4a, 0x1,
    0xff, 0x1e, 0x52, 0x0, 0x7f, 0xc7, 0x88, 0x0,

    /* U+21B9 "↹" */
    0x0, 0xff, 0xe2, 0x1e, 0x80, 0x7, 0x54, 0x3,
    0xff, 0x80, 0x38, 0x8a, 0x1, 0xff, 0x1f, 0xa5,
    0x91, 0x7f, 0x8, 0x1e, 0x8b, 0x6e, 0xff, 0xa4,
    0xf, 0xc9, 0x7f, 0xff, 0xd0, 0x0, 0x1c, 0x6a,
    0x0, 0xff, 0xe0, 0x8e, 0xba, 0x80, 0x7f, 0x1e,
    0x80, 0x7, 0x54, 0x2, 0xb9, 0x0, 0x1f, 0x0,
    0x7f, 0xa9, 0x24, 0x3, 0x8, 0xff, 0x7, 0x25,
    0xb8, 0x3, 0xfb, 0xbf, 0xb0, 0x92, 0x40, 0x1d,
    0xff, 0xfd, 0xa4, 0xdc, 0x1, 0xff, 0x16, 0x2c,
    0x80, 0x7f, 0xf0, 0x25, 0xe0, 0x3, 0xff, 0x83,
    0x72, 0x0, 0x3e,

    /* U+21C4 "⇄" */
    0x0, 0xff, 0x84, 0x3, 0xff, 0x84, 0xbe, 0x40,
    0x1f, 0xfc, 0x15, 0x6c, 0x20, 0x8, 0x8b, 0xfd,
    0x4f, 0x88, 0xb, 0xbb, 0xff, 0x30, 0xd1, 0x2f,
    0xff, 0xfc, 0xa5, 0x84, 0x1, 0xff, 0x5b, 0x69,
    0x0, 0x70, 0x80, 0x72, 0xb6, 0x0, 0x78, 0x7d,
    0x40, 0x32, 0xe8, 0x7, 0x8b, 0x1d, 0x40, 0x3f,
    0xe3, 0xc4, 0x81, 0x1f, 0xf0, 0x16, 0xb, 0x77,
    0x7f, 0xca, 0x5a, 0x4d, 0xff, 0xff, 0x28, 0x16,
    0x2d, 0x0, 0x7f, 0xf0, 0x47, 0x5d, 0x40, 0x3f,
    0xf8, 0x23, 0xaa, 0x1, 0xfe,

    /* U+21C5 "⇅" */
    0x0, 0xff, 0xe3, 0x8d, 0x80, 0x7b, 0xc4, 0x3,
    0xd4, 0x96, 0x1, 0xff, 0xc0, 0xb7, 0x7, 0xa0,
    0xf, 0xe1, 0xc0, 0xd0, 0xd6, 0xb0, 0xf, 0xc3,
    0x76, 0x0, 0xe, 0x60, 0x3, 0xf9, 0xc0, 0x39,
    0xc0, 0x3f, 0xfe, 0x8e, 0x1, 0xce, 0x1, 0xfd,
    0x98, 0x10, 0x5, 0xd8, 0x40, 0x3f, 0x5b, 0x68,
    0x68, 0x60, 0x80, 0x7f, 0x53, 0x83, 0xd8, 0x7,
    0xff, 0x2, 0xd2, 0x80, 0x3c, 0x3e, 0x1, 0xeb,
    0x10, 0x8,

    /* U+21C6 "⇆" */
    0x0, 0xc2, 0x1, 0xff, 0xc2, 0x2f, 0x50, 0xf,
    0xfe, 0x1, 0x63, 0x28, 0x7, 0xfc, 0x98, 0xf4,
    0x45, 0xfe, 0x2, 0xa1, 0x6d, 0xdf, 0xf9, 0x4b,
    0x9, 0x7f, 0xff, 0xe5, 0x2, 0xd6, 0xb0, 0xf,
    0xfe, 0x16, 0x32, 0x80, 0x70, 0x80, 0x7e, 0xd5,
    0x0, 0xcb, 0xe2, 0x1, 0xff, 0xc1, 0x57, 0xc2,
    0x0, 0x84, 0x7f, 0xd0, 0x98, 0x60, 0xbd, 0xdf,
    0xf3, 0xe, 0x12, 0xff, 0xff, 0xcc, 0x5a, 0x40,
    0x1f, 0xf5, 0x2e, 0x10, 0x7, 0xfc, 0xaf, 0xa2,
    0x1, 0xff, 0xc0, 0x5d, 0x10, 0x8,

    /* U+21CB "⇋" */
    0x0, 0xc2, 0x40, 0x1f, 0xfc, 0x2d, 0xb0, 0xf,
    0xfe, 0xd, 0xbc, 0x80, 0x7f, 0xf0, 0x2d, 0x79,
    0x13, 0xfc, 0x22, 0xa6, 0x38, 0x99, 0xff, 0x28,
    0xd6, 0xef, 0xff, 0x5, 0x0, 0x3f, 0xfc, 0x89,
    0xbb, 0xff, 0xc1, 0xa1, 0x59, 0x9f, 0xf8, 0xda,
    0x84, 0x48, 0x9f, 0xe8, 0x4b, 0x0, 0xff, 0xe0,
    0x4b, 0xd0, 0x7, 0xff, 0x6, 0xe8, 0x3, 0x0,

    /* U+21CC "⇌" */
    0x0, 0xff, 0x10, 0x80, 0x7f, 0xf0, 0xaf, 0x40,
    0x3f, 0xf8, 0x52, 0xf6, 0x1, 0xa, 0x27, 0xfb,
    0x96, 0xc0, 0xb, 0x33, 0xfe, 0x83, 0x6a, 0x14,
    0xdd, 0xff, 0xe0, 0xd0, 0x80, 0x7f, 0xf9, 0x6,
    0xb7, 0x7f, 0xf8, 0x28, 0x34, 0xc7, 0x33, 0xff,
    0x28, 0x2, 0xd2, 0x11, 0x3f, 0xc2, 0x1, 0x53,
    0xd0, 0x7, 0xff, 0xa, 0xa0, 0x3, 0xfc,

    /* U+21D0 "⇐" */
    0x0, 0xe3, 0x0, 0xff, 0xe1, 0xe, 0xa0, 0x7,
    0xff, 0x7, 0x59, 0x0, 0x3f, 0xf8, 0x16, 0x6f,
    0xff, 0xfc, 0xa0, 0xb, 0xd, 0xdf, 0xf9, 0x4b,
    0x2, 0xc8, 0xbf, 0xe0, 0xf, 0xfe, 0x29, 0x60,
    0x59, 0x17, 0xfc, 0x1, 0x58, 0x6e, 0xff, 0xca,
    0x1, 0x59, 0xbf, 0xff, 0xf2, 0x80, 0x6d, 0x64,
    0x0, 0xff, 0xe0, 0x8e, 0xa0, 0x7, 0xf0,

    /* U+21D2 "⇒" */
    0x0, 0xff, 0x18, 0x7, 0xff, 0x9, 0x30, 0x80,
    0x3f, 0xf8, 0x28, 0xfc, 0x1, 0x97, 0xff, 0xf9,
    0xce, 0xc0, 0x25, 0xdd, 0xff, 0x82, 0xc0, 0x22,
    0x2f, 0xfa, 0xc3, 0x8, 0x3, 0xff, 0x8a, 0x45,
    0xff, 0x58, 0x61, 0x2e, 0xef, 0xfc, 0x16, 0x0,
    0x5f, 0xff, 0xe7, 0x3b, 0x0, 0xff, 0xe0, 0x23,
    0x70, 0x7, 0xff, 0x5, 0x34, 0x80, 0x30,

    /* U+21D4 "⇔" */
    0x0, 0xe4, 0x0, 0xc8, 0x1, 0xfc, 0xb4, 0x1,
    0xa9, 0x80, 0x3e, 0x2b, 0xd0, 0xd, 0xb0, 0x40,
    0x1c, 0x3e, 0x39, 0xff, 0xb0, 0x7c, 0x40, 0x21,
    0xd4, 0xdd, 0xfc, 0x9a, 0x20, 0x58, 0xd2, 0x45,
    0xfa, 0x5b, 0x8, 0x3, 0xff, 0x88, 0x5a, 0xd2,
    0x45, 0xfa, 0x5b, 0x8, 0x1, 0xa9, 0xbb, 0xf9,
    0x34, 0x40, 0x21, 0xf1, 0xcf, 0xfd, 0x83, 0xe2,
    0x1, 0xc5, 0x7a, 0x1, 0xb6, 0xc8, 0x3, 0xe5,
    0xa0, 0xd, 0x4a, 0x1, 0x80,

    /* U+21E6 "⇦" */
    0x0, 0xf1, 0x0, 0x7f, 0xf0, 0x5b, 0x80, 0x3f,
    0xf8, 0xe, 0xa, 0x1, 0xff, 0x49, 0xb0, 0x4c,
    0xfd, 0x40, 0x35, 0x44, 0x9, 0x9f, 0xc6, 0x37,
    0x63, 0x0, 0xff, 0xe0, 0x90, 0x7, 0xff, 0x0,
    0x6a, 0x88, 0x1, 0xff, 0xc1, 0x93, 0x60, 0xb9,
    0x9f, 0x80, 0x33, 0x83, 0x94, 0xcf, 0xe0, 0xc,
    0xc6, 0xa0, 0x1f, 0xfc, 0x14, 0xd0, 0xf, 0xc0,

    /* U+21E7 "⇧" */
    0x0, 0xe1, 0x10, 0x7, 0xf0, 0xdd, 0x84, 0x3,
    0xf5, 0xde, 0x0, 0xfa, 0x64, 0x22, 0x99, 0x0,
    0x74, 0x69, 0x80, 0xf, 0x5c, 0x2, 0x6e, 0x40,
    0xc, 0x82, 0xc0, 0x5b, 0xf6, 0x1, 0xaf, 0xf4,
    0x89, 0x72, 0x40, 0x18, 0xa6, 0xc8, 0x3, 0xff,
    0xfe, 0x73, 0x38, 0xc0, 0x20,

    /* U+21E8 "⇨" */
    0x0, 0xfc, 0x40, 0x1f, 0xfc, 0x2b, 0x80, 0xf,
    0xfe, 0x15, 0xc8, 0x6, 0xa9, 0x9f, 0x88, 0xee,
    0x84, 0x0, 0x73, 0x3f, 0x58, 0x15, 0xd8, 0x80,
    0x3f, 0xf8, 0x3, 0x50, 0x60, 0x1f, 0xfc, 0x1,
    0x1, 0x0, 0xff, 0x8a, 0xec, 0x41, 0x33, 0xf6,
    0x81, 0xdd, 0x8, 0x4c, 0xfe, 0x45, 0xb9, 0x0,
    0xff, 0xe0, 0x1c, 0x0, 0x7f, 0xf0, 0x21, 0x80,
    0x38,

    /* U+21E9 "⇩" */
    0x0, 0xaa, 0x67, 0x50, 0x7, 0x8e, 0x67, 0x18,
    0x7, 0xff, 0xfc, 0xb6, 0x40, 0x3d, 0x3a, 0x44,
    0x91, 0x90, 0xd, 0x23, 0x24, 0x9, 0xcc, 0x1,
    0x9b, 0x90, 0x2, 0x61, 0x40, 0x2, 0xb, 0x0,
    0x73, 0xe9, 0x9b, 0x5c, 0x3, 0xe9, 0x9c, 0x1,
    0xfd, 0x54, 0x0, 0xe0,

    /* U+21F5 "⇵" */
    0x0, 0xff, 0xe3, 0x8f, 0x80, 0x7a, 0xc4, 0x3,
    0xff, 0x83, 0x69, 0x40, 0x1f, 0xfc, 0xa, 0x70,
    0x7b, 0x0, 0xff, 0x5b, 0x68, 0x68, 0x60, 0x80,
    0x7e, 0xcc, 0x8, 0x2, 0xec, 0x20, 0x1f, 0x9c,
    0x3, 0x9c, 0x3, 0xff, 0xcc, 0xe0, 0x1c, 0xe0,
    0x1f, 0x86, 0xec, 0x0, 0x1c, 0xc0, 0x7, 0xe1,
    0xc0, 0xd0, 0xd6, 0xb0, 0xf, 0xf5, 0xb8, 0x3d,
    0x0, 0x7f, 0xf0, 0x29, 0x2c, 0x3, 0xff, 0x82,
    0x36, 0x1, 0xef, 0x10, 0x8,

    /* U+2200 "∀" */
    0x1, 0x0, 0xff, 0x8, 0x3, 0xc8, 0x3, 0xf1,
    0x78, 0x1, 0xa0, 0x3, 0xf4, 0x30, 0x2, 0x54,
    0x80, 0x3c, 0x4b, 0x20, 0x1, 0x78, 0x11, 0xf4,
    0x38, 0x80, 0x52, 0xbd, 0xde, 0x59, 0x0, 0xc3,
    0x9, 0xff, 0x92, 0x4, 0x3, 0x9d, 0x4c, 0x0,
    0x6a, 0xe0, 0x1f, 0x4c, 0x0, 0x22, 0x40, 0x3f,
    0x3a, 0xa2, 0x15, 0xc0, 0x3f, 0xa6, 0x21, 0x20,
    0x1f, 0xe7, 0x22, 0x38, 0x7, 0xfd, 0x10, 0x0,
    0xff, 0xe0, 0x33, 0x0, 0x3c,

    /* U+2202 "∂" */
    0x0, 0xe2, 0x20, 0x7, 0xa3, 0xf3, 0x70, 0x80,
    0x26, 0x4d, 0xef, 0x6f, 0x0, 0x9b, 0x8, 0x1,
    0x44, 0x80, 0x1f, 0x88, 0xc0, 0x7, 0x5b, 0x68,
    0x2, 0x0, 0x4c, 0x2e, 0xe5, 0x29, 0x8, 0x54,
    0xc1, 0xae, 0x58, 0xaa, 0x81, 0x80, 0x22, 0x40,
    0x32, 0x20, 0x7, 0x3b, 0x1, 0x10, 0x3, 0x31,
    0x58, 0x20, 0x48, 0x1, 0xa6, 0x44, 0x3, 0xaf,
    0xfe, 0x8a, 0x60, 0x8, 0xfb, 0x75, 0xca, 0x1,
    0x0,

    /* U+2203 "∃" */
    0xbf, 0xff, 0xdd, 0x5b, 0xbf, 0x58, 0x9, 0x17,
    0xcc, 0x1, 0xff, 0xc9, 0x9c, 0xcf, 0xbc, 0x2a,
    0x67, 0xeb, 0x3, 0x55, 0xf9, 0x0, 0x3f, 0xf9,
    0x22, 0x45, 0xf3, 0x5, 0x6e, 0xfd, 0x60,

    /* U+2205 "∅" */
    0x0, 0x9b, 0x3f, 0xd8, 0xc0, 0x40, 0x1, 0xdb,
    0x9d, 0xd4, 0xde, 0xe8, 0x43, 0x5f, 0x54, 0x88,
    0xb6, 0x44, 0x16, 0x1a, 0x0, 0xcb, 0x36, 0xd,
    0xb6, 0x1, 0x96, 0xb1, 0x2f, 0x55, 0x40, 0x12,
    0xd5, 0x98, 0x2a, 0x80, 0x32, 0xd5, 0xa0, 0x6,
    0x54, 0x5, 0xab, 0x40, 0x9, 0x17, 0xa5, 0xaa,
    0xd0, 0x3, 0x4f, 0x29, 0x4d, 0x20, 0x4, 0x36,
    0xaa, 0x12, 0x4b, 0x84, 0x44, 0x78, 0xd8, 0xf,
    0xdd, 0x14, 0xc8, 0xaa, 0x80, 0x0,

    /* U+2206 "∆" */
    0x0, 0xc5, 0x72, 0x1, 0xfd, 0x6a, 0xc4, 0x1,
    0xf0, 0xb5, 0x95, 0x80, 0x7c, 0xc2, 0xb4, 0xc2,
    0x1, 0xe9, 0x60, 0x60, 0x60, 0xe, 0x51, 0xa0,
    0x15, 0x90, 0xe, 0x94, 0x20, 0x4, 0x8a, 0x80,
    0x46, 0x6f, 0x0, 0x8c, 0xd2, 0x1, 0x49, 0x20,
    0x6, 0x93, 0x30, 0xa, 0xd8, 0x7, 0x28, 0xc8,
    0x48, 0x1a, 0x27, 0xca, 0x28, 0x15, 0x77, 0xe5,
    0x4,

    /* U+2207 "∇" */
    0x45, 0x5f, 0xf0, 0xc5, 0x57, 0xf9, 0x68, 0x37,
    0xff, 0xcc, 0x28, 0xc3, 0x40, 0x1c, 0x2d, 0x20,
    0x6, 0x60, 0x7, 0x30, 0x30, 0x2, 0x45, 0x80,
    0x34, 0xb0, 0x80, 0x5, 0x6c, 0x2, 0x51, 0xa0,
    0xd, 0x24, 0x80, 0x9, 0x33, 0x0, 0x63, 0x37,
    0x1, 0x1c, 0x80, 0x7a, 0x54, 0x6c, 0x94, 0x3,
    0xca, 0x32, 0xf4, 0x1, 0xfa, 0x5c, 0x58, 0x3,
    0xf3, 0x4d, 0x88, 0x6,

    /* U+2208 "∈" */
    0x0, 0xe1, 0x22, 0xf8, 0x2, 0x6d, 0xed, 0xdf,
    0x60, 0x2, 0x6e, 0x3f, 0xfe, 0xe0, 0x54, 0xc5,
    0x0, 0xfe, 0x98, 0x10, 0xf, 0xf1, 0xc6, 0x67,
    0xf5, 0x80, 0x2a, 0x67, 0xfb, 0x80, 0xc1, 0x57,
    0xfc, 0x13, 0x4, 0x1, 0xfe, 0x56, 0xc6, 0x0,
    0xff, 0x4c, 0x5f, 0xff, 0xdc, 0x1, 0x36, 0xf6,
    0xef, 0xb0,

    /* U+2209 "∉" */
    0x0, 0xe3, 0xe0, 0xf, 0xf0, 0xb0, 0x11, 0x70,
    0x4, 0x99, 0xd4, 0x3b, 0xbc, 0x40, 0xd5, 0x4e,
    0xc1, 0xff, 0xe2, 0x24, 0xe3, 0x8, 0x7, 0xeb,
    0x62, 0x0, 0xff, 0x2a, 0x66, 0x5c, 0x39, 0x9c,
    0x40, 0x93, 0x35, 0xc, 0xcf, 0x12, 0x92, 0xac,
    0x80, 0xab, 0xc1, 0x68, 0x80, 0xf, 0xf1, 0x4d,
    0xb8, 0x80, 0x7f, 0x35, 0xdb, 0xb0, 0x7f, 0xf8,
    0x80, 0x9, 0x9f, 0x43, 0xbb, 0xc4, 0x1, 0xcb,
    0x84, 0x5c, 0x0,

    /* U+220A "∊" */
    0x0, 0x14, 0xef, 0x6c, 0x2, 0xe9, 0xf6, 0x76,
    0x95, 0x45, 0x19, 0x1a, 0xc1, 0xb8, 0x7, 0x21,
    0xff, 0xe6, 0x1, 0x8f, 0xfc, 0xc0, 0x7a, 0x1,
    0xe9, 0x58, 0x0, 0x84, 0x16, 0x5b, 0xfb, 0xec,
    0x0, 0xdd, 0xb9, 0xd4, 0x0,

    /* U+220B "∋" */
    0x22, 0xf8, 0x40, 0x3b, 0x37, 0x7d, 0xda, 0xc0,
    0x17, 0x7f, 0xfd, 0x17, 0x20, 0x1f, 0xe5, 0xc4,
    0x50, 0xf, 0xf0, 0xc4, 0x85, 0xe6, 0x7f, 0x41,
    0x87, 0x4c, 0xff, 0x50, 0x1, 0x57, 0xfc, 0x6,
    0x1, 0xfe, 0x28, 0x90, 0xf, 0xe6, 0xc6, 0x50,
    0xef, 0xff, 0xae, 0x24, 0x1, 0x9b, 0xbe, 0xed,
    0x60, 0x8,

    /* U+220F "∏" */
    0x35, 0x5f, 0xeb, 0xaa, 0xfd, 0x60, 0x3f, 0xfe,
    0x60, 0xf, 0xff, 0xf8, 0x7, 0xff, 0x62, 0x74,
    0x3, 0xd1, 0xa0,

    /* U+2211 "∑" */
    0x8d, 0xdf, 0xc1, 0x84, 0xd1, 0x1e, 0x4, 0x94,
    0x15, 0x5e, 0x0, 0x33, 0x2c, 0x80, 0x3e, 0x94,
    0xc1, 0x0, 0xfa, 0xcb, 0x40, 0x3f, 0x38, 0x88,
    0x3, 0xd2, 0xb8, 0x20, 0x1d, 0xf, 0x82, 0x1,
    0xcc, 0xfa, 0x40, 0x1c, 0xb2, 0xe0, 0x67, 0xc5,
    0x60, 0xf9, 0x9e, 0x80,

    /* U+2212 "−" */
    0x23, 0x3f, 0x82, 0xbb, 0xbe, 0x10,

    /* U+2213 "∓" */
    0x0, 0xff, 0xe0, 0x77, 0xff, 0xfb, 0x3f, 0xbb,
    0xfd, 0x82, 0x3c, 0x46, 0x23, 0x80, 0x3d, 0x2a,
    0x1, 0xff, 0xdd, 0xbc, 0xcc, 0x93, 0x99, 0xa7,
    0xe6, 0x72, 0xa4, 0xce, 0xa4, 0x55, 0xc3, 0xaa,
    0xb8, 0xc0, 0x3f, 0xfa, 0x24, 0x20, 0x1c,

    /* U+2215 "∕" */
    0x0, 0xff, 0xe1, 0x11, 0x0, 0x3f, 0xf8, 0x25,
    0x26, 0x1, 0xff, 0xc0, 0x29, 0xa1, 0x0, 0xff,
    0x8a, 0x68, 0x40, 0x3f, 0xe2, 0x9a, 0x10, 0xf,
    0xf8, 0xa6, 0x84, 0x3, 0xfe, 0x29, 0xa1, 0x0,
    0xff, 0x8a, 0x68, 0x40, 0x3f, 0xe2, 0x9a, 0x10,
    0xf, 0xf8, 0xa6, 0x84, 0x3, 0xfe, 0x29, 0xa1,
    0x0, 0xff, 0x8a, 0x68, 0x40, 0x3f, 0xe2, 0x9a,
    0x10, 0xf, 0xf8, 0xa6, 0x84, 0x3, 0xfe, 0x29,
    0xa1, 0x0, 0xff, 0xe0, 0x15, 0x8, 0x7, 0xff,
    0x4,

    /* U+221A "√" */
    0x0, 0xfc, 0x79, 0x55, 0xe0, 0xf, 0xd5, 0xd5,
    0x5e, 0x0, 0xfc, 0x44, 0x0, 0xff, 0xe0, 0xa6,
    0x80, 0x7f, 0xf0, 0xb9, 0xc0, 0x3f, 0xf8, 0x62,
    0x1, 0xff, 0xc1, 0x6f, 0x0, 0xff, 0xe1, 0x62,
    0x80, 0x7f, 0xf0, 0x44, 0xc0, 0x3f, 0xea, 0x0,
    0x36, 0x80, 0x7f, 0x99, 0x54, 0x18, 0x80, 0x1f,
    0xc4, 0xd, 0x24, 0x60, 0x1f, 0xe2, 0x6a, 0x38,
    0xa0, 0xf, 0xfe, 0x1, 0x99, 0xc8, 0x3, 0xff,
    0x83, 0x54, 0x0, 0xff, 0x80,

    /* U+221D "∝" */
    0x0, 0x88, 0x80, 0x1e, 0x23, 0x10, 0x3d, 0xdb,
    0x98, 0x0, 0x79, 0xba, 0x90, 0xda, 0xff, 0x54,
    0x41, 0x72, 0xbf, 0xa1, 0xd, 0xc0, 0x9, 0xed,
    0x56, 0xc0, 0x1f, 0xc6, 0x1, 0xf2, 0x1b, 0x80,
    0x13, 0x1a, 0xec, 0xe0, 0x1b, 0x6b, 0xfd, 0x51,
    0x4, 0xcb, 0xff, 0x48, 0x1e, 0xed, 0xcc, 0x0,
    0x3c, 0xed, 0x90,

    /* U+221E "∞" */
    0x0, 0x88, 0x80, 0x1e, 0x13, 0x0, 0xc7, 0xbb,
    0x73, 0x80, 0xa, 0xfb, 0x7e, 0x0, 0x1b, 0x5f,
    0xea, 0xa8, 0xf4, 0xfb, 0x9a, 0xac, 0x86, 0xe0,
    0x4, 0xc7, 0xca, 0x81, 0x2, 0xbd, 0x0, 0xfe,
    0x30, 0xf, 0x21, 0xb8, 0x1, 0x31, 0xf2, 0x60,
    0x40, 0xa3, 0x43, 0x6b, 0xfd, 0x57, 0x47, 0xa7,
    0xdf, 0xac, 0xc0, 0x3d, 0xdb, 0x98, 0x0, 0x57,
    0xdb, 0xf0, 0x0,

    /* U+221F "∟" */
    0x2b, 0x0, 0xff, 0x85, 0x40, 0x3f, 0xff, 0xe0,
    0x1f, 0xfd, 0xe2, 0x2f, 0xf0, 0x0, 0x77, 0x7f,
    0xc4,

    /* U+2220 "∠" */
    0x0, 0xff, 0x1c, 0x80, 0x7f, 0xc7, 0x9e, 0x1,
    0xfe, 0x3c, 0x96, 0x0, 0xfe, 0x3c, 0x96, 0x0,
    0xfe, 0x3c, 0x96, 0x0, 0xfe, 0x3d, 0x96, 0x0,
    0xfe, 0x3d, 0x86, 0x0, 0xfe, 0x3d, 0x86, 0x0,
    0xfe, 0x3d, 0x86, 0x0, 0xfe, 0x3c, 0x43, 0x55,
    0xfc, 0x3, 0x6, 0xd3, 0x3f, 0xc0,

    /* U+2223 "∣" */
    0xb5, 0x70, 0xf, 0xfe, 0x3a, 0x30,

    /* U+2225 "∥" */
    0x0, 0xe1, 0x0, 0xfe, 0xf4, 0x0, 0xf9, 0x89,
    0x1, 0x10, 0x1, 0xa2, 0x0, 0x9, 0x10, 0x9,
    0x89, 0x1, 0x81, 0x40, 0x28, 0x80, 0x2, 0xe0,
    0x2, 0x62, 0x40, 0x60, 0x50, 0xa, 0x20, 0x0,
    0xb8, 0x0, 0x98, 0x90, 0x18, 0x14, 0x2, 0x88,
    0x0, 0x2e, 0x0, 0x26, 0x24, 0x6, 0x5, 0x0,
    0x93, 0xc0, 0x17, 0x0, 0x18, 0x8c, 0x10, 0x14,
    0x3, 0xe4, 0xd0, 0xe,

    /* U+2226 "∦" */
    0x0, 0xe1, 0x0, 0xfe, 0xf4, 0x0, 0xf9, 0x89,
    0x1, 0x10, 0x7, 0x83, 0x10, 0x0, 0x48, 0x81,
    0xbf, 0x92, 0x3, 0x2, 0x80, 0x28, 0x54, 0x1,
    0x70, 0x1, 0x31, 0x3a, 0xb0, 0x28, 0x5, 0x32,
    0xaa, 0x44, 0x0, 0x27, 0x24, 0x43, 0x8b, 0x80,
    0x53, 0x0, 0x5, 0x3f, 0x0, 0x39, 0x20, 0x30,
    0x63, 0x98, 0x2f, 0x80, 0x2e, 0x2, 0x8c, 0x8,
    0xc1, 0x1, 0x40, 0x3e, 0x4d, 0x0, 0xe0,

    /* U+2227 "∧" */
    0x0, 0xff, 0xe4, 0x3b, 0x80, 0x3f, 0xf8, 0x13,
    0x20, 0xf, 0xf9, 0xd5, 0x4e, 0x1, 0xfc, 0x33,
    0x10, 0x91, 0x0, 0xfd, 0x2a, 0x66, 0x59, 0x0,
    0xf8, 0x5e, 0x0, 0x10, 0xe2, 0x1, 0xe9, 0x53,
    0x0, 0x1a, 0xc8, 0x7, 0xb, 0xc0, 0x6, 0x87,
    0x10, 0xd, 0xa, 0x40, 0x18, 0x96, 0x0, 0x21,
    0x68, 0x0, 0xf4, 0x30, 0x80, 0x21, 0x88, 0x3,
    0xc4, 0xb0, 0x0, 0x7b, 0x0, 0xfd, 0xe, 0x0,
    0xe2, 0x0, 0xfc, 0x5c, 0x0,

    /* U+2228 "∨" */
    0x0, 0xff, 0xe1, 0xf1, 0x0, 0x7e, 0x2e, 0x0,
    0x3c, 0x0, 0x7e, 0x87, 0x0, 0x42, 0x90, 0x7,
    0x89, 0x60, 0x0, 0x2d, 0x0, 0x1e, 0x86, 0x10,
    0xa, 0x14, 0x80, 0x31, 0x2c, 0x0, 0x61, 0x78,
    0x0, 0xd0, 0xe2, 0x1, 0xd2, 0xa6, 0x0, 0x35,
    0x90, 0xf, 0xb, 0xc0, 0x2, 0x1c, 0x40, 0x3e,
    0x85, 0x33, 0x2c, 0x0, 0x7f, 0x4c, 0x42, 0x40,
    0x3f, 0xce, 0xaa, 0x70, 0xf, 0xfa, 0x64, 0x1,
    0xff, 0xc0, 0x77, 0x0, 0x78,

    /* U+2229 "∩" */
    0x0, 0xff, 0xe1, 0xae, 0x7f, 0xb1, 0x40, 0x3a,
    0x6e, 0xb7, 0x55, 0x72, 0x1, 0x32, 0x7b, 0x11,
    0x1b, 0xd1, 0x80, 0x17, 0x2, 0x1, 0x86, 0x2c,
    0x4, 0x94, 0x3, 0xca, 0x42, 0x60, 0x1f, 0xe3,
    0x0, 0xff, 0xf8, 0x88, 0x7, 0xe1, 0x0,

    /* U+222A "∪" */
    0x2e, 0x0, 0xfd, 0xc4, 0x2, 0x1, 0xf8, 0x40,
    0x3f, 0xfe, 0x26, 0x1, 0xfe, 0x31, 0x25, 0x0,
    0xf2, 0x90, 0x85, 0xd8, 0x40, 0x30, 0xdd, 0x80,
    0xc, 0xfe, 0xc4, 0x46, 0xf7, 0x60, 0xa, 0x6e,
    0xb7, 0x55, 0x72, 0x0,

    /* U+222B "∫" */
    0x0, 0xd3, 0xf4, 0x1, 0x3b, 0x5d, 0x80, 0x2b,
    0x64, 0x10, 0x8, 0x7c, 0x3, 0xff, 0xd4, 0x46,
    0x1, 0x1c, 0x82, 0x0, 0x7, 0x12, 0xc4, 0x0,

    /* U+222C "∬" */
    0x0, 0xd5, 0xf0, 0x1, 0x57, 0xc8, 0x5, 0x9,
    0x72, 0x0, 0x84, 0xb8, 0x0, 0x95, 0x90, 0x40,
    0xa, 0xc8, 0x20, 0x11, 0xe8, 0x6, 0x3d, 0x0,
    0xff, 0xff, 0x80, 0x7f, 0xf2, 0x4, 0x60, 0x8,
    0x46, 0x0, 0x8e, 0xc5, 0x0, 0x7, 0x0, 0x80,
    0x2, 0xc7, 0xa0, 0x0, 0xe2, 0x58, 0x4,

    /* U+222D "∭" */
    0x0, 0x86, 0xfd, 0x42, 0xbe, 0x1, 0xfb, 0x40,
    0x2b, 0x6c, 0x57, 0x4b, 0x94, 0x88, 0x78, 0x4,
    0xb6, 0x61, 0x6c, 0x83, 0xa6, 0xc4, 0x1, 0x88,
    0x0, 0x3c, 0x0, 0x36, 0x0, 0xff, 0xff, 0x80,
    0x7f, 0xf2, 0x5c, 0x3, 0xe3, 0x0, 0xc6, 0x2,
    0x0, 0x23, 0x0, 0x30, 0x80, 0x47, 0x4, 0x43,
    0x90, 0x42, 0x63, 0xc0, 0x2, 0x63, 0xf0, 0x63,
    0xd0, 0xf4, 0x41, 0x0, 0x0,

    /* U+222E "∮" */
    0x0, 0xa3, 0xb8, 0x0, 0x57, 0xbc, 0x0, 0x7a,
    0xa8, 0x80, 0xc, 0x40, 0x10, 0x88, 0x84, 0xa,
    0xc0, 0x16, 0x57, 0x42, 0x57, 0x60, 0xf, 0x5d,
    0x9, 0x5d, 0x8a, 0xc0, 0x16, 0x40, 0x22, 0x21,
    0x0, 0x8b, 0x80, 0x4, 0xe2, 0x80, 0xc, 0x99,
    0x10, 0x0,

    /* U+2234 "∴" */
    0x0, 0xec, 0xc0, 0x7, 0xf0, 0x99, 0x84, 0x3,
    0xf0, 0xe6, 0x4, 0x3, 0xf8, 0xcc, 0x1, 0xff,
    0xde, 0x52, 0x0, 0xf1, 0x28, 0x2d, 0x78, 0x7,
    0xbe, 0x95, 0xc9, 0x40, 0x3c, 0x84, 0xe0,

    /* U+2235 "∵" */
    0x2d, 0x90, 0xf, 0x4e, 0x93, 0x12, 0x0, 0x79,
    0x9, 0x92, 0xfc, 0x3, 0xdf, 0x68, 0x8, 0x40,
    0x1e, 0x24, 0x0, 0xff, 0xef, 0x19, 0x80, 0x3f,
    0x87, 0x30, 0x20, 0x1f, 0x84, 0xcc, 0x20, 0x18,

    /* U+2236 "∶" */
    0xc, 0xc0, 0x9, 0x98, 0x45, 0x98, 0x10, 0x33,
    0x0, 0x7f, 0xf0, 0x8c, 0xc0, 0x39, 0x81, 0x11,
    0x98, 0x40,

    /* U+2237 "∷" */
    0x2d, 0x90, 0xf, 0x4e, 0x93, 0x12, 0x0, 0x79,
    0x9, 0x92, 0xfc, 0x3, 0xdf, 0x68, 0x8, 0x40,
    0x1e, 0x24, 0x0, 0xff, 0xed, 0x29, 0x0, 0x78,
    0x94, 0x16, 0xbc, 0x3, 0xdf, 0x4a, 0xe4, 0xa0,
    0x1e, 0x42, 0x70,

    /* U+223D "∽" */
    0x0, 0x88, 0x80, 0x1e, 0x13, 0x0, 0xc7, 0xbb,
    0x20, 0x4, 0x79, 0xdb, 0xf0, 0x0, 0xda, 0xff,
    0x20, 0x1, 0x31, 0x3b, 0x9a, 0xac, 0x86, 0xe0,
    0x18, 0xae, 0xa0, 0x40, 0xaf, 0x40, 0x3c, 0x3e,
    0xea, 0x1, 0xe4, 0x37, 0x0, 0x26, 0x3c, 0x0,
    0x62, 0x8d, 0xd, 0xaf, 0xf5, 0x5d, 0x0, 0x5b,
    0xfa, 0xcc, 0x3, 0xdd, 0xb9, 0x80, 0x36, 0x6f,
    0xc0, 0x0,

    /* U+2243 "≃" */
    0x0, 0xc, 0x54, 0x8, 0x6, 0x34, 0x3, 0xe2,
    0xd2, 0xe7, 0x0, 0x1e, 0x98, 0x74, 0xd3, 0xd6,
    0x5f, 0xf6, 0x4b, 0x86, 0x30, 0x4, 0x79, 0xba,
    0xf7, 0x0, 0x8, 0x7, 0x88, 0xc0, 0x30, 0x91,
    0x7f, 0x84, 0x3f, 0x77, 0xfd, 0x60,

    /* U+2245 "≅" */
    0x0, 0x14, 0x5c, 0x10, 0x6, 0x34, 0x4, 0xd2,
    0xd1, 0xd7, 0x0, 0x1e, 0x98, 0x4c, 0xa9, 0xa7,
    0x2f, 0xfb, 0x25, 0xc3, 0x18, 0x2, 0x3c, 0xdd,
    0x7b, 0x80, 0x8, 0xcf, 0xc2, 0x6, 0x62, 0xf,
    0xee, 0xff, 0x58, 0x6f, 0xff, 0xfa, 0x3, 0xf7,
    0x7f, 0xd6,

    /* U+2248 "≈" */
    0x1, 0x7a, 0x82, 0x0, 0xc2, 0xa5, 0xf7, 0xa3,
    0xb0, 0x0, 0x2c, 0xc7, 0x36, 0x3c, 0xea, 0x76,
    0xe9, 0x67, 0x60, 0x2, 0x2c, 0xc4, 0xf4, 0x0,
    0x95, 0x65, 0xa0, 0x12, 0x9, 0x39, 0xe8, 0x49,
    0xdc, 0x88, 0x1e, 0x7f, 0xa2, 0x96, 0x34, 0xbb,
    0x99, 0x31, 0x8e, 0x1, 0x15, 0xee, 0xb9, 0xc0,

    /* U+224C "≌" */
    0x1, 0x9d, 0xe4, 0x0, 0xcf, 0xbd, 0x88, 0x0,
    0xc3, 0xed, 0x40, 0x1, 0x6d, 0xc6, 0xd5, 0xa2,
    0xe, 0x8c, 0xc0, 0x1, 0xf4, 0xc5, 0x36, 0x8f,
    0x3, 0x0, 0xed, 0x79, 0x0, 0xc2, 0xa, 0x4c,
    0x0, 0x3c, 0xa, 0x0, 0xc3, 0x78, 0x37, 0x1d,
    0xcc, 0x4c, 0x0, 0xb3, 0xb8, 0x8e, 0x9, 0xdb,
    0xaf, 0x80, 0xd, 0xdb, 0xd2, 0x1, 0x8c, 0xc0,
    0x1e, 0x23, 0x10, 0xd, 0x5f, 0xff, 0xf1, 0x0,
    0x57, 0xbb, 0xff, 0x10, 0x4, 0x62, 0x3f, 0xf0,
    0x6, 0xbe, 0xef, 0xf8, 0x40,

    /* U+2260 "≠" */
    0x0, 0xf9, 0x44, 0x3, 0xf8, 0x68, 0xc0, 0x3f,
    0x9c, 0xc8, 0x2, 0x22, 0xf5, 0x21, 0x14, 0x39,
    0xbb, 0xc6, 0xfb, 0xb5, 0xf7, 0xfe, 0x75, 0xff,
    0xd4, 0x1, 0xcd, 0xc0, 0x1d, 0xdf, 0xf8, 0x6f,
    0xff, 0x56, 0x6e, 0xc8, 0xdb, 0xbd, 0x64, 0x59,
    0x2c, 0x8b, 0x84, 0x2, 0x63, 0x20, 0xf, 0xe4,
    0xf0, 0xf, 0x80,

    /* U+2261 "≡" */
    0xef, 0xff, 0xf5, 0xf7, 0x7f, 0xd6, 0x2, 0x3f,
    0xe0, 0xbc, 0xcf, 0xf4, 0x7c, 0x47, 0xfa, 0xd1,
    0x3f, 0xe3, 0x11, 0xff, 0x83, 0xfb, 0xbf, 0xd4,

    /* U+2262 "≢" */
    0x0, 0xf8, 0xc0, 0x3f, 0xec, 0x30, 0x9, 0x13,
    0xce, 0x2e, 0x88, 0x3e, 0xff, 0xe8, 0x3f, 0xfa,
    0xea, 0xef, 0x48, 0x65, 0xdd, 0x17, 0x99, 0xbc,
    0x77, 0x32, 0x8f, 0x88, 0xa4, 0xa2, 0x3a, 0xd1,
    0x30, 0x13, 0x22, 0x63, 0xbc, 0xca, 0xcf, 0x33,
    0xa3, 0xe2, 0x12, 0x37, 0x11, 0xd6, 0x89, 0x19,
    0x95, 0x13, 0x8c, 0x2, 0x7e, 0x0, 0xf8,

    /* U+2264 "≤" */
    0x0, 0xff, 0x8d, 0x80, 0x3f, 0x85, 0xf7, 0x5c,
    0x1, 0xf1, 0xd7, 0x5c, 0x74, 0x0, 0x73, 0x6e,
    0x8f, 0x71, 0x40, 0x31, 0xcf, 0xd5, 0xf4, 0x90,
    0x7, 0xd, 0xb8, 0xdb, 0x80, 0x7e, 0x18, 0xeb,
    0xb7, 0x51, 0x80, 0x7c, 0x60, 0xb9, 0xa5, 0xba,
    0x60, 0xc, 0x5b, 0xa6, 0x2, 0x8e, 0xba, 0xf9,
    0x30, 0x2e, 0x9d, 0xf9, 0x30, 0x6c, 0xd0, 0xf0,
    0x9, 0x2f, 0x87, 0x71, 0x80, 0xa7, 0x0, 0x38,
    0x63, 0xa7, 0x7e, 0x48, 0x3, 0xf9, 0x6f, 0x47,
    0x2c, 0x3, 0xfc, 0x51, 0xd0, 0x0,

    /* U+2265 "≥" */
    0x6, 0x30, 0xf, 0xfe, 0x7, 0x6e, 0x9c, 0x40,
    0x3f, 0xa3, 0xa2, 0xfa, 0x8c, 0x3, 0xf9, 0x73,
    0x4f, 0x74, 0xc0, 0x1f, 0xc5, 0x3d, 0x75, 0xf2,
    0x60, 0x1f, 0xcf, 0x62, 0xf6, 0x20, 0x1e, 0x3a,
    0xeb, 0xb7, 0x40, 0x80, 0x66, 0xdd, 0x16, 0xe2,
    0x81, 0x80, 0xe, 0x7e, 0xaf, 0xa0, 0x81, 0xb7,
    0x44, 0x1e, 0x1b, 0x8c, 0x7, 0x3f, 0xb3, 0xc4,
    0x19, 0x24, 0xd, 0x9a, 0x3d, 0x68, 0x1, 0x8a,
    0x7f, 0x67, 0xa0, 0x40, 0x3a, 0xf0, 0x76, 0xd4,
    0x3, 0xf4, 0x74, 0x10, 0x7, 0xf0,

    /* U+2266 "≦" */
    0x0, 0xff, 0x85, 0x40, 0x3f, 0xc9, 0x5d, 0xc0,
    0xf, 0x8a, 0x3a, 0x8b, 0x6c, 0x3, 0x97, 0x34,
    0xab, 0xa0, 0x80, 0x23, 0x9f, 0x8b, 0xea, 0x40,
    0xe, 0x1b, 0x40, 0x55, 0x8, 0x7, 0xc3, 0x1b,
    0x65, 0xb8, 0xc0, 0x1f, 0xc9, 0x5d, 0x54, 0xf9,
    0x30, 0xf, 0xc2, 0xd9, 0xa1, 0xba, 0x70, 0xf,
    0xe2, 0x9e, 0x8e, 0x0, 0xff, 0xe0, 0x2c, 0x80,
    0x3f, 0xff, 0xf8, 0x0, 0xf, 0xff, 0xfe, 0x0,
    0x0, 0x47, 0xff, 0x80, 0x0, 0xfe, 0xef, 0xf7,
    0x80,

    /* U+2267 "≧" */
    0x5, 0x10, 0xf, 0xfe, 0x7, 0x72, 0x90, 0x3,
    0xfd, 0x7a, 0x55, 0xd0, 0x40, 0x1f, 0x8a, 0x3a,
    0x8b, 0x71, 0x40, 0x3f, 0x92, 0xba, 0xe3, 0xe4,
    0xc0, 0x3f, 0xa, 0xa8, 0x12, 0xc4, 0x3, 0xcd,
    0x9a, 0x57, 0xb0, 0x20, 0x11, 0xd7, 0xd5, 0x3a,
    0x90, 0x3, 0x3e, 0xe8, 0xf7, 0x18, 0x40, 0x3d,
    0xd1, 0xd2, 0x40, 0x1f, 0xd2, 0xa0, 0x1f, 0xfc,
    0xf, 0xff, 0xfe, 0x0, 0x3, 0xff, 0xff, 0x80,
    0x0, 0x11, 0xff, 0xe0, 0x0, 0x3f, 0xbb, 0xfd,
    0xe0,

    /* U+226A "≪" */
    0x0, 0xff, 0xe6, 0x2f, 0x8, 0x1, 0xf4, 0x3,
    0xe1, 0xa9, 0xc1, 0x2c, 0xc8, 0x3, 0xc9, 0xe5,
    0x84, 0xd9, 0x56, 0x20, 0x1d, 0x32, 0xd8, 0x1a,
    0xa6, 0x30, 0x7, 0x1e, 0x86, 0x9a, 0x7e, 0xe1,
    0x0, 0x73, 0xec, 0xc8, 0x26, 0x5a, 0xe0, 0x1f,
    0xc2, 0x1, 0xff, 0xc1, 0x7c, 0x8a, 0x9, 0x96,
    0xc0, 0x7, 0xe2, 0xd2, 0xd4, 0x47, 0x96, 0x10,
    0x7, 0xe8, 0x9a, 0x81, 0xa9, 0xc6, 0x0, 0xfc,
    0x9e, 0x5a, 0x4b, 0xfb, 0x62, 0x1, 0xf0, 0xd4,
    0x60, 0x8a, 0xf3, 0x0, 0x1f, 0xcb, 0xc2, 0x0,
    0x7d, 0x0,

    /* U+226B "≫" */
    0x0, 0xff, 0xe2, 0xeb, 0x80, 0x7, 0x94, 0x3,
    0xfb, 0x32, 0x21, 0xc9, 0xa1, 0x0, 0xf8, 0x6e,
    0xb1, 0x8b, 0xb, 0xd0, 0x3, 0xf3, 0x65, 0x50,
    0x63, 0x66, 0x40, 0x1f, 0x8b, 0x37, 0xd0, 0xf4,
    0x34, 0xc0, 0x3f, 0x3e, 0xcc, 0x82, 0x65, 0xae,
    0x1, 0xff, 0xc1, 0x10, 0xf, 0xe8, 0xd9, 0x90,
    0x54, 0x63, 0x80, 0x71, 0x61, 0x7a, 0x23, 0x4b,
    0x48, 0x3, 0x9b, 0x26, 0x86, 0x2a, 0x60, 0x3,
    0x86, 0xf7, 0xd4, 0xb4, 0xbd, 0x0, 0x3d, 0x98,
    0xb1, 0x16, 0x45, 0x8, 0x7, 0xda, 0xe0, 0x1,
    0xe5, 0x0, 0xfc,

    /* U+226E "≮" */
    0x0, 0xf6, 0x98, 0x6, 0x10, 0xf, 0xf3, 0x6d,
    0x80, 0x7e, 0x6d, 0xb8, 0xa0, 0xf, 0x1e, 0xdc,
    0x6a, 0x80, 0x73, 0x68, 0xce, 0xa8, 0x7, 0x36,
    0xdc, 0x12, 0x0, 0x72, 0x6c, 0xc6, 0xa8, 0x7,
    0xc9, 0x65, 0xa, 0x1, 0xfc, 0xdb, 0x71, 0xa4,
    0x1, 0xfc, 0xdb, 0x61, 0xca, 0x1, 0xfc, 0xc4,
    0xb1, 0xaa, 0x1, 0xfd, 0x7b, 0x71, 0xaa, 0x1,
    0xfc, 0xdb, 0x64, 0x1, 0xeb, 0x20, 0x9, 0x9c,

    /* U+226F "≯" */
    0x10, 0xc, 0x7a, 0x1, 0xeb, 0xd6, 0x0, 0xff,
    0x54, 0x5e, 0xb0, 0x7, 0xf2, 0xec, 0x5e, 0x98,
    0x7, 0xf2, 0xec, 0x8e, 0xb0, 0x7, 0xf2, 0x14,
    0x5e, 0xb0, 0x7, 0xf2, 0xec, 0x4e, 0xa0, 0x7,
    0xe5, 0x82, 0xb4, 0x0, 0xf1, 0x6c, 0x5e, 0xb0,
    0x7, 0x2f, 0x5, 0xeb, 0x0, 0x72, 0xec, 0x29,
    0x30, 0x7, 0x2e, 0xc5, 0xed, 0x80, 0x7c, 0x57,
    0xac, 0x1, 0xfc, 0xec, 0x1, 0x15, 0x80, 0x78,

    /* U+2272 "≲" */
    0x0, 0xff, 0x92, 0x80, 0x3f, 0x85, 0xf6, 0x88,
    0x3, 0xe4, 0xae, 0xc8, 0xe8, 0x0, 0xc2, 0xfb,
    0x45, 0xb6, 0xa0, 0x18, 0xeb, 0xb2, 0x3a, 0x8,
    0x3, 0xcc, 0xc0, 0x26, 0x0, 0xfe, 0x5c, 0xd0,
    0xcc, 0x30, 0x7, 0xf1, 0x4f, 0xd5, 0x3e, 0x4c,
    0x3, 0xf9, 0xb3, 0x1, 0x98, 0x60, 0xf, 0xe3,
    0x9f, 0xaa, 0x8, 0x6, 0x20, 0xf, 0x36, 0x8,
    0x2, 0x3f, 0x7e, 0x40, 0x31, 0x68, 0x84, 0xae,
    0x7e, 0x96, 0xa0, 0xae, 0x28, 0x82, 0xe1, 0x81,
    0x5d, 0xa7, 0xa2, 0x20,

    /* U+2273 "≳" */
    0xa, 0x40, 0xf, 0xfe, 0x6, 0xd7, 0x40, 0x80,
    0x7f, 0x3f, 0x51, 0xf5, 0xa0, 0x7, 0xf2, 0x5f,
    0x1d, 0x6b, 0x88, 0x7, 0xe1, 0x8e, 0x9c, 0xea,
    0x40, 0xf, 0xe6, 0x20, 0x62, 0x0, 0xf9, 0x73,
    0x43, 0x30, 0xc0, 0x18, 0xa3, 0xa2, 0xbe, 0x4c,
    0x3, 0x2e, 0x69, 0x6e, 0x98, 0x3, 0xe9, 0xae,
    0xa3, 0x0, 0xfe, 0xc6, 0x12, 0x0, 0xff, 0xa3,
    0xf7, 0xe4, 0x3, 0x16, 0x88, 0x4a, 0xe7, 0xe9,
    0x6a, 0xa, 0xe2, 0x88, 0x2e, 0x18, 0x15, 0xda,
    0x7a, 0x22, 0x0,

    /* U+2276 "≶" */
    0x0, 0xff, 0x85, 0x40, 0x3f, 0xcb, 0x7d, 0xc0,
    0xf, 0x92, 0xbe, 0x77, 0xac, 0x3, 0x1c, 0xf4,
    0xee, 0xb1, 0x84, 0x0, 0x31, 0xd8, 0x3b, 0xa7,
    0x20, 0xe, 0x1a, 0x61, 0x6b, 0x30, 0xf, 0xe8,
    0xed, 0x1d, 0xd3, 0x90, 0x7, 0x67, 0x40, 0xcf,
    0x4e, 0xeb, 0x1c, 0x40, 0x1d, 0x45, 0xba, 0x75,
    0xaf, 0xac, 0xe0, 0x9, 0x2b, 0xe3, 0x3b, 0x19,
    0xef, 0xc0, 0x3c, 0xb7, 0xd5, 0xbd, 0x6a, 0x1,
    0xf8, 0x4c, 0x2, 0x30, 0xf, 0x25, 0x7c, 0xe7,
    0x5b, 0x0, 0x47, 0x3d, 0x25, 0xb8, 0xe2, 0x1,
    0xb7, 0x41, 0xba, 0x82, 0x0, 0xfb, 0xb9, 0x26,
    0x1, 0xfc,

    /* U+2277 "≷" */
    0x5, 0x10, 0xf, 0xf8, 0x7b, 0x96, 0xa0, 0x1f,
    0xc3, 0x7d, 0x93, 0xf4, 0x80, 0x1f, 0x85, 0xf3,
    0x4a, 0x7a, 0x4c, 0x3, 0xf1, 0x46, 0xe8, 0x33,
    0x60, 0x40, 0x3e, 0x3a, 0x72, 0x5a, 0x10, 0xc,
    0x51, 0xba, 0xd, 0xd4, 0x0, 0x42, 0xfb, 0xa2,
    0x9e, 0x90, 0x8e, 0xf0, 0x1e, 0xc8, 0xfa, 0x67,
    0xdd, 0xd, 0x68, 0xf, 0xda, 0x36, 0x6e, 0xa3,
    0xa5, 0x0, 0x25, 0xbe, 0xd9, 0xfa, 0x50, 0xe,
    0x13, 0x70, 0x10, 0xf, 0xe1, 0x6c, 0xed, 0x8f,
    0x94, 0x0, 0xfc, 0x2f, 0xba, 0x1a, 0xe8, 0x30,
    0xf, 0xc5, 0x1d, 0x43, 0x9a, 0x1, 0xfe, 0x49,
    0xfe, 0x0,

    /* U+2282 "⊂" */
    0x0, 0xe1, 0x22, 0xf8, 0x2, 0x6d, 0xed, 0xdf,
    0x60, 0x2, 0x62, 0x1f, 0xff, 0x70, 0x2b, 0xfa,
    0x80, 0x7f, 0x4c, 0x8, 0x7, 0xf8, 0xd0, 0x3,
    0xff, 0x98, 0x68, 0x1, 0xff, 0x4c, 0x8, 0x7,
    0xf9, 0x5f, 0xd4, 0x3, 0xfd, 0x31, 0xf, 0xff,
    0xb8, 0x2, 0x6d, 0xed, 0xdf, 0x60,

    /* U+2283 "⊃" */
    0x22, 0xf8, 0x40, 0x3b, 0x37, 0x7d, 0xda, 0xc0,
    0x17, 0x7f, 0xfd, 0x10, 0x90, 0xf, 0xf2, 0xfb,
    0xa8, 0x7, 0xf8, 0x62, 0x40, 0x3f, 0xe4, 0x30,
    0xf, 0xfe, 0x62, 0x18, 0x7, 0xf8, 0x62, 0x40,
    0x3f, 0x97, 0xdd, 0x43, 0xbf, 0xfe, 0x88, 0x48,
    0x3, 0x37, 0x7d, 0xda, 0xc0, 0x10,

    /* U+2284 "⊄" */
    0x0, 0xff, 0x9, 0x80, 0x78, 0x48, 0xb4, 0x79,
    0x0, 0x4d, 0xbd, 0xbb, 0x98, 0xf0, 0x1, 0x31,
    0xf, 0xfc, 0xcc, 0xfe, 0x5, 0x7f, 0x50, 0x8,
    0x9a, 0x0, 0x29, 0x81, 0x0, 0xd0, 0xe2, 0x1,
    0x1a, 0x0, 0x63, 0x59, 0x0, 0xff, 0x44, 0x4,
    0x3, 0x1a, 0x0, 0x48, 0xae, 0x1, 0xd3, 0x2,
    0x0, 0x88, 0x0, 0x79, 0x5f, 0xd5, 0x85, 0x80,
    0x3e, 0x98, 0x84, 0x97, 0xff, 0x70, 0x4, 0xd6,
    0x7b, 0xbe, 0xc0, 0xc, 0xfc, 0x45, 0xf0,

    /* U+2285 "⊅" */
    0x0, 0xf8, 0x84, 0x3, 0x11, 0x7d, 0xee, 0x1,
    0xb3, 0x77, 0xc5, 0x6c, 0x1, 0x77, 0xff, 0x14,
    0xc4, 0x24, 0x3, 0xe6, 0x16, 0x5f, 0x75, 0x0,
    0xf4, 0x40, 0x0, 0x31, 0x20, 0x1c, 0xe4, 0x80,
    0x12, 0x18, 0x6, 0x18, 0xf0, 0xf, 0xf4, 0xa9,
    0x80, 0x64, 0x30, 0x8, 0x5e, 0x0, 0x30, 0xc4,
    0x80, 0x50, 0xc4, 0x1, 0x2f, 0xba, 0x87, 0x7b,
    0x33, 0xff, 0x44, 0x24, 0x1, 0x86, 0xdb, 0xbb,
    0xb5, 0x80, 0x22, 0xf8, 0x22, 0xc2, 0x1, 0xc0,

    /* U+2286 "⊆" */
    0x0, 0xe2, 0x2f, 0xc0, 0x3, 0xbf, 0xdd, 0xfb,
    0x0, 0xb0, 0xfb, 0xff, 0xee, 0x9, 0x78, 0x10,
    0xf, 0xe4, 0xa0, 0xf, 0xfe, 0x62, 0x50, 0x7,
    0xfd, 0x2f, 0x2, 0x1, 0xfc, 0x5a, 0x7d, 0xff,
    0xf7, 0x0, 0xa, 0xff, 0x77, 0xec, 0x0, 0xe2,
    0x2f, 0xc0, 0x1f, 0xfc, 0x2e, 0xff, 0xff, 0x70,
    0x66, 0xef, 0xfb, 0x0,

    /* U+2287 "⊇" */
    0x22, 0xfc, 0x1, 0xd9, 0xbb, 0xf7, 0xd9, 0x0,
    0x3b, 0xff, 0xee, 0x3d, 0x20, 0xf, 0xe1, 0x87,
    0x90, 0xf, 0xfa, 0x90, 0x3, 0xff, 0x99, 0x48,
    0x1, 0xfc, 0x30, 0xf2, 0x1d, 0xff, 0xf7, 0x1e,
    0x90, 0x66, 0xef, 0xdf, 0x64, 0x0, 0x22, 0xfc,
    0x1, 0xff, 0xc6, 0xef, 0xff, 0xf7, 0x6, 0x6e,
    0xff, 0xb0, 0x0,

    /* U+228A "⊊" */
    0x0, 0xe2, 0x2f, 0xc0, 0x3, 0xbf, 0xdd, 0xfb,
    0x0, 0xb0, 0xfb, 0xff, 0xee, 0x9, 0x78, 0x10,
    0xf, 0xe4, 0xa0, 0xf, 0xfe, 0x62, 0x50, 0x7,
    0xfd, 0x2f, 0x2, 0x1, 0xfc, 0x5a, 0x7d, 0xff,
    0xf7, 0x0, 0xa, 0xff, 0x77, 0xec, 0x0, 0xe2,
    0x23, 0x99, 0x16, 0x2, 0x2e, 0x3a, 0x42, 0x2c,
    0x19, 0xbb, 0xb0, 0x2b, 0x76, 0xc0, 0xef, 0xfa,
    0xc7, 0xbf, 0xf7, 0x0, 0x72, 0x60, 0x80, 0x70,

    /* U+228B "⊋" */
    0x22, 0xfc, 0x1, 0xd9, 0xbb, 0xf7, 0xd9, 0x0,
    0x3b, 0xff, 0xee, 0x3d, 0x20, 0xf, 0xe1, 0x87,
    0x90, 0xf, 0xfa, 0x90, 0x3, 0xff, 0x99, 0x48,
    0x1, 0xfc, 0x30, 0xf2, 0x1d, 0xff, 0xf7, 0x1e,
    0x90, 0x66, 0xef, 0xdf, 0x64, 0x0, 0x22, 0xf2,
    0x18, 0x7, 0x11, 0x72, 0x4a, 0x11, 0x60, 0xcd,
    0xdd, 0x61, 0x5b, 0xb6, 0x7, 0x7f, 0xd6, 0x3d,
    0xff, 0xb8, 0x3, 0x93, 0x4, 0x3, 0xc0,

    /* U+2295 "⊕" */
    0x0, 0xe2, 0x20, 0x7, 0xc3, 0x3f, 0xba, 0xf9,
    0x10, 0x8, 0xbc, 0xf7, 0xfd, 0xa7, 0xe4, 0x0,
    0xf6, 0xa2, 0xb5, 0x2a, 0x6f, 0x7, 0x18, 0x0,
    0x38, 0x5, 0x2, 0xf7, 0x40, 0x1f, 0xaa, 0xc9,
    0x6f, 0x74, 0x77, 0xba, 0x65, 0x23, 0x8, 0x99,
    0x13, 0x4c, 0x90, 0xd, 0xd0, 0xd1, 0x3, 0xa8,
    0x82, 0x47, 0xe9, 0x10, 0xf, 0xc, 0xf2, 0x23,
    0x44, 0x25, 0xc0, 0x75, 0x10, 0x14, 0xdf, 0x2,
    0xd1, 0xed, 0x40, 0x15, 0x50, 0xa6, 0x45, 0x54,
    0x0, 0x0,

    /* U+2296 "⊖" */
    0x0, 0x9b, 0x3f, 0xd8, 0xc0, 0x18, 0x76, 0xe7,
    0x75, 0x37, 0xa2, 0x0, 0xd7, 0xd5, 0x22, 0x2e,
    0xbe, 0x83, 0xd, 0x0, 0x7a, 0x85, 0xb6, 0xc0,
    0x3f, 0x5e, 0xaa, 0xb3, 0x77, 0xcc, 0xaa, 0x0,
    0x7c, 0xcf, 0x9c, 0x0, 0xa8, 0x68, 0x9e, 0x14,
    0x5e, 0x90, 0xf, 0xd3, 0xca, 0xab, 0x10, 0xc,
    0x36, 0xaa, 0xb, 0x1f, 0x84, 0x44, 0x78, 0xd8,
    0x5, 0x54, 0x29, 0x91, 0x55, 0x0, 0x0,

    /* U+2297 "⊗" */
    0x0, 0x9b, 0x3f, 0xd8, 0xc0, 0x18, 0x76, 0xe7,
    0x75, 0x37, 0xa2, 0x0, 0xd7, 0xd5, 0x22, 0x2e,
    0xbe, 0x83, 0xd, 0x51, 0x40, 0xb, 0x54, 0x16,
    0xdb, 0x9, 0xa5, 0x55, 0x48, 0x5e, 0xaa, 0x80,
    0xf2, 0xa9, 0x86, 0xa, 0xa0, 0xc, 0xc0, 0x6,
    0x0, 0xca, 0x80, 0xb5, 0x76, 0xa5, 0x4, 0x5e,
    0x90, 0xcb, 0x44, 0x5e, 0x4, 0xf2, 0xaa, 0xe1,
    0x0, 0x9, 0x16, 0xaa, 0xb, 0x1f, 0x84, 0x44,
    0x78, 0xd8, 0x5, 0x54, 0x29, 0x91, 0x55, 0x0,
    0x0,

    /* U+2298 "⊘" */
    0x0, 0x9b, 0x3f, 0xd8, 0xc0, 0x18, 0x76, 0xe7,
    0x75, 0x37, 0xa2, 0x0, 0xd7, 0xd5, 0x22, 0x2e,
    0xbe, 0x83, 0xd, 0x0, 0x65, 0xaa, 0xb, 0x6d,
    0x80, 0x65, 0xa9, 0xb, 0xd5, 0x50, 0x4, 0xb5,
    0x66, 0xa, 0xa0, 0xc, 0xb5, 0x68, 0x1, 0x95,
    0x1, 0x6a, 0xd0, 0x2, 0x45, 0xe9, 0xc, 0xb4,
    0x0, 0xd3, 0xca, 0xab, 0x84, 0x0, 0x86, 0xd5,
    0x41, 0x63, 0xf0, 0x88, 0x8f, 0x1b, 0x0, 0xaa,
    0x85, 0x32, 0x2a, 0xa0, 0x0,

    /* U+2299 "⊙" */
    0x0, 0x9b, 0x3f, 0xd8, 0xc0, 0x18, 0x76, 0xe7,
    0x75, 0x37, 0xa2, 0x0, 0xd7, 0xd5, 0x22, 0x2e,
    0xbe, 0x83, 0xd, 0x0, 0x7a, 0x85, 0xb6, 0xc0,
    0x3f, 0x5e, 0xaa, 0x80, 0x2c, 0xc0, 0x4, 0xaa,
    0x0, 0xe5, 0x50, 0x7, 0x2a, 0x0, 0x53, 0x20,
    0x9, 0x17, 0xa4, 0x3, 0xf4, 0xf2, 0xaa, 0xc4,
    0x3, 0xd, 0xaa, 0x82, 0xc7, 0xe1, 0x11, 0x1e,
    0x36, 0x1, 0x55, 0xa, 0x64, 0x55, 0x40, 0x0,

    /* U+22A0 "⊠" */
    0x3f, 0xff, 0xfe, 0x6, 0x80, 0xf7, 0x7f, 0xa8,
    0x2, 0x11, 0xff, 0x80, 0x31, 0xf1, 0x0, 0x4d,
    0xa0, 0x1e, 0x36, 0xc2, 0x6, 0x99, 0x0, 0x7d,
    0xd, 0x91, 0x36, 0x80, 0x1f, 0xa1, 0x5e, 0x50,
    0x3, 0xf9, 0x51, 0x60, 0x80, 0x3f, 0x2d, 0x5d,
    0x36, 0x10, 0x7, 0x8e, 0xad, 0x2, 0x1f, 0xc0,
    0x3c, 0x7a, 0x80, 0x14, 0xf8, 0x7, 0xc4, 0x1,
    0xc4, 0x1, 0x87, 0xff, 0xfd, 0x60, 0x7b, 0xbf,
    0xfc, 0xc,

    /* U+22A5 "⊥" */
    0x0, 0xff, 0xe4, 0x2e, 0x0, 0x7f, 0xff, 0xc0,
    0x3f, 0xfd, 0xa3, 0xdd, 0xd4, 0x7d, 0xdc, 0xe3,
    0xbb, 0xd9, 0x8d, 0xde, 0x60,

    /* U+22BF "⊿" */
    0x0, 0xff, 0xe0, 0x8, 0x7, 0xfc, 0x38, 0x1,
    0xfe, 0x1c, 0x20, 0xf, 0xe1, 0xc7, 0x0, 0xfe,
    0x1c, 0x58, 0x0, 0xfc, 0x38, 0xb0, 0x1, 0xf8,
    0x71, 0x60, 0x3, 0xf0, 0xe2, 0xc0, 0x7, 0xe1,
    0xc5, 0x80, 0xf, 0xc3, 0x8b, 0x0, 0x1f, 0x87,
    0x16, 0x0, 0x3f, 0xe, 0x3d, 0x11, 0x79, 0x80,
    0x70, 0x97, 0x77, 0xeb, 0x10,

    /* U+22DA "⋚" */
    0x0, 0xff, 0x13, 0x48, 0x7, 0xc2, 0xb3, 0xd9,
    0x90, 0x6, 0x48, 0xde, 0xeb, 0x3a, 0x94, 0x6,
    0x7e, 0xda, 0xfe, 0xdc, 0x80, 0x30, 0xce, 0xca,
    0x47, 0x4a, 0x88, 0x7, 0x89, 0xab, 0xb7, 0xba,
    0xc8, 0x40, 0xf, 0x8d, 0xef, 0xe0, 0x3c, 0x1,
    0x9b, 0xbf, 0xa5, 0x5c, 0x6, 0xe7, 0xbb, 0xfb,
    0xc0, 0xae, 0xd0, 0x80, 0x67, 0xf0, 0x1e, 0x77,
    0x5b, 0xd4, 0xc4, 0x1, 0xe1, 0x59, 0xec, 0xc6,
    0xed, 0x28, 0x1, 0xe2, 0x4c, 0x42, 0x4d, 0x40,
    0x0, 0xac, 0xee, 0x65, 0xdb, 0x28, 0x0, 0x5e,
    0xee, 0xa6, 0x10, 0xe, 0x5f, 0xb7, 0x30, 0xf,
    0xe0,

    /* U+22DB "⋛" */
    0x9, 0x62, 0x0, 0xff, 0xb3, 0x2e, 0x95, 0x10,
    0xf, 0x96, 0xbb, 0x3b, 0xad, 0x84, 0x0, 0xf8,
    0x9e, 0xfe, 0xda, 0xfe, 0x44, 0x3, 0xa, 0xcf,
    0x42, 0x4e, 0xc8, 0x82, 0x46, 0x77, 0x5b, 0xd4,
    0xc4, 0x1, 0x78, 0x47, 0xdb, 0x98, 0x7, 0xce,
    0xb3, 0xbb, 0xfb, 0x0, 0x1f, 0xdd, 0xfd, 0x36,
    0x20, 0x67, 0xf0, 0x24, 0x5d, 0x88, 0x3, 0x13,
    0x57, 0x6f, 0x75, 0x86, 0x9, 0x3b, 0xb6, 0x63,
    0xa5, 0x44, 0x2, 0x4d, 0x42, 0x4c, 0x42, 0x0,
    0xf9, 0x27, 0x7b, 0x32, 0xd9, 0x51, 0x0, 0xf0,
    0xb5, 0x77, 0x72, 0x80, 0x7f, 0x1b, 0xdf, 0xa8,

    /* U+22EF "⋯" */
    0x1, 0x0, 0xff, 0x8, 0x27, 0x48, 0x5, 0xdc,
    0x0, 0xa7, 0x91, 0xc0, 0x40, 0x22, 0x30, 0xb,
    0x81, 0xc0,

    /* U+2305 "⌅" */
    0x3, 0x3f, 0xf0, 0x3, 0xff, 0xfc, 0x0, 0xcc,
    0xdb, 0xac, 0xcc, 0x1, 0xea, 0xa0, 0x7, 0xf3,
    0x3b, 0x98, 0x3, 0xe1, 0x8e, 0xe4, 0x8, 0x7,
    0xaa, 0x48, 0x93, 0x40, 0x1c, 0xae, 0xe0, 0x3,
    0xb9, 0x40, 0x21, 0xbf, 0x0, 0xdf, 0x62, 0x0,
    0xb6, 0x30, 0xc, 0x6d, 0x60, 0xc, 0x80, 0xf,
    0x46, 0x0,

    /* U+2306 "⌆" */
    0xd, 0xdf, 0xf0, 0x3, 0xbb, 0xfc, 0x0, 0x33,
    0xff, 0x0, 0x33, 0x3f, 0xc0, 0x8, 0x8c, 0x22,
    0x88, 0xc0, 0x4, 0x48, 0x84, 0x44, 0x89, 0x0,
    0x61, 0x8e, 0xe4, 0x8, 0x7, 0xaa, 0x48, 0x93,
    0x40, 0x1c, 0xac, 0xe0, 0x7, 0x65, 0x0, 0x86,
    0xf8, 0x3, 0x75, 0x88, 0x2, 0xd8, 0xc0, 0x31,
    0xb5, 0x80, 0x32, 0x0, 0x3d, 0x18, 0x0,

    /* U+2307 "⌇" */
    0x0, 0xf1, 0x68, 0x6, 0x24, 0xc5, 0x0, 0xa7,
    0xfd, 0x40, 0x11, 0xd3, 0x10, 0x6, 0x10, 0x9,
    0x71, 0x8, 0x2b, 0xfd, 0x20, 0x4d, 0x46, 0x1,
    0x8, 0x6, 0x24, 0xc5, 0x0, 0xa7, 0xfd, 0x40,
    0x11, 0xd3, 0x10, 0x6, 0x10, 0x9, 0x71, 0x8,
    0x2b, 0xfd, 0x20, 0x4d, 0x46, 0x0,

    /* U+2312 "⌒" */
    0x0, 0xcd, 0x7d, 0xfe, 0xeb, 0x61, 0x0, 0xe7,
    0xfa, 0xca, 0xdd, 0x56, 0x57, 0x38, 0x0, 0x72,
    0xaf, 0x1d, 0x8, 0x88, 0xf9, 0x75, 0x82, 0xeb,
    0xa8, 0x1, 0xf9, 0x35, 0x5d, 0xa4, 0x3, 0xff,
    0x81, 0x2c,

    /* U+2318 "⌘" */
    0x2a, 0xa8, 0x80, 0x3a, 0x6a, 0x86, 0x11, 0x54,
    0xb8, 0x0, 0xd1, 0x55, 0x40, 0x6, 0x10, 0xe,
    0x23, 0x0, 0x8, 0x19, 0x80, 0x3f, 0xc4, 0x0,
    0x9b, 0xaa, 0x3d, 0x56, 0x7a, 0xa5, 0xd8, 0x1,
    0x15, 0x47, 0xaa, 0xcf, 0x54, 0x91, 0x0, 0xff,
    0xf1, 0xd, 0x54, 0x95, 0x59, 0x2a, 0xa2, 0xb,
    0xb5, 0x51, 0x2a, 0xb2, 0x55, 0x2e, 0x0, 0x2,
    0x1, 0xfe, 0x10, 0x8, 0x40, 0x40, 0x3b, 0x4c,
    0x0, 0x21, 0x17, 0x57, 0x60, 0xc, 0xf5, 0x54,
    0x80,

    /* U+2329 "〈" */
    0x0, 0xe5, 0x0, 0xe8, 0x90, 0xc, 0x4f, 0xc0,
    0x1b, 0x9c, 0x80, 0x26, 0x18, 0x0, 0x86, 0x78,
    0x3, 0x53, 0x18, 0x4, 0xaa, 0x90, 0xc, 0xc2,
    0x20, 0xc, 0x6d, 0x40, 0x1d, 0x2a, 0xa0, 0xe,
    0xbb, 0x8, 0x6, 0x54, 0xb0, 0xe, 0xb4, 0x40,
    0x6, 0x18, 0x90, 0xe, 0x6e, 0x0,

    /* U+232A "〉" */
    0x5, 0x0, 0xf4, 0xc0, 0x7, 0x73, 0x90, 0x6,
    0x27, 0xe0, 0xe, 0x81, 0x60, 0xe, 0xe9, 0x10,
    0xc, 0x6d, 0x40, 0x1d, 0xa, 0xa0, 0xe, 0x16,
    0x0, 0xd4, 0xc6, 0x1, 0x2a, 0xa4, 0x2, 0x1b,
    0xb0, 0x6, 0xb4, 0x50, 0x9, 0x11, 0x60, 0x1a,
    0x60, 0x40, 0x37, 0x30, 0x6,

    /* U+23B0 "⎰" */
    0x0, 0x4f, 0x30, 0x1b, 0x73, 0x3, 0x18, 0x7,
    0xff, 0x4, 0x40, 0x3f, 0xc2, 0x1, 0x38, 0x7,
    0xff, 0x20, 0xc0, 0x26, 0x20, 0x2, 0xcc, 0x0,
    0x0,

    /* U+23B1 "⎱" */
    0x0, 0xe5, 0xd5, 0x0, 0x2c, 0xc8, 0x2, 0x72,
    0x0, 0xc6, 0x1, 0xff, 0xc6, 0x70, 0xe, 0x10,
    0xf, 0xc2, 0x1, 0xff, 0xc2, 0x63, 0x0, 0x8d,
    0xb9, 0x80,

    /* U+23BE "⎾" */
    0x1d, 0xaa, 0xf8, 0x81, 0x6a, 0xbe, 0x20, 0xf,
    0xff, 0xf8, 0x7, 0xff, 0xd4,

    /* U+23BF "⎿" */
    0x0, 0xff, 0xc, 0x0, 0x7f, 0xff, 0xc0, 0x3f,
    0xff, 0xc9, 0x55, 0xf1, 0x0,

    /* U+23C0 "⏀" */
    0x0, 0xff, 0xe2, 0x50, 0x7, 0xff, 0x20, 0x40,
    0x3f, 0x35, 0x4b, 0xcd, 0x10, 0x5, 0x1, 0x50,
    0xf3, 0x70, 0x80, 0xbc, 0xc0, 0x18, 0x6b, 0xc7,
    0xd8, 0x3, 0xef, 0x70, 0xf, 0xe4, 0xf0, 0xf,
    0xfe, 0x42, 0x7f, 0x38, 0x7, 0xde, 0xc8, 0x10,
    0x1, 0x8a, 0xe0, 0x0, 0xf9, 0x54, 0x7a, 0xba,
    0x30, 0x9, 0x2a, 0x8f, 0x52, 0x20, 0x1f, 0xfc,
    0x63, 0x0, 0xe0,

    /* U+23C1 "⏁" */
    0xaa, 0xfb, 0x31, 0x55, 0xff, 0xc2, 0x99, 0x55,
    0x7c, 0x1, 0xff, 0xc9, 0x6a, 0x99, 0x53, 0x0,
    0x7f, 0x49, 0xd4, 0xca, 0x8e, 0x40, 0x3e, 0x6c,
    0x50, 0xc, 0xb8, 0xc0, 0x1e, 0xc5, 0x0, 0xf2,
    0xe0, 0x7, 0x9, 0x0, 0x7e, 0x31, 0x0, 0xff,
    0xe4, 0x9, 0x0, 0x7e, 0x31, 0x0, 0xec, 0x50,
    0xf, 0x2e, 0x0, 0x79, 0xb1, 0x40, 0x32, 0xe3,
    0x0, 0x7d, 0x27, 0x53, 0x2a, 0x39, 0x0, 0xfe,
    0x6a, 0x99, 0x53, 0x0, 0x7f, 0xf6, 0x40,

    /* U+23C2 "⏂" */
    0x0, 0xff, 0xe5, 0xaa, 0x80, 0x3f, 0xfc, 0xd,
    0x53, 0x2a, 0x60, 0xf, 0xe9, 0xa, 0x99, 0x51,
    0xc8, 0x7, 0xcd, 0x8c, 0x1, 0x97, 0x18, 0x3,
    0xd8, 0xa0, 0x1e, 0x5c, 0x0, 0xe1, 0x20, 0xf,
    0xc6, 0x20, 0x1f, 0xfc, 0x81, 0x20, 0xf, 0xc6,
    0x20, 0x1d, 0x8a, 0x1, 0xe5, 0xc0, 0xf, 0x36,
    0x30, 0x6, 0x6c, 0x60, 0xf, 0xa4, 0x2a, 0x65,
    0x41, 0x20, 0x1f, 0xcd, 0x53, 0x2a, 0x60, 0xf,
    0xfe, 0x4d, 0x57, 0xdd, 0xca, 0xaf, 0x80,

    /* U+23C3 "⏃" */
    0x0, 0xff, 0xe3, 0xc, 0x0, 0x7f, 0xf6, 0x51,
    0x0, 0x1f, 0xf4, 0x92, 0x80, 0x7f, 0x3c, 0xb7,
    0x0, 0x7e, 0x1d, 0x40, 0x88, 0x0, 0x7d, 0x10,
    0x0, 0x18, 0x90, 0x7, 0x18, 0x90, 0x5, 0x10,
    0x0, 0xe8, 0x80, 0x6, 0x1d, 0x30, 0x9, 0xb8,
    0x3, 0xcf, 0x0, 0x16, 0x28, 0x7, 0xdc, 0xc1,
    0x3, 0x33, 0x42, 0x4c, 0xd9, 0x1, 0x35, 0x11,
    0x5a, 0xc4, 0x6f, 0x1, 0x1e, 0x31, 0x1f, 0x0,
    0x7f, 0xf0, 0x80,

    /* U+23C4 "⏄" */
    0xaa, 0xfb, 0x31, 0x55, 0xff, 0xc2, 0x99, 0x55,
    0x7c, 0x1, 0xff, 0xcb, 0xdd, 0x0, 0x7f, 0xf0,
    0x49, 0x54, 0x40, 0x1f, 0xfc, 0x8, 0xbb, 0x40,
    0x7, 0xfc, 0x9a, 0x66, 0xd4, 0x0, 0xff, 0x7b,
    0x80, 0x1f, 0xc0, 0x3f, 0x9f, 0xc0, 0x37, 0xb8,
    0x7, 0xc3, 0xa8, 0x1, 0x93, 0x44, 0x3, 0xd1,
    0x0, 0xf, 0x44, 0x0, 0x38, 0xc4, 0x80, 0x3c,
    0x42, 0x60, 0x1b, 0xca, 0xaa, 0x99, 0x55, 0x45,
    0xe0, 0x1b, 0x2a, 0xb4, 0xca, 0xab, 0x60, 0x7,
    0xff, 0x58,

    /* U+23C5 "⏅" */
    0x0, 0xff, 0xe5, 0xaa, 0x80, 0x3f, 0xfc, 0x59,
    0x80, 0xf, 0xfe, 0x9, 0x22, 0x8, 0x3, 0xff,
    0x81, 0x17, 0x68, 0x0, 0xff, 0x97, 0xc, 0xd8,
    0xa0, 0x1f, 0xee, 0x60, 0x3, 0x70, 0x7, 0xf3,
    0xf8, 0x6, 0xf7, 0x0, 0xf8, 0x75, 0x0, 0x32,
    0x68, 0x80, 0x7a, 0x20, 0x1, 0xe8, 0x80, 0x7,
    0x18, 0x90, 0x7, 0x88, 0x4c, 0x3, 0x79, 0x55,
    0x53, 0x2a, 0xa8, 0xbc, 0x3, 0x65, 0x56, 0x99,
    0x55, 0x6c, 0x0, 0xff, 0xe3, 0x55, 0x7d, 0xdc,
    0xaa, 0xf8,

    /* U+23C6 "⏆" */
    0x0, 0xff, 0xe2, 0x50, 0x7, 0xff, 0xc0, 0x6a,
    0xa3, 0x0, 0xe6, 0x98, 0xaa, 0x80, 0x31, 0x8,
    0x88, 0x1, 0x28, 0xe0, 0xb, 0x5c, 0x0, 0xc8,
    0x55, 0x4c, 0x25, 0x0, 0xe5, 0xaa, 0x28, 0x7,
    0xff, 0x98, 0xc0, 0x38,

    /* U+23C7 "⏇" */
    0xaa, 0xfb, 0x31, 0x55, 0xff, 0xc2, 0x99, 0x55,
    0x7c, 0x1, 0xff, 0xf7, 0x2a, 0xa4, 0x98, 0x6,
    0x51, 0x0, 0xe8, 0xba, 0x8a, 0x0, 0xd8, 0x20,
    0x1c, 0x62, 0x3, 0x30, 0x60, 0x40, 0x1e, 0x1d,
    0x0, 0xd0, 0x95, 0x70, 0x1, 0xc2, 0x80, 0x1c,
    0xf5, 0x22, 0x1, 0xff, 0xff, 0x0, 0xfc,

    /* U+23C8 "⏈" */
    0x0, 0xff, 0xe5, 0xaa, 0x80, 0x3f, 0xff, 0xe0,
    0x1f, 0xfc, 0x32, 0xaa, 0x49, 0x80, 0x65, 0x10,
    0xe, 0x8a, 0xa4, 0x50, 0x6, 0xc1, 0x0, 0xe3,
    0x0, 0xc, 0xc1, 0x81, 0x0, 0x78, 0x74, 0x3,
    0x42, 0x55, 0xc0, 0x7, 0xa, 0x0, 0x73, 0xd4,
    0x88, 0x7, 0xff, 0xde, 0xab, 0xee, 0xe5, 0x57,
    0xc0,

    /* U+23C9 "⏉" */
    0xaa, 0xfb, 0x31, 0x55, 0xff, 0xc2, 0x99, 0x55,
    0x7c, 0x1, 0xff, 0xff, 0x0, 0xff, 0xff, 0x80,
    0x7f, 0xff, 0x80,

    /* U+23CA "⏊" */
    0x0, 0xff, 0xe5, 0xaa, 0x80, 0x3f, 0xff, 0xe0,
    0x1f, 0xff, 0xf0, 0xf, 0xff, 0xf8, 0x7, 0xaa,
    0xbe, 0xee, 0x55, 0x7c,

    /* U+23CB "⏋" */
    0x8a, 0xaf, 0xa2, 0x15, 0x5e, 0xb0, 0xf, 0xff,
    0xf8, 0x7, 0xff, 0xa0,

    /* U+23CC "⏌" */
    0x0, 0xff, 0xe2, 0xc, 0x0, 0x7f, 0xff, 0xc0,
    0x3f, 0xfc, 0xf1, 0x55, 0xeb, 0xf0,

    /* U+23CE "⏎" */
    0x0, 0xff, 0x5d, 0x55, 0x80, 0x1f, 0xe1, 0xaa,
    0x98, 0x3, 0xff, 0xae, 0x72, 0x1, 0xff, 0xc0,
    0x6a, 0x30, 0xf, 0xfa, 0x6, 0x40, 0x24, 0x30,
    0xf, 0x56, 0xb8, 0x1c, 0xc8, 0xe4, 0x0, 0x26,
    0x57, 0x2a, 0x0, 0x99, 0x9c, 0x2, 0x9a, 0x0,
    0x10, 0x7, 0xf3, 0xf9, 0x95, 0x59, 0x80, 0x22,
    0x29, 0xaa, 0x1b, 0x80, 0x6, 0xa8, 0xa0, 0x53,
    0x28, 0xaa, 0x20, 0x7, 0x49, 0x40, 0x8, 0xc0,
    0x1f, 0xcf, 0x86, 0x1, 0xff, 0xc1, 0x49, 0x0,
    0xfc,

    /* U+23DA "⏚" */
    0x0, 0xe8, 0x90, 0xf, 0xff, 0xf8, 0x7, 0xff,
    0x8, 0xbb, 0xb3, 0xb7, 0x76, 0x22, 0x77, 0x6f,
    0xf7, 0x76, 0x20, 0x1, 0x77, 0x7a, 0x40, 0x31,
    0x77, 0x7a, 0x40, 0x3d, 0x9d, 0xcc, 0x0, 0xc0,

    /* U+23DB "⏛" */
    0x0, 0xb7, 0x7f, 0xc0, 0x1e, 0x3c, 0xdd, 0xf6,
    0x18, 0x4, 0xb9, 0x81, 0xdc, 0xcf, 0x68, 0xe6,
    0x15, 0x3f, 0xc1, 0x1f, 0xfe, 0x80, 0xff, 0x20,
    0x99, 0x85, 0x4c, 0xfc, 0xa2, 0x66, 0x10, 0x8,
    0xb3, 0x77, 0xd8, 0x40, 0x10,

    /* U+2423 "␣" */
    0x30, 0xf, 0xf1, 0xc8, 0x7, 0xfa, 0x40, 0x3f,
    0xf8, 0xf, 0x55, 0xfe, 0x70,

    /* U+2460 "①" */
    0x0, 0xc7, 0x11, 0xe3, 0x0, 0xfa, 0x16, 0x23,
    0xcb, 0x0, 0x1d, 0x32, 0x60, 0x0, 0xa0, 0x1,
    0xa6, 0x40, 0x13, 0xd8, 0x80, 0x27, 0xa8, 0x2,
    0x1b, 0x70, 0x7, 0x90, 0x4, 0x44, 0x0, 0xe2,
    0xf0, 0x5b, 0x0, 0xd7, 0x60, 0xf, 0x5a, 0x91,
    0x80, 0x7f, 0xf0, 0xc, 0x80, 0x3f, 0xf8, 0x84,
    0x60, 0x1f, 0xfc, 0x3, 0x25, 0xb0, 0xf, 0xfe,
    0x2, 0x28, 0x79, 0x0, 0x63, 0x0, 0xe2, 0x0,
    0x9e, 0xc4, 0x2, 0x5e, 0x0, 0x86, 0x9c, 0x2,
    0x99, 0x30, 0x7, 0x99, 0x90, 0x1, 0xd0, 0xb1,
    0x1e, 0x47, 0x0, 0x80,

    /* U+2461 "②" */
    0x0, 0xc7, 0x11, 0xe3, 0x0, 0xfa, 0x16, 0x23,
    0xcb, 0x0, 0x1d, 0x32, 0x60, 0x2, 0x18, 0x1,
    0xa6, 0x40, 0x13, 0xd8, 0x83, 0x7c, 0x6f, 0x10,
    0xd, 0xb8, 0x3, 0xc8, 0x0, 0x7b, 0x9c, 0x56,
    0x0, 0x2f, 0x5, 0xb0, 0x9, 0x48, 0x0, 0xc0,
    0x1a, 0xd4, 0x8c, 0x3, 0xc2, 0xba, 0x1, 0x19,
    0x0, 0x7c, 0x38, 0xe8, 0x1, 0xc4, 0x60, 0x18,
    0x71, 0x20, 0x3, 0x19, 0x2d, 0x80, 0x45, 0x8f,
    0x64, 0x40, 0x9, 0x14, 0x3c, 0x80, 0x1c, 0x4b,
    0xbb, 0x8, 0x10, 0x4, 0xf6, 0x21, 0x9f, 0xfc,
    0x22, 0xa7, 0x0, 0xa6, 0x4c, 0x1, 0xe6, 0x64,
    0x0, 0x74, 0x2c, 0x47, 0x91, 0xc0, 0x20,

    /* U+2462 "③" */
    0x0, 0xc7, 0x11, 0xe3, 0x0, 0xfa, 0x16, 0x23,
    0xcb, 0x0, 0x1d, 0x32, 0x60, 0x14, 0x30, 0x3,
    0x4c, 0x80, 0x27, 0xb1, 0x5, 0xe8, 0xde, 0x20,
    0x1b, 0x70, 0x7, 0x90, 0x1, 0xf7, 0x38, 0xe8,
    0x0, 0x5e, 0xb, 0x60, 0x11, 0x10, 0x8, 0xf4,
    0x2, 0xb5, 0x23, 0x0, 0xc5, 0xba, 0x65, 0x0,
    0x8c, 0x80, 0x3c, 0x5f, 0x2c, 0xc0, 0xe, 0x23,
    0x0, 0xe2, 0x66, 0x58, 0x4, 0x64, 0xb6, 0x1,
    0x49, 0x80, 0x11, 0x80, 0x24, 0x50, 0xf2, 0x0,
    0x76, 0x77, 0x84, 0x80, 0x8, 0x2, 0x7b, 0x10,
    0x7f, 0xce, 0xc2, 0x1, 0xa7, 0x0, 0xa6, 0x4c,
    0x0, 0x21, 0x0, 0x33, 0x20, 0x3, 0xa1, 0x62,
    0x3c, 0x8e, 0x1, 0x0,

    /* U+2463 "④" */
    0x0, 0xc7, 0x11, 0xe3, 0x0, 0xfa, 0x16, 0x23,
    0xcb, 0x0, 0x1d, 0x32, 0x60, 0x8, 0x44, 0xd,
    0x32, 0x0, 0x9e, 0xc4, 0x2, 0x2e, 0xc0, 0x0,
    0xdb, 0x80, 0x3c, 0x80, 0x37, 0x98, 0x6, 0x2f,
    0x5, 0xb0, 0xd, 0x2d, 0x40, 0x1d, 0x6a, 0x46,
    0x1, 0x2b, 0xd0, 0x7, 0x8c, 0x80, 0x31, 0x5d,
    0x0, 0x98, 0x80, 0x71, 0x18, 0x1, 0x46, 0xfa,
    0x7, 0x84, 0x0, 0x64, 0xb6, 0x0, 0x7f, 0xfa,
    0x4b, 0xc4, 0x0, 0x8a, 0x1e, 0x40, 0x1f, 0xe2,
    0x0, 0x9e, 0xc4, 0x3, 0x3f, 0x80, 0x6, 0x9c,
    0x2, 0x99, 0x30, 0x4, 0x24, 0xc, 0xc8, 0x0,
    0xe8, 0x58, 0x8f, 0x23, 0x80, 0x40,

    /* U+2464 "⑤" */
    0x0, 0xc7, 0x11, 0xe3, 0x0, 0xfa, 0x16, 0x23,
    0xcb, 0x0, 0x1d, 0x32, 0x60, 0x22, 0xc2, 0xd3,
    0x20, 0x9, 0xec, 0x40, 0x1b, 0xba, 0x80, 0x6d,
    0xc0, 0x1e, 0x40, 0x1b, 0x7f, 0xd6, 0x0, 0x2f,
    0x5, 0xb0, 0x8, 0x40, 0xc8, 0x3, 0xad, 0x48,
    0xc0, 0x22, 0xc, 0xfe, 0x50, 0x8, 0xc8, 0x3,
    0x8f, 0x76, 0x9a, 0x10, 0xc, 0x46, 0x1, 0x88,
    0x0, 0xa0, 0x60, 0x3, 0x25, 0xb0, 0x9, 0xd0,
    0x1, 0x62, 0x40, 0x4, 0x50, 0xf2, 0x0, 0x15,
    0x77, 0xa6, 0x80, 0x8, 0x2, 0x7b, 0x10, 0x5e,
    0xce, 0xd3, 0x1, 0xa7, 0x0, 0xa6, 0x4c, 0x0,
    0x21, 0x0, 0x33, 0x20, 0x3, 0xa1, 0x62, 0x3c,
    0x8e, 0x1, 0x0,

    /* U+2465 "⑥" */
    0x0, 0xc7, 0x11, 0xe3, 0x0, 0xfa, 0x16, 0x23,
    0xcb, 0x0, 0x1d, 0x32, 0x60, 0x1, 0xa0, 0x83,
    0x4c, 0x80, 0x27, 0xb1, 0x1, 0xcd, 0x9e, 0x40,
    0x1b, 0x70, 0x7, 0x90, 0x2, 0x9f, 0xb7, 0x48,
    0x0, 0x2f, 0x5, 0xb0, 0x1, 0x24, 0x80, 0x90,
    0x6, 0xb5, 0x23, 0x0, 0x30, 0x5f, 0x73, 0x48,
    0x2, 0x32, 0x0, 0xc2, 0x19, 0xde, 0x36, 0x1,
    0xc4, 0x60, 0x6, 0x4, 0x0, 0x22, 0x80, 0x46,
    0x4b, 0x60, 0x3, 0x28, 0x0, 0x22, 0x0, 0x24,
    0x50, 0xf2, 0x0, 0x7a, 0x77, 0xbc, 0x0, 0x8,
    0x2, 0x7b, 0x10, 0x2d, 0xfe, 0xb0, 0x0, 0xd3,
    0x80, 0x53, 0x26, 0x0, 0x8, 0x80, 0xc, 0xc8,
    0x0, 0xe8, 0x58, 0x8f, 0x23, 0x80, 0x40,

    /* U+2466 "⑦" */
    0x0, 0xc7, 0x11, 0xe3, 0x0, 0xfa, 0x16, 0x23,
    0xcb, 0x0, 0x1d, 0x32, 0x62, 0x2f, 0x34, 0xc8,
    0x2, 0x7b, 0x10, 0xcd, 0xdd, 0xc0, 0x36, 0xe0,
    0xf, 0x20, 0x7, 0x7f, 0xb8, 0x7c, 0x0, 0x5e,
    0xb, 0x60, 0x1e, 0xa6, 0x30, 0xa, 0xd4, 0x8c,
    0x3, 0x8d, 0x20, 0x3, 0x19, 0x0, 0x7d, 0x4a,
    0x1, 0xf1, 0x18, 0x7, 0x3e, 0x0, 0x71, 0x92,
    0xd8, 0x6, 0x11, 0x10, 0x7, 0x22, 0x87, 0x90,
    0x4, 0x60, 0xc0, 0x18, 0x80, 0x27, 0xb1, 0x0,
    0x16, 0x90, 0x4, 0x34, 0xe0, 0x14, 0xc9, 0x80,
    0x4, 0x1, 0x33, 0x20, 0x3, 0xa1, 0x62, 0x3c,
    0x8e, 0x1, 0x0,

    /* U+2467 "⑧" */
    0x0, 0xc7, 0x11, 0xe3, 0x0, 0xfa, 0x16, 0x23,
    0xcb, 0x0, 0x1d, 0x32, 0x60, 0x5b, 0xb3, 0x3,
    0x4c, 0x80, 0x27, 0xb1, 0x6, 0x8f, 0xf5, 0xb8,
    0xd, 0xb8, 0x3, 0xc8, 0x1, 0xaa, 0x88, 0xbc,
    0x0, 0x17, 0x82, 0xd8, 0x5, 0xac, 0x81, 0xb8,
    0x1, 0x5a, 0x91, 0x80, 0x4c, 0xb7, 0xee, 0xe0,
    0x8, 0xc8, 0x3, 0xa4, 0x7e, 0x86, 0x40, 0x38,
    0x8c, 0x0, 0x2d, 0x60, 0xbc, 0xc2, 0x0, 0x32,
    0x5b, 0x0, 0x8, 0x38, 0x1, 0x44, 0x40, 0x4,
    0x50, 0xf2, 0x0, 0x5d, 0xbb, 0x6e, 0x80, 0x4,
    0x1, 0x3d, 0x88, 0x26, 0xfe, 0x6a, 0x0, 0xd3,
    0x80, 0x53, 0x26, 0x0, 0x8, 0x80, 0xc, 0xc8,
    0x0, 0xe8, 0x58, 0x8f, 0x23, 0x80, 0x40,

    /* U+2468 "⑨" */
    0x0, 0xc7, 0x11, 0xe3, 0x0, 0xfa, 0x16, 0x23,
    0xcb, 0x0, 0x1d, 0x32, 0x60, 0x5b, 0xa4, 0x6,
    0x99, 0x0, 0x4f, 0x62, 0xd, 0x7b, 0x94, 0xa0,
    0x36, 0xe0, 0xf, 0x20, 0x5, 0xcb, 0x32, 0x2c,
    0x0, 0x5e, 0xb, 0x60, 0x18, 0x40, 0xa, 0x22,
    0x0, 0x5a, 0x91, 0x80, 0x49, 0x66, 0x9e, 0x6,
    0x0, 0x32, 0x0, 0xe9, 0x5f, 0xe9, 0x3, 0x0,
    0xc4, 0x60, 0x1a, 0x32, 0x8c, 0x44, 0x0, 0x32,
    0x5b, 0x0, 0x88, 0xc0, 0xa2, 0x40, 0x24, 0x50,
    0xf2, 0x0, 0x3e, 0x76, 0xb3, 0x80, 0x8, 0x2,
    0x7b, 0x10, 0x5f, 0xcf, 0x80, 0x0, 0xd3, 0x80,
    0x53, 0x26, 0x0, 0x10, 0x4, 0xcc, 0x80, 0xe,
    0x85, 0x88, 0xf2, 0x38, 0x4,

    /* U+2469 "⑩" */
    0x0, 0xc7, 0x11, 0xe3, 0x0, 0xfa, 0x16, 0x23,
    0xcb, 0x0, 0x1d, 0x32, 0x61, 0x0, 0x8c, 0xcd,
    0x32, 0x0, 0x9e, 0xd3, 0x7c, 0x1, 0x1b, 0xa8,
    0x1b, 0x70, 0x7, 0x90, 0xa0, 0x0, 0x9f, 0x30,
    0xe2, 0x5e, 0xb, 0x60, 0x98, 0x0, 0x42, 0x2c,
    0x81, 0x6a, 0x46, 0x1, 0xc2, 0x20, 0x0, 0x90,
    0x19, 0x0, 0x7f, 0xf1, 0x8, 0xc0, 0x38, 0x88,
    0x0, 0x22, 0x1, 0x92, 0xd8, 0x7, 0x20, 0x99,
    0x85, 0x1, 0x14, 0x3c, 0x80, 0x30, 0xce, 0x62,
    0x44, 0x80, 0x27, 0xb1, 0x5e, 0x0, 0x37, 0x71,
    0x86, 0x9c, 0x2, 0x99, 0x30, 0x6, 0x11, 0x33,
    0x20, 0x3, 0xa1, 0x62, 0x3c, 0x8e, 0x1, 0x0,

    /* U+246A "⑪" */
    0x0, 0xc7, 0x11, 0xe3, 0x0, 0xfa, 0x16, 0x23,
    0xcb, 0x0, 0x1d, 0x32, 0x63, 0x10, 0x0, 0xa3,
    0x4c, 0x80, 0x27, 0xb0, 0xbc, 0x70, 0x5f, 0xb0,
    0x1b, 0x70, 0x7, 0x91, 0x80, 0x62, 0x20, 0x4,
    0x5e, 0xb, 0x60, 0x56, 0x20, 0x7, 0x80, 0xd,
    0x6a, 0x46, 0x1, 0xff, 0xc0, 0x32, 0x0, 0xff,
    0xe2, 0x11, 0x80, 0x7f, 0xf0, 0xc, 0x96, 0xc0,
    0x3f, 0xf8, 0x8, 0xa1, 0xe4, 0x0, 0x33, 0x0,
    0x42, 0x0, 0x20, 0x9, 0xec, 0x43, 0x54, 0x0,
    0x9c, 0x3, 0x4e, 0x1, 0x4c, 0x98, 0x3, 0xcc,
    0xc8, 0x0, 0xe8, 0x58, 0x8f, 0x23, 0x80, 0x40,

    /* U+246B "⑫" */
    0x0, 0xc7, 0x11, 0xe3, 0x0, 0xfa, 0x16, 0x23,
    0xcb, 0x0, 0x1d, 0x32, 0x74, 0x0, 0x1b, 0xa3,
    0x4c, 0x80, 0x27, 0xb9, 0xea, 0x6, 0xee, 0x5a,
    0x8d, 0xb8, 0x3, 0xca, 0xa0, 0x0, 0xf9, 0x31,
    0xc0, 0x5e, 0xb, 0x60, 0x44, 0x0, 0x8, 0x80,
    0x3a, 0xd4, 0x8c, 0x3, 0xf5, 0xe8, 0x0, 0xc8,
    0x3, 0xf9, 0xc5, 0x80, 0x31, 0x18, 0x7, 0x8e,
    0x38, 0x2, 0x32, 0x5b, 0x0, 0xe1, 0xd7, 0x12,
    0x0, 0x22, 0x87, 0x90, 0x8, 0x2, 0x5, 0xf7,
    0x42, 0x40, 0x13, 0xd8, 0xa7, 0x4, 0xff, 0xe0,
    0xa7, 0x0, 0xa6, 0x4c, 0x1, 0xe6, 0x64, 0x0,
    0x74, 0x2c, 0x47, 0x91, 0xc0, 0x20,

    /* U+246C "⑬" */
    0x0, 0xc7, 0x11, 0xe3, 0x0, 0xfa, 0x16, 0x23,
    0xcb, 0x0, 0x1d, 0x32, 0x61, 0x0, 0x90, 0x9a,
    0x64, 0x1, 0x3d, 0xa6, 0xf8, 0x17, 0x46, 0xc0,
    0xdb, 0x80, 0x3c, 0x99, 0x40, 0x5, 0x98, 0xa7,
    0x2, 0xf0, 0x5b, 0x3, 0xd0, 0x8, 0x80, 0x88,
    0x0, 0xb5, 0x23, 0x0, 0xf0, 0xf4, 0x78, 0x0,
    0xc8, 0x3, 0xf0, 0xe3, 0x78, 0x6, 0x23, 0x0,
    0xf8, 0xa0, 0x8c, 0xc, 0x96, 0xc0, 0x38, 0xd4,
    0x14, 0x4, 0x11, 0x43, 0xc8, 0x3, 0xa3, 0xae,
    0x8, 0x80, 0x13, 0xd8, 0xaf, 0x1, 0xee, 0x7b,
    0x8d, 0x38, 0x5, 0x32, 0x60, 0xc, 0x40, 0xcc,
    0x80, 0xe, 0x85, 0x88, 0xf2, 0x38, 0x4,

    /* U+246D "⑭" */
    0x0, 0xc7, 0x11, 0xe3, 0x0, 0xfa, 0x16, 0x23,
    0xcb, 0x0, 0x1d, 0x32, 0x74, 0x0, 0xca, 0xf3,
    0x20, 0x9, 0xee, 0x7a, 0x80, 0x29, 0xa4, 0x1b,
    0x70, 0x7, 0x95, 0x40, 0x4, 0x48, 0x40, 0x2,
    0xf0, 0x5b, 0x2, 0x20, 0x5, 0x36, 0x1, 0xad,
    0x48, 0xc0, 0x39, 0x19, 0x80, 0x18, 0xc8, 0x3,
    0xe9, 0x54, 0x2, 0x10, 0x8, 0x8c, 0x3, 0x85,
    0x20, 0xa8, 0x80, 0xc9, 0x6c, 0x3, 0xb3, 0x22,
    0x83, 0x4, 0x50, 0xf2, 0x1, 0x0, 0xe1, 0x10,
    0x10, 0x4, 0xf6, 0x29, 0xc0, 0x1b, 0x10, 0x69,
    0xc0, 0x29, 0x93, 0x0, 0x79, 0x99, 0x0, 0x1d,
    0xb, 0x11, 0xe4, 0x70, 0x8,

    /* U+246E "⑮" */
    0x0, 0xc7, 0x11, 0xe3, 0x0, 0xfa, 0x16, 0x23,
    0xcb, 0x0, 0x1d, 0x32, 0x62, 0x0, 0x11, 0x49,
    0x32, 0x0, 0x9e, 0xdf, 0xb0, 0x1, 0x9b, 0xac,
    0x1b, 0x70, 0x7, 0x92, 0xb0, 0x4, 0x3b, 0xfc,
    0x5, 0xe0, 0xb6, 0x7, 0xa0, 0x1c, 0x20, 0x15,
    0xa9, 0x18, 0x7, 0xdd, 0xc9, 0x0, 0x19, 0x0,
    0x7e, 0xdc, 0xd6, 0x30, 0x8, 0x8c, 0x3, 0xc4,
    0x4, 0xc, 0x6, 0x4b, 0x60, 0x1c, 0x68, 0x8,
    0xe, 0x8, 0xa1, 0xe4, 0x2, 0x1, 0x4f, 0x5c,
    0x91, 0x0, 0x27, 0xb1, 0x4e, 0x3, 0xdc, 0xf6,
    0x1a, 0x70, 0xa, 0x64, 0xc0, 0x18, 0x81, 0x99,
    0x0, 0x1d, 0xb, 0x11, 0xe4, 0x70, 0x8,

    /* U+246F "⑯" */
    0x0, 0xc7, 0x11, 0xe3, 0x0, 0xfa, 0x16, 0x23,
    0xcb, 0x0, 0x1d, 0x32, 0x61, 0x0, 0x89, 0x1e,
    0x64, 0x1, 0x3d, 0xa6, 0xf8, 0x1, 0xf6, 0x7c,
    0x2d, 0xc0, 0x1e, 0x4c, 0xa0, 0x1, 0x8c, 0xdc,
    0x12, 0xf0, 0x5b, 0x3, 0xd0, 0x3, 0x99, 0x84,
    0x80, 0x16, 0xa4, 0x60, 0x1d, 0xc1, 0xbd, 0x60,
    0x3, 0x20, 0xf, 0xc3, 0x9c, 0xa8, 0x1, 0x11,
    0x80, 0x77, 0xb0, 0x88, 0x88, 0x6, 0x4b, 0x60,
    0x1c, 0xa8, 0x22, 0x35, 0x4, 0x50, 0xf2, 0x1,
    0x0, 0x14, 0x77, 0x18, 0xc8, 0x2, 0x7b, 0x14,
    0xe0, 0x3, 0xf7, 0x24, 0x69, 0xc0, 0x29, 0x93,
    0x0, 0x61, 0x13, 0x32, 0x0, 0x3a, 0x16, 0x23,
    0xc8, 0xe0, 0x10,

    /* U+2470 "⑰" */
    0x0, 0xc7, 0x11, 0xe3, 0x0, 0xfa, 0x16, 0x23,
    0xcb, 0x0, 0x1d, 0x32, 0x74, 0x3, 0x55, 0x8e,
    0xa4, 0x2, 0x7b, 0x9e, 0xa0, 0xb8, 0x8a, 0x8e,
    0xdc, 0x1, 0xe5, 0x50, 0x0, 0x8d, 0xd3, 0xb8,
    0x4b, 0xc1, 0x6c, 0x8, 0x80, 0x18, 0x92, 0x0,
    0x16, 0xa4, 0x60, 0x1f, 0x5b, 0x80, 0x46, 0x40,
    0x1f, 0xc9, 0x80, 0x1c, 0x46, 0x1, 0xf1, 0x38,
    0x4, 0x64, 0xb6, 0x1, 0xe2, 0x2, 0x0, 0x91,
    0x43, 0xc8, 0x3, 0x84, 0x3, 0x10, 0x4, 0xf6,
    0x2b, 0xc0, 0x3, 0xf0, 0x0, 0xd3, 0x80, 0x53,
    0x26, 0x0, 0xf3, 0x32, 0x0, 0x3a, 0x16, 0x23,
    0xc8, 0xe0, 0x10,

    /* U+2471 "⑱" */
    0x0, 0xc7, 0x11, 0xe3, 0x0, 0xfa, 0x16, 0x23,
    0xcb, 0x0, 0x1d, 0x34, 0x50, 0x0, 0x1a, 0xb2,
    0x99, 0x0, 0x4f, 0x71, 0x6c, 0x0, 0xd2, 0xeb,
    0xb, 0x70, 0x7, 0x95, 0x50, 0x2, 0x39, 0x53,
    0x52, 0xf0, 0x5b, 0x0, 0xf1, 0xc8, 0x92, 0x85,
    0xa9, 0x18, 0x7, 0xbd, 0xf9, 0x84, 0xc, 0x80,
    0x3e, 0x1d, 0xca, 0x73, 0x0, 0x88, 0xc0, 0x39,
    0x8, 0xd5, 0xa8, 0xc, 0x96, 0xc0, 0x39, 0x8c,
    0x40, 0x84, 0x11, 0x43, 0xc8, 0x3, 0x1b, 0xff,
    0x3c, 0x90, 0x4, 0xf6, 0x2b, 0xc0, 0x8, 0xff,
    0x60, 0x53, 0x80, 0x53, 0x26, 0x0, 0xc2, 0x26,
    0x64, 0x0, 0x74, 0x2c, 0x47, 0x91, 0xc0, 0x20,

    /* U+2472 "⑲" */
    0x0, 0xc7, 0x11, 0xe3, 0x0, 0xfa, 0x16, 0x23,
    0xcb, 0x0, 0x1d, 0x34, 0x50, 0x0, 0x3a, 0x97,
    0x99, 0x0, 0x4f, 0x71, 0x6c, 0x3, 0xba, 0x1c,
    0x1b, 0x70, 0x7, 0x95, 0x50, 0x0, 0x86, 0xf0,
    0x68, 0x5e, 0xb, 0x60, 0x1e, 0x10, 0x2, 0x90,
    0x5a, 0x91, 0x80, 0x73, 0x9a, 0x2a, 0x8, 0x19,
    0x0, 0x7c, 0x53, 0x1a, 0x82, 0x1, 0x11, 0x80,
    0x79, 0xb2, 0x14, 0x80, 0xc9, 0x6c, 0x3, 0xc8,
    0xc, 0x8, 0x8, 0xa1, 0xe4, 0x2, 0x0, 0x19,
    0xf8, 0xa0, 0x20, 0x9, 0xec, 0x53, 0x80, 0x77,
    0x5c, 0x83, 0x4e, 0x1, 0x4c, 0x98, 0x3, 0x10,
    0x33, 0x20, 0x3, 0xa1, 0x62, 0x3c, 0x8e, 0x1,
    0x0,

    /* U+2473 "⑳" */
    0x0, 0xc7, 0x11, 0xe3, 0x0, 0xfa, 0x16, 0x23,
    0xcb, 0x0, 0x1d, 0x32, 0x74, 0x10, 0x9, 0x11,
    0x32, 0x0, 0x9e, 0xdb, 0xe7, 0xc8, 0x36, 0x75,
    0x2d, 0xc0, 0x1e, 0x47, 0xfa, 0xb4, 0xe1, 0xb3,
    0x65, 0xe0, 0xb6, 0x8, 0x20, 0x43, 0x8a, 0xe,
    0x25, 0x6a, 0x46, 0x1, 0x9f, 0x5b, 0x80, 0x40,
    0x4c, 0x80, 0x3a, 0x9, 0x0, 0x3f, 0x11, 0x80,
    0x15, 0xb8, 0x1b, 0x80, 0x80, 0x8c, 0x96, 0xc0,
    0xea, 0x0, 0xb5, 0x41, 0x48, 0x51, 0x43, 0xca,
    0x2, 0x77, 0x19, 0x9f, 0x3c, 0x40, 0x13, 0xdd,
    0x7f, 0xdc, 0x17, 0xdc, 0x2a, 0x70, 0xa, 0x64,
    0xc0, 0x1c, 0x2c, 0xc8, 0x0, 0xe8, 0x58, 0x8f,
    0x23, 0x80, 0x40,

    /* U+2474 "⑴" */
    0x0, 0x8, 0x7, 0xf8, 0x40, 0x22, 0xa0, 0xf,
    0xe3, 0xb0, 0xa, 0x20, 0x1, 0x8d, 0xc0, 0x23,
    0x13, 0x1, 0x73, 0x0, 0x1e, 0xe4, 0x0, 0x6e,
    0xa0, 0x44, 0x0, 0x45, 0xc, 0x1, 0xc8, 0x80,
    0xdf, 0x0, 0x85, 0x7c, 0x3, 0x84, 0xc0, 0x88,
    0x1, 0xff, 0xc0, 0x22, 0x8, 0x7, 0xff, 0x5,
    0xc4, 0x3, 0xff, 0x88, 0x20, 0x1f, 0xfc, 0x17,
    0x12, 0x20, 0x7, 0xff, 0x0, 0x89, 0xbe, 0x1,
    0xff, 0x9, 0x82, 0x20, 0x2, 0x44, 0x78, 0x22,
    0x0, 0x8, 0x80, 0x16, 0x30, 0x5, 0xd9, 0x82,
    0xec, 0x41, 0xf4, 0x0, 0x89, 0x0, 0x7f, 0xf8,
    0x88, 0x26, 0x0, 0x39, 0x0, 0xfe, 0x3a, 0x0,
    0x0,

    /* U+2475 "⑵" */
    0x0, 0x18, 0x7, 0xf0, 0x90, 0x4, 0x70, 0x1,
    0xfc, 0x3c, 0x1, 0x4c, 0x0, 0x6, 0x77, 0x50,
    0x1, 0x2a, 0x0, 0xb9, 0x81, 0x79, 0x5d, 0x3d,
    0x80, 0x37, 0x81, 0x10, 0x0, 0x29, 0xb6, 0x79,
    0x42, 0x4, 0x40, 0x6f, 0x80, 0x4e, 0x1, 0x20,
    0x30, 0x0, 0xc4, 0x88, 0x1, 0xf3, 0x3, 0x0,
    0x4, 0xc4, 0x3, 0xf7, 0x91, 0x0, 0xe, 0x20,
    0x1f, 0x95, 0x24, 0x3, 0x84, 0x40, 0x1c, 0x56,
    0xc8, 0x1, 0x38, 0x91, 0x0, 0x30, 0xf9, 0x48,
    0x6, 0x23, 0xde, 0x0, 0xda, 0x1a, 0x1, 0xe1,
    0x47, 0x0, 0xac, 0xed, 0x51, 0x6, 0x8, 0x80,
    0x14, 0x40, 0x22, 0x2, 0x6e, 0xef, 0xd, 0xe0,
    0x4, 0x78, 0x27, 0xff, 0xb0, 0x55, 0x0, 0x5,
    0x0, 0x1f, 0xc3, 0xc0, 0x0,

    /* U+2476 "⑶" */
    0x0, 0x18, 0x7, 0xf0, 0x90, 0x4, 0x74, 0x1,
    0xfe, 0x90, 0xa, 0x2c, 0x0, 0x75, 0xb8, 0xe0,
    0x1, 0x24, 0x1, 0x62, 0x4, 0xc3, 0x84, 0x89,
    0x0, 0x6e, 0x81, 0x10, 0x0, 0x4d, 0x95, 0x86,
    0x70, 0x2, 0x38, 0x6f, 0x80, 0x44, 0x1, 0x8,
    0x6, 0x31, 0x22, 0x0, 0x79, 0x1e, 0x40, 0x21,
    0x31, 0x0, 0xe9, 0xfb, 0x97, 0x0, 0x9c, 0x40,
    0x3d, 0x54, 0x69, 0x70, 0xe, 0x11, 0x0, 0x63,
    0x59, 0x94, 0x10, 0x1, 0xc4, 0x88, 0x1, 0xf2,
    0x3, 0x80, 0x8, 0x99, 0xa0, 0x3, 0x10, 0x9,
    0xc0, 0x40, 0x4c, 0x11, 0xc0, 0x11, 0xec, 0x6d,
    0x66, 0x80, 0x8a, 0x0, 0x73, 0xb, 0x68, 0xc9,
    0x7d, 0x0, 0x75, 0x0, 0x22, 0x0, 0x8, 0xef,
    0xf4, 0x88, 0x18, 0x90, 0x0, 0xa8, 0x3, 0xf8,
    0xe8, 0x0,

    /* U+2477 "⑷" */
    0x0, 0xff, 0xe2, 0x95, 0x80, 0x7f, 0x1d, 0x0,
    0x57, 0xe0, 0x1c, 0x8c, 0x0, 0x31, 0x20, 0x2,
    0x20, 0x3, 0x1d, 0xc8, 0x5, 0xd4, 0x8, 0xe0,
    0x1d, 0xe6, 0x1, 0x91, 0x40, 0xf0, 0x3, 0x39,
    0x48, 0x6, 0x13, 0xd, 0x30, 0x8, 0xa2, 0x80,
    0x3c, 0x44, 0x11, 0x0, 0x52, 0xa8, 0x1, 0xe7,
    0x10, 0xc, 0xcb, 0x60, 0x1f, 0xc2, 0x0, 0x18,
    0x74, 0x5d, 0x5, 0x30, 0x3, 0x89, 0x10, 0x8,
    0xd2, 0x20, 0xc1, 0x16, 0x0, 0x23, 0xdf, 0x3,
    0xdd, 0xd6, 0x1b, 0x0, 0x10, 0xa2, 0x0, 0x3f,
    0xe4, 0x40, 0xb, 0x10, 0x7, 0xfb, 0x78, 0x1,
    0xf6, 0x1, 0xcb, 0xe0, 0x1, 0x54, 0x0, 0x26,
    0x80, 0x7f, 0xb8, 0x0,

    /* U+2478 "⑸" */
    0x0, 0xff, 0xe2, 0x95, 0x80, 0x7f, 0x1d, 0x0,
    0x51, 0xe0, 0x4, 0x66, 0xca, 0x6, 0x24, 0x0,
    0x74, 0x0, 0x4c, 0x5d, 0xdc, 0x0, 0xea, 0x4,
    0x40, 0x4, 0x73, 0xbb, 0x58, 0x1, 0x14, 0x33,
    0xc0, 0x21, 0x10, 0x7, 0x84, 0xc0, 0x88, 0x1,
    0x88, 0xa0, 0xe, 0x22, 0x8, 0x4, 0x21, 0x59,
    0xbc, 0x80, 0x13, 0x88, 0x6, 0x1a, 0xfe, 0xe1,
    0x50, 0x7, 0x8, 0x80, 0x25, 0x10, 0x18, 0x14,
    0x0, 0x38, 0x91, 0x80, 0x7c, 0xc0, 0x20, 0x2,
    0x26, 0xf8, 0x0, 0x80, 0x32, 0x3, 0x80, 0x98,
    0x22, 0x0, 0x1f, 0x8a, 0x6f, 0x2a, 0x40, 0x88,
    0x1, 0x73, 0xc, 0x5b, 0xc9, 0x7a, 0x0, 0x75,
    0x0, 0x22, 0x0, 0x33, 0xdf, 0xd0, 0x0, 0x31,
    0x30, 0x1, 0x50, 0x7, 0xf1, 0xd0, 0x0,

    /* U+2479 "⑹" */
    0x0, 0x18, 0x7, 0xf0, 0x90, 0x4, 0x72, 0x1,
    0xfe, 0x90, 0xa, 0x20, 0x1, 0x25, 0xed, 0xa0,
    0x9, 0x20, 0xb, 0x10, 0x1, 0xac, 0x6c, 0xa8,
    0x43, 0x74, 0x8, 0x80, 0xa, 0x5e, 0x9a, 0x7c,
    0x41, 0x1c, 0x37, 0xc0, 0xa, 0x12, 0x1, 0x8,
    0x4, 0x62, 0x44, 0x0, 0x61, 0x88, 0x10, 0x7,
    0x9, 0x88, 0x4, 0x6f, 0x1f, 0xbc, 0xa0, 0x13,
    0x88, 0x6, 0x14, 0xe, 0xf7, 0xa1, 0x0, 0xc2,
    0x20, 0x0, 0x9c, 0x8, 0x40, 0x20, 0x1, 0xc4,
    0x88, 0x0, 0x21, 0x0, 0x84, 0xc, 0x0, 0x44,
    0xcd, 0x0, 0x59, 0x18, 0x0, 0x80, 0x80, 0x4c,
    0x11, 0xc0, 0x6, 0x9c, 0x87, 0xc6, 0x80, 0x8a,
    0x0, 0x73, 0x0, 0x5a, 0x5e, 0x36, 0x80, 0x3a,
    0x80, 0x11, 0x0, 0xa, 0x7f, 0xd4, 0x20, 0x62,
    0x40, 0x2, 0xa0, 0xf, 0xe3, 0xa0, 0x0,

    /* U+247A "⑺" */
    0x0, 0xff, 0xe2, 0x95, 0x80, 0x7f, 0x1c, 0x80,
    0x51, 0xe0, 0x8c, 0xde, 0x3, 0x22, 0x0, 0x1d,
    0x3, 0xae, 0xf4, 0x48, 0x3, 0x68, 0x11, 0xc0,
    0x15, 0xbb, 0x82, 0x0, 0xe, 0xa1, 0x98, 0x0,
    0xf3, 0x9b, 0x80, 0x4, 0xc0, 0x8c, 0x3, 0xd3,
    0x0, 0x18, 0x88, 0x22, 0x0, 0xe6, 0x5, 0x0,
    0xce, 0x20, 0x1f, 0x53, 0x80, 0x7c, 0x20, 0x1e,
    0x3c, 0x0, 0xe7, 0x12, 0x20, 0x6, 0x40, 0x70,
    0xe, 0x23, 0xdf, 0x0, 0xc6, 0x4, 0x1, 0xe1,
    0x44, 0x0, 0x6f, 0x10, 0xe, 0x44, 0x0, 0x88,
    0x80, 0x22, 0x30, 0xe, 0xee, 0x0, 0x22, 0xc0,
    0x2a, 0xd0, 0xc, 0x42, 0x80, 0x4, 0xd0, 0xf,
    0xf4, 0x80, 0x0,

    /* U+247B "⑻" */
    0x0, 0x18, 0x7, 0xf0, 0x90, 0x4, 0x72, 0x1,
    0xfe, 0x90, 0xa, 0x20, 0x0, 0x19, 0xdc, 0x70,
    0x0, 0x92, 0x0, 0xb1, 0x0, 0x30, 0xa6, 0x70,
    0x3, 0x74, 0x8, 0x80, 0x2, 0x15, 0x22, 0xc3,
    0x0, 0x11, 0xc3, 0x7c, 0x3, 0xe2, 0x0, 0xc6,
    0x24, 0x40, 0x2, 0x15, 0x0, 0x39, 0x80, 0x21,
    0x31, 0x0, 0xde, 0x9d, 0x4f, 0x0, 0x13, 0x88,
    0x7, 0x4a, 0xc3, 0x99, 0x0, 0x70, 0x88, 0x1,
    0xf, 0x4d, 0xaf, 0x82, 0x0, 0x71, 0x22, 0x0,
    0x15, 0x0, 0x29, 0x7, 0x0, 0x11, 0x33, 0x40,
    0x2, 0x20, 0x8, 0x40, 0x21, 0x30, 0x47, 0x0,
    0x4b, 0x38, 0x95, 0x8b, 0x82, 0x28, 0x1, 0xcc,
    0x16, 0xa9, 0xda, 0x38, 0x21, 0xd4, 0x0, 0x88,
    0x0, 0x17, 0x7f, 0xd6, 0x40, 0x62, 0x40, 0x2,
    0xa0, 0xf, 0xe3, 0xa0, 0x0,

    /* U+247C "⑼" */
    0x0, 0x18, 0x7, 0xf0, 0x90, 0x4, 0x72, 0x1,
    0xfe, 0x90, 0xa, 0x20, 0x0, 0x3b, 0xdb, 0x30,
    0x0, 0x92, 0x0, 0xb1, 0x1, 0x60, 0xc1, 0x61,
    0x80, 0x37, 0x40, 0x88, 0x0, 0x41, 0xd2, 0xca,
    0x40, 0x1, 0x1c, 0x37, 0xc0, 0xe, 0x80, 0x17,
    0x20, 0x80, 0xc, 0x48, 0x80, 0x1, 0x10, 0x4,
    0xc0, 0x40, 0x1, 0x31, 0x0, 0x91, 0xc8, 0xb,
    0xc1, 0xc0, 0xe, 0x20, 0x1a, 0x17, 0x7b, 0x28,
    0x3, 0xc2, 0x20, 0xa, 0xf7, 0x5c, 0xa0, 0xc0,
    0x7, 0x12, 0x20, 0x6, 0x23, 0x4, 0x2, 0x0,
    0x11, 0x33, 0x40, 0x3e, 0xa6, 0x0, 0x9, 0x82,
    0x38, 0x1, 0xb1, 0x11, 0x65, 0x60, 0x4, 0x50,
    0x3, 0x98, 0x3b, 0x5d, 0x83, 0x48, 0x1, 0xd4,
    0x0, 0x88, 0x0, 0xd7, 0xfa, 0xc8, 0x0, 0x62,
    0x40, 0x2, 0xa0, 0xf, 0xe3, 0xa0, 0x0,

    /* U+247D "⑽" */
    0x0, 0x18, 0x7, 0xf0, 0x90, 0x4, 0x5e, 0x1,
    0xfe, 0xe0, 0xa, 0x20, 0xb, 0x0, 0x3, 0xcc,
    0x20, 0xaa, 0x0, 0xba, 0x75, 0x28, 0xe, 0xdd,
    0x59, 0x6f, 0x2, 0x20, 0x3a, 0x80, 0xe, 0x4e,
    0xcb, 0x48, 0x80, 0xdf, 0x0, 0xec, 0x40, 0x6,
    0x18, 0x18, 0x91, 0x0, 0x39, 0xb8, 0x0, 0x6c,
    0x2, 0x62, 0x1, 0xfe, 0x13, 0x7, 0x10, 0xf,
    0xfe, 0x21, 0x8, 0x7, 0xf0, 0x98, 0x38, 0xf1,
    0x0, 0x73, 0x70, 0x0, 0xd8, 0x8, 0x87, 0xa0,
    0x1d, 0x88, 0x0, 0xc3, 0x13, 0x4, 0x40, 0x7,
    0x39, 0xaa, 0x2d, 0x22, 0x0, 0xc, 0xc0, 0x16,
    0x1, 0xab, 0xb4, 0x97, 0x50, 0x2, 0x68, 0x12,
    0xc0, 0xb, 0xde, 0xc6, 0x26, 0x0, 0x1d, 0x0,
    0xfe, 0x3a, 0x0, 0x0,

    /* U+247E "⑾" */
    0x0, 0x8, 0x7, 0xf8, 0x40, 0x23, 0xb0, 0xf,
    0xe3, 0xb0, 0xa, 0x20, 0x0, 0x61, 0x0, 0x98,
    0x4c, 0x4c, 0x5, 0x89, 0xba, 0x48, 0x1b, 0xa5,
    0x43, 0xa8, 0x11, 0x0, 0xf8, 0x20, 0x7, 0xc1,
    0x0, 0x22, 0x3, 0x7c, 0x4, 0x80, 0x21, 0x20,
    0x8, 0x4c, 0x8, 0x80, 0x1f, 0xfc, 0x2, 0x20,
    0x80, 0x7f, 0xf0, 0x5c, 0x40, 0x3f, 0xf8, 0x82,
    0x1, 0xff, 0xc1, 0x71, 0x22, 0x0, 0x7f, 0xf0,
    0x8, 0x9b, 0xe0, 0x1f, 0xf0, 0x98, 0x22, 0x80,
    0x7f, 0xc8, 0x80, 0x17, 0x20, 0xf, 0xce, 0x1f,
    0x40, 0xf, 0xb0, 0x7, 0x18, 0x5, 0xc6, 0x42,
    0x60, 0x4, 0xa0, 0xf, 0xe3, 0xa0, 0x0,

    /* U+247F "⑿" */
    0x0, 0x8, 0x7, 0xff, 0x8, 0x74, 0x3, 0xf9,
    0x24, 0x2, 0x99, 0x1, 0x30, 0x1, 0xaa, 0x5,
    0x14, 0x80, 0xc, 0xb9, 0xb6, 0x13, 0x58, 0x74,
    0x15, 0x40, 0x44, 0x7, 0x48, 0x3, 0x30, 0xd6,
    0x84, 0xea, 0x7, 0xa0, 0x46, 0x0, 0x50, 0x8,
    0x84, 0x46, 0x1a, 0x40, 0x1f, 0xc4, 0x20, 0x44,
    0x11, 0x0, 0x7e, 0x41, 0x20, 0x71, 0x0, 0xff,
    0x44, 0x80, 0x61, 0x10, 0x7, 0xca, 0x4e, 0x0,
    0x71, 0x22, 0x0, 0x78, 0x6e, 0xc0, 0x11, 0x13,
    0x74, 0x1, 0xea, 0x45, 0x0, 0x9, 0x82, 0xa0,
    0x7, 0x3a, 0xc9, 0x10, 0x51, 0x0, 0x7, 0x50,
    0x11, 0x4, 0x8e, 0x6e, 0xa3, 0xac, 0x1, 0x72,
    0x9, 0x81, 0xdf, 0xfa, 0x84, 0x80, 0x5, 0xc0,
    0x1f, 0xc3, 0x60, 0x0,

    /* U+2480 "⒀" */
    0x0, 0x18, 0x7, 0xf1, 0x8, 0x4, 0x5e, 0x1,
    0xfc, 0x34, 0x1, 0x44, 0x1, 0x60, 0x1, 0x1b,
    0x88, 0x62, 0x60, 0x2e, 0x9d, 0x4a, 0xa, 0x73,
    0x76, 0x1f, 0xa0, 0x44, 0x7, 0x50, 0x1, 0x6d,
    0x1c, 0x91, 0x20, 0xdf, 0x0, 0xff, 0x84, 0xc0,
    0x88, 0x1, 0xf9, 0x8d, 0x40, 0x88, 0x20, 0x1f,
    0x1f, 0x46, 0x0, 0x1c, 0x40, 0x3f, 0x1d, 0x3f,
    0x88, 0x4, 0x42, 0x1, 0xf2, 0x4b, 0x48, 0x38,
    0xf1, 0x0, 0x7f, 0x61, 0x81, 0x10, 0xf4, 0x3,
    0x84, 0x2, 0xe1, 0x11, 0x82, 0x20, 0x3, 0xb5,
    0xc9, 0x5b, 0x9d, 0x40, 0xc, 0xc0, 0x16, 0xe,
    0xcd, 0xb9, 0x4a, 0xa0, 0x2, 0x68, 0x12, 0xc0,
    0xaf, 0xf9, 0x91, 0x48, 0x0, 0x3a, 0x1, 0xfc,
    0x92, 0x0,

    /* U+2481 "⒁" */
    0x0, 0x8, 0x7, 0xf8, 0x40, 0x21, 0xd0, 0xf,
    0xf5, 0x0, 0x53, 0x20, 0x26, 0x0, 0xc6, 0xc0,
    0x48, 0x0, 0x65, 0xcd, 0xb0, 0xd, 0xf0, 0x1b,
    0xc0, 0x88, 0xe, 0x90, 0xc, 0x80, 0x12, 0x38,
    0x1e, 0x81, 0x18, 0x6, 0x8a, 0x0, 0xc3, 0xa4,
    0x1, 0xe5, 0x75, 0x0, 0x84, 0xc4, 0x40, 0x1e,
    0x88, 0x0, 0x67, 0x10, 0xf, 0x95, 0x8c, 0x3,
    0xc2, 0x20, 0xe, 0x82, 0x6b, 0x16, 0x7, 0x12,
    0x20, 0x7, 0x39, 0xe1, 0x86, 0x8, 0x8f, 0x74,
    0x1, 0xd5, 0x54, 0xd, 0x9, 0x8a, 0xa0, 0x7,
    0xfc, 0x68, 0x0, 0x75, 0x1, 0x10, 0x6, 0x13,
    0xb, 0xf0, 0x5, 0xc8, 0x26, 0x0, 0x62, 0xd0,
    0x45, 0x0, 0x17, 0x0, 0x7f, 0xb8, 0x0,

    /* U+2482 "⒂" */
    0x0, 0x30, 0x7, 0xf1, 0x98, 0x2, 0x3d, 0x0,
    0xfe, 0x2f, 0x0, 0xa2, 0x3, 0x16, 0x9, 0xbb,
    0x81, 0x50, 0x5, 0x8f, 0x19, 0x80, 0x22, 0x99,
    0x87, 0x78, 0x11, 0x1, 0xb6, 0x0, 0x35, 0x44,
    0x81, 0x10, 0x1b, 0xe0, 0x1c, 0x22, 0x0, 0xe3,
    0x12, 0x20, 0x7, 0x7f, 0x84, 0x3, 0x9, 0x8b,
    0x80, 0x70, 0xce, 0x7b, 0x80, 0x1c, 0x44, 0xe0,
    0x1d, 0x7b, 0xac, 0x83, 0x0, 0x8c, 0x40, 0x38,
    0x8c, 0xc, 0xc8, 0xe, 0x3c, 0x40, 0x1f, 0xce,
    0x0, 0x22, 0x1e, 0x0, 0x7f, 0x29, 0x10, 0xc1,
    0x14, 0x3, 0xb5, 0x6, 0x41, 0x51, 0x40, 0xc,
    0xc0, 0x16, 0x9, 0x97, 0x26, 0x85, 0x50, 0x1,
    0x34, 0x9, 0x60, 0x9b, 0xfa, 0x68, 0xa4, 0x0,
    0x1d, 0x0, 0xfe, 0x49, 0x0, 0x0,

    /* U+2483 "⒃" */
    0x0, 0x18, 0x7, 0xf1, 0x8, 0x4, 0x5e, 0x1,
    0xfc, 0x34, 0x1, 0x44, 0x1, 0x60, 0x0, 0x57,
    0xac, 0x60, 0x60, 0x2e, 0x9d, 0x4a, 0x0, 0xc3,
    0x8a, 0xe, 0xa0, 0x44, 0x7, 0x50, 0x1, 0x4a,
    0x17, 0x1, 0x10, 0x1b, 0xe0, 0x1d, 0x88, 0x1,
    0x84, 0xc0, 0x88, 0x1, 0xc5, 0xa0, 0x20, 0x11,
    0x10, 0x40, 0x3c, 0xd9, 0xdc, 0x80, 0x3, 0x88,
    0x7, 0xe5, 0xfd, 0x71, 0x0, 0x88, 0x40, 0x3d,
    0x22, 0x44, 0x50, 0x71, 0xe2, 0x0, 0xe6, 0x30,
    0x0, 0x88, 0x8, 0x87, 0xa0, 0x1c, 0x7e, 0x0,
    0x26, 0x23, 0x4, 0x40, 0x7, 0x53, 0x23, 0x1,
    0xa2, 0x80, 0x19, 0x80, 0x2c, 0x5, 0x35, 0x1a,
    0x15, 0x20, 0x9, 0xa0, 0x4b, 0x0, 0x37, 0x70,
    0xd5, 0x4, 0x0, 0x3a, 0x1, 0xfc, 0xb0, 0x0,

    /* U+2484 "⒄" */
    0x0, 0x8, 0x7, 0xff, 0x8, 0x74, 0x3, 0xf8,
    0xe8, 0x2, 0x89, 0x1, 0x60, 0x67, 0x7c, 0x2,
    0x40, 0x7, 0x5a, 0xe8, 0xf, 0xdd, 0xa1, 0xfa,
    0xc1, 0x10, 0x11, 0x40, 0x9, 0xaa, 0x79, 0x22,
    0x40, 0x7a, 0x4, 0xc0, 0x1d, 0x30, 0x2, 0x61,
    0xa4, 0x1, 0xf1, 0x1a, 0x80, 0x8, 0x82, 0x20,
    0xf, 0x95, 0x0, 0x27, 0x10, 0xf, 0xec, 0xc0,
    0x7, 0x8, 0x80, 0x3e, 0x53, 0x0, 0x9c, 0x48,
    0x80, 0x1f, 0xb, 0x0, 0x44, 0x4d, 0xd0, 0x7,
    0x88, 0x8, 0x0, 0x26, 0xa, 0x80, 0x1e, 0x60,
    0xc, 0x88, 0x0, 0x22, 0x0, 0x3c, 0x40, 0x17,
    0xd0, 0x2, 0x20, 0x7, 0xc0, 0x4, 0xd0, 0x1,
    0x9, 0x80, 0xb, 0x80, 0x3f, 0x8e, 0x80, 0x0,

    /* U+2485 "⒅" */
    0x0, 0x18, 0x7, 0xf0, 0x90, 0x4, 0x5e, 0x1,
    0xfc, 0x72, 0x1, 0x44, 0x1, 0x60, 0x0, 0xb9,
    0x83, 0x21, 0x40, 0x17, 0x4e, 0xa5, 0x2, 0xb8,
    0xad, 0xe, 0xd0, 0x44, 0x7, 0x50, 0x1, 0xd1,
    0xc, 0x46, 0x8e, 0x1b, 0xe0, 0x1e, 0x10, 0x8,
    0x40, 0xc4, 0x88, 0x1, 0xca, 0xa3, 0x11, 0x10,
    0x9, 0x88, 0x7, 0xd7, 0x9b, 0x20, 0x7, 0x10,
    0xf, 0xd3, 0x4, 0x60, 0x18, 0x84, 0x3, 0xa1,
    0x1f, 0x21, 0x1, 0xc7, 0x88, 0x3, 0x92, 0xc0,
    0x9f, 0x40, 0x88, 0x7a, 0x1, 0xe7, 0x0, 0xc2,
    0x60, 0x88, 0x0, 0xeb, 0x81, 0x26, 0xd4, 0x50,
    0x3, 0x30, 0x5, 0x81, 0xd7, 0xb5, 0x93, 0xa8,
    0x1, 0x34, 0x9, 0x60, 0x9, 0xff, 0x41, 0x89,
    0x0, 0x7, 0x40, 0x3f, 0x8e, 0x80, 0x0,

    /* U+2486 "⒆" */
    0x0, 0x18, 0x7, 0xf0, 0x90, 0x4, 0x5e, 0x1,
    0xfe, 0xe0, 0xa, 0x20, 0xb, 0x0, 0x5, 0xdb,
    0x21, 0x54, 0x1, 0x74, 0xea, 0x50, 0x3a, 0x83,
    0xc0, 0xae, 0x4, 0x40, 0x75, 0x0, 0x29, 0xd6,
    0x9, 0x4d, 0x3, 0x7c, 0x3, 0x97, 0x80, 0x9,
    0x80, 0x62, 0x44, 0x0, 0xe7, 0x0, 0xbc, 0x80,
    0x4c, 0x40, 0x3d, 0x94, 0x3, 0x4e, 0xe, 0x20,
    0x1f, 0x30, 0xf7, 0xa3, 0x80, 0x44, 0x20, 0x1c,
    0x3b, 0x9d, 0xc1, 0x7, 0x1e, 0x20, 0xf, 0x88,
    0x38, 0x80, 0x88, 0x7a, 0x1, 0xfc, 0x98, 0x26,
    0x8, 0x80, 0xe, 0x49, 0x28, 0x4, 0x48, 0x0,
    0xcc, 0x1, 0x60, 0x52, 0xd4, 0xf0, 0xfa, 0x0,
    0x4d, 0x2, 0x58, 0xd, 0xfe, 0x11, 0x4, 0xc0,
    0x3, 0xa0, 0x1f, 0xc5, 0x40, 0x0,

    /* U+2487 "⒇" */
    0x0, 0x18, 0x7, 0xf0, 0x90, 0x4, 0x70, 0x1,
    0xfe, 0xe0, 0xa, 0x20, 0x57, 0x8a, 0x0, 0x5d,
    0x91, 0x54, 0x1, 0x63, 0xcc, 0x4d, 0x8, 0xaa,
    0x9, 0xf7, 0x81, 0x10, 0x18, 0xea, 0x8e, 0xe4,
    0x5f, 0xa4, 0x40, 0x6f, 0x81, 0x0, 0x4, 0x5e,
    0x60, 0xa4, 0x6, 0x24, 0x40, 0xc, 0xc4, 0x4e,
    0x1, 0x2, 0x13, 0x10, 0xe, 0x37, 0x70, 0x6,
    0x17, 0x10, 0xe, 0x63, 0x20, 0xf, 0xc2, 0x20,
    0xa, 0xe8, 0x1c, 0x3, 0xb, 0x89, 0x10, 0x0,
    0xe0, 0xc0, 0x3c, 0x2, 0x4, 0x56, 0x68, 0x14,
    0x48, 0x3, 0x48, 0x14, 0x84, 0xc1, 0x10, 0x12,
    0x60, 0xa8, 0xa8, 0x7c, 0xa8, 0x80, 0x3, 0xab,
    0xc, 0xc7, 0x14, 0x63, 0x4f, 0x50, 0x2, 0x27,
    0x77, 0x50, 0x37, 0xe1, 0x9, 0x80, 0x7, 0x40,
    0x3f, 0x8e, 0x80, 0x0,

    /* U+2488 "⒈" */
    0x0, 0x91, 0x40, 0x3f, 0x37, 0x5c, 0x80, 0x7e,
    0x5b, 0x30, 0xf, 0xe3, 0x56, 0x0, 0xff, 0xff,
    0x80, 0x78, 0xcc, 0x22, 0x33, 0x0, 0x27, 0xcc,
    0xb3, 0x8, 0x59, 0x81, 0x3, 0x7, 0x2f, 0xff,
    0x8, 0x56, 0xa0,

    /* U+2489 "⒉" */
    0x0, 0x2d, 0xed, 0x98, 0x7, 0xd5, 0x79, 0x1,
    0x86, 0x1, 0xec, 0xc3, 0xad, 0x94, 0x80, 0x79,
    0x88, 0x2, 0x76, 0x0, 0xff, 0x99, 0x80, 0x1f,
    0xe3, 0x37, 0x80, 0x7f, 0xbc, 0xd4, 0x3, 0xfa,
    0x4f, 0x80, 0x3f, 0x9d, 0xac, 0x80, 0x3f, 0x2c,
    0x4a, 0x0, 0x7e, 0x4a, 0x55, 0x22, 0x42, 0x13,
    0xe6, 0x14, 0xb, 0x97, 0x72, 0x1, 0x83, 0x87,
    0x7f, 0xf9, 0x42, 0xb5, 0x0,

    /* U+248A "⒊" */
    0x3, 0xad, 0xc7, 0x0, 0xf2, 0x60, 0x42, 0x44,
    0x80, 0x72, 0x5d, 0x2c, 0x33, 0x0, 0x3c, 0x80,
    0x17, 0x80, 0x80, 0x7f, 0x69, 0x8, 0x7, 0x89,
    0xad, 0x78, 0x3, 0xea, 0x84, 0x72, 0x0, 0xfa,
    0x3b, 0x4b, 0xc4, 0x3, 0xf1, 0x50, 0xb8, 0x6,
    0x10, 0xf, 0xfa, 0xac, 0xc0, 0xa8, 0x1c, 0x27,
    0xce, 0x83, 0x3f, 0x5a, 0xc4, 0xc, 0x1c, 0x6f,
    0xb3, 0x74, 0x80, 0xa, 0xd4,

    /* U+248B "⒋" */
    0x0, 0xe2, 0x41, 0x0, 0xff, 0x7d, 0xb8, 0x7,
    0xf3, 0x80, 0x7f, 0xc5, 0x12, 0x1, 0xfe, 0xe5,
    0x40, 0xf, 0xe7, 0x2b, 0x0, 0xfe, 0x28, 0xa1,
    0x0, 0xfe, 0xe3, 0x73, 0x30, 0x71, 0x80, 0x71,
    0x9b, 0x32, 0x7, 0xd0, 0xe, 0xff, 0xe0, 0x9e,
    0x0, 0xff, 0xe1, 0x1f, 0xc8, 0x7, 0xf9, 0xc0,
    0xc0, 0x3d, 0xac, 0x0, 0x4d, 0xa0,

    /* U+248C "⒌" */
    0x3, 0x55, 0xc8, 0x1, 0xef, 0xaa, 0xd6, 0x1,
    0xe1, 0x7f, 0xfc, 0x1, 0xe3, 0xf0, 0xf, 0xf0,
    0x91, 0x98, 0x3, 0xfa, 0xb7, 0x39, 0x40, 0x3d,
    0x3b, 0xdc, 0x5a, 0x20, 0xe, 0x62, 0x1, 0xa0,
    0x40, 0xf, 0xe1, 0x1, 0x0, 0xc2, 0x1, 0x8c,
    0x8, 0x3, 0x6d, 0x10, 0x1f, 0x12, 0x84, 0xf9,
    0xf3, 0x6f, 0xe0, 0xf8, 0x0, 0xc1, 0xcb, 0x3b,
    0x3b, 0x8, 0x1, 0x5a, 0x80,

    /* U+248D "⒍" */
    0x0, 0x25, 0xed, 0xa0, 0x7, 0x9a, 0xc6, 0xca,
    0xc4, 0x3, 0xc, 0xbd, 0x34, 0xf0, 0x80, 0x67,
    0x8, 0x0, 0x84, 0x3, 0xbc, 0xc0, 0x3f, 0xc4,
    0xcb, 0xbf, 0x86, 0x1, 0xce, 0x9d, 0xcc, 0x7d,
    0x10, 0xc, 0xe5, 0x66, 0x6a, 0x17, 0x0, 0xc4,
    0x1, 0x84, 0x60, 0xd, 0x86, 0x20, 0x10, 0x88,
    0x3, 0x29, 0x50, 0x85, 0xb, 0x81, 0xfc, 0x87,
    0xbf, 0x7b, 0xe8, 0x83, 0x81, 0x81, 0x66, 0xec,
    0x60, 0x4, 0xda,

    /* U+248E "⒎" */
    0x4, 0x4f, 0x80, 0x35, 0xdf, 0xa8, 0x3, 0x7f,
    0xee, 0x1b, 0x0, 0xfd, 0x4, 0xa0, 0x1f, 0xb,
    0x78, 0x7, 0xe9, 0x33, 0x0, 0x7e, 0x6b, 0x0,
    0xfc, 0x62, 0xa0, 0x1f, 0x90, 0x8, 0x3, 0xf7,
    0x10, 0x7, 0xf1, 0x30, 0x4, 0x5f, 0x40, 0x13,
    0x88, 0x7, 0x8, 0x5, 0xb6, 0x1, 0x16, 0xd8,

    /* U+248F "⒏" */
    0x1, 0x9d, 0xc7, 0x0, 0xfb, 0x16, 0x66, 0xa0,
    0xe, 0x32, 0xe4, 0x5a, 0x50, 0xe, 0x70, 0xc,
    0xe0, 0x20, 0x19, 0xa, 0x44, 0x2d, 0x4, 0x3,
    0xbd, 0x7e, 0x5a, 0x40, 0x3d, 0x44, 0xce, 0x62,
    0x1, 0xcc, 0xcd, 0x8e, 0x7c, 0x10, 0xd, 0xae,
    0x20, 0xa, 0x7, 0x0, 0xce, 0x60, 0x18, 0x44,
    0x1, 0xa9, 0x54, 0x0, 0x71, 0x40, 0x3f, 0x96,
    0x8a, 0xef, 0x9a, 0x30, 0x70, 0x30, 0x7f, 0xcd,
    0xe5, 0x0, 0x26, 0xd0,

    /* U+2490 "⒐" */
    0x2, 0xad, 0xb4, 0x0, 0xf1, 0x60, 0xc1, 0xda,
    0x0, 0x75, 0x9d, 0xac, 0x34, 0x80, 0x72, 0xa0,
    0x5, 0x64, 0x60, 0x1c, 0x60, 0x11, 0x2, 0x80,
    0x6b, 0x52, 0x0, 0x48, 0x8, 0x6, 0x73, 0xdc,
    0xee, 0x8, 0x7, 0xb3, 0x11, 0xee, 0x24, 0x1,
    0xe3, 0x41, 0x30, 0x70, 0xf, 0xea, 0x22, 0x0,
    0x63, 0x92, 0x17, 0x68, 0x0, 0x1f, 0xc8, 0xa6,
    0xf4, 0x4a, 0x80, 0x1c, 0xc, 0xb7, 0x59, 0xec,
    0x1, 0x26, 0xd0,

    /* U+2491 "⒑" */
    0x2, 0x94, 0x0, 0x97, 0x30, 0xc0, 0x1d, 0x7a,
    0xc4, 0x0, 0x5a, 0x4b, 0x97, 0x0, 0xd5, 0xa2,
    0x1, 0x43, 0xc3, 0xcc, 0x80, 0x30, 0x90, 0x4,
    0x44, 0xa0, 0x3, 0x8a, 0x0, 0x7e, 0x70, 0x20,
    0x0, 0x88, 0x80, 0x3f, 0x18, 0x7, 0x1f, 0x0,
    0x7f, 0xf3, 0xc, 0x3, 0x8f, 0xc0, 0x3f, 0x30,
    0x10, 0x4, 0x24, 0x1, 0xf8, 0xc1, 0x0, 0x8,
    0x8, 0x1, 0xfc, 0xf0, 0x44, 0x95, 0x13, 0xf9,
    0x0, 0xf4, 0x26, 0xe9, 0xac, 0x1c, 0xc, 0x1,
    0xcc, 0x1, 0x56, 0xea, 0xc4, 0x13, 0x68,

    /* U+2492 "⒒" */
    0x0, 0xb, 0x0, 0x62, 0x60, 0xf, 0xd, 0xf4,
    0x88, 0x16, 0x6c, 0x80, 0x78, 0x79, 0xc0, 0x23,
    0x97, 0x0, 0xfc, 0xb8, 0x1, 0xa, 0xe0, 0x7,
    0xff, 0xfc, 0x3, 0xff, 0xbb, 0xba, 0x0, 0xff,
    0xe1, 0x11, 0x80, 0x49, 0xe2, 0x1, 0x27, 0x80,
    0x5d, 0xe0,

    /* U+2493 "⒓" */
    0x0, 0x13, 0x0, 0x4d, 0x30, 0x40, 0x1c, 0x59,
    0xb2, 0x3, 0x90, 0x9, 0xa4, 0x1, 0x8e, 0x58,
    0x2, 0x5e, 0x9c, 0x3b, 0x0, 0xc2, 0xb8, 0x0,
    0x19, 0x0, 0x94, 0x80, 0x3f, 0xf8, 0x46, 0x20,
    0x1f, 0xfc, 0x24, 0xc0, 0xf, 0xfe, 0xc, 0x3,
    0x0, 0x7f, 0xf0, 0xd, 0xe8, 0x3, 0xff, 0x80,
    0x3a, 0xc8, 0x1, 0xff, 0xc0, 0xd2, 0x90, 0xf,
    0xfe, 0x5, 0x14, 0x1a, 0x20, 0x4f, 0xe4, 0x3,
    0x8d, 0x46, 0xf2, 0xec, 0xae, 0x6, 0x0, 0x5f,
    0x3, 0xff, 0xf2, 0x23, 0x68,

    /* U+2494 "⒔" */
    0x0, 0x35, 0x0, 0x51, 0x98, 0x60, 0xe, 0x3f,
    0x95, 0x0, 0x52, 0xd2, 0x4b, 0x80, 0x62, 0xc7,
    0x0, 0xaf, 0x1a, 0x1a, 0x80, 0x30, 0x9e, 0x80,
    0x42, 0x20, 0x7, 0x18, 0x7, 0xff, 0xb, 0x10,
    0x3, 0xff, 0x80, 0xb4, 0xd6, 0x1, 0xff, 0x15,
    0xaa, 0x8, 0x7, 0xfc, 0x5d, 0xc2, 0xc0, 0xf,
    0xfe, 0x8, 0xc1, 0x90, 0x7, 0xff, 0xc, 0x40,
    0x3f, 0xf, 0x30, 0x97, 0x89, 0x9b, 0xe4, 0x3,
    0x86, 0x21, 0xda, 0x3a, 0xe, 0x6, 0x0, 0x5f,
    0x0, 0x37, 0x6e, 0xc6, 0x9, 0xb4,

    /* U+2495 "⒕" */
    0x0, 0xa, 0x0, 0x71, 0x20, 0x7, 0x15, 0x75,
    0x80, 0x77, 0x59, 0x80, 0x76, 0xa8, 0x7, 0x28,
    0x80, 0x78, 0x9f, 0xc0, 0x3a, 0x2c, 0x3, 0xff,
    0x82, 0xc0, 0xe0, 0x1f, 0xfc, 0x18, 0x80, 0x7,
    0xff, 0x6, 0x9, 0x40, 0x3f, 0xf8, 0x2, 0xf6,
    0x6a, 0xa, 0x20, 0x1f, 0x94, 0x23, 0x2c, 0x25,
    0x80, 0x3f, 0x27, 0xfd, 0xc1, 0x8e, 0x1, 0xff,
    0xc4, 0x3f, 0x90, 0xf, 0xfe, 0xb, 0x81, 0x80,
    0x17, 0xc0, 0x38, 0x7c, 0xc1, 0x36, 0x80,

    /* U+2496 "⒖" */
    0x0, 0xa, 0x0, 0x5, 0x57, 0x20, 0x6, 0x2a,
    0xeb, 0x0, 0x2d, 0x57, 0x0, 0x76, 0xa8, 0x4,
    0x22, 0xff, 0xb8, 0x3, 0x13, 0xf8, 0x4, 0x64,
    0x1, 0xff, 0xc2, 0x17, 0x23, 0x0, 0xff, 0xe0,
    0x7a, 0x66, 0x39, 0x0, 0x3f, 0xd5, 0x4e, 0xf5,
    0xa0, 0xf, 0xf1, 0x28, 0x2, 0x4, 0xc0, 0x3f,
    0xf8, 0x22, 0xe, 0x1, 0xff, 0xc1, 0x60, 0x60,
    0xf, 0xc3, 0xa8, 0x7, 0x28, 0x47, 0xf2, 0x1,
    0xc3, 0x57, 0xf8, 0x34, 0xe, 0x6, 0x0, 0x5f,
    0x0, 0x3f, 0xe6, 0xe0, 0x82, 0x6d, 0x0,

    /* U+2497 "⒗" */
    0x0, 0x35, 0x0, 0x43, 0x3b, 0x68, 0x1, 0x8f,
    0xe5, 0x40, 0x2d, 0x4b, 0x2a, 0x0, 0xc7, 0xb0,
    0x1, 0x29, 0xe3, 0x4f, 0x0, 0x71, 0x10, 0x2,
    0xf5, 0x10, 0xf, 0xfe, 0xb, 0xe0, 0x7, 0xff,
    0x8, 0xc2, 0xbf, 0x4c, 0x3, 0xfc, 0x31, 0x9a,
    0xfa, 0x1, 0xff, 0x4b, 0x15, 0xa, 0x0, 0x7f,
    0x10, 0x80, 0x42, 0x20, 0xf, 0xe4, 0xc0, 0x8,
    0x44, 0x1, 0xfd, 0x6a, 0x81, 0x22, 0x87, 0xf0,
    0x1, 0xe2, 0x9b, 0xf7, 0xd0, 0x70, 0x20, 0x2,
    0xf8, 0x4, 0xdf, 0xbc, 0x60, 0x9b, 0x40,

    /* U+2498 "⒘" */
    0x0, 0x90, 0x0, 0x28, 0x9c, 0x60, 0x10, 0xcf,
    0x58, 0x82, 0x5d, 0xf7, 0x80, 0x6e, 0x70, 0x9,
    0x7f, 0xf0, 0xc0, 0x4, 0x2f, 0xa0, 0x1f, 0x39,
    0x20, 0x7, 0xff, 0x6, 0x60, 0x3, 0xff, 0x82,
    0xa0, 0x80, 0x1f, 0xfc, 0x1f, 0x70, 0xf, 0xfe,
    0x12, 0x78, 0x7, 0xff, 0x4, 0x44, 0xa0, 0x1f,
    0xfc, 0x12, 0x1, 0x0, 0xff, 0xe0, 0xb8, 0x10,
    0x3, 0x38, 0x40, 0x3f, 0x8, 0x6, 0x11, 0x0,
    0x49, 0xe2, 0x1, 0x2f, 0x80, 0x59, 0xc2,

    /* U+2499 "⒙" */
    0x0, 0x35, 0x0, 0x47, 0x7b, 0x42, 0x1, 0x8f,
    0xe5, 0x40, 0x5, 0x98, 0x90, 0xc0, 0xc, 0x7b,
    0x0, 0x12, 0x9b, 0xa5, 0x11, 0x80, 0x62, 0x20,
    0x5, 0xe0, 0x18, 0x40, 0x3f, 0xd4, 0x6c, 0x8,
    0x6, 0x1, 0xfc, 0x55, 0x37, 0x54, 0x0, 0xff,
    0xa5, 0x9c, 0x44, 0x1, 0xfe, 0x96, 0x9c, 0x9a,
    0x30, 0xf, 0xe6, 0xe0, 0x3, 0x25, 0x0, 0x7f,
    0xf0, 0x84, 0xc0, 0x3f, 0x96, 0x4, 0xd, 0x7c,
    0xbe, 0x80, 0x3d, 0x6f, 0xdc, 0xc7, 0x50, 0x3,
    0x0, 0x17, 0xc0, 0x3, 0x7d, 0xbd, 0x0, 0x5b,
    0x80,

    /* U+249A "⒚" */
    0x0, 0x35, 0x0, 0x49, 0x98, 0x60, 0xe, 0x3f,
    0x95, 0x0, 0x25, 0xda, 0xa1, 0x80, 0x31, 0xec,
    0x0, 0x5e, 0xae, 0xd7, 0x0, 0x1c, 0x44, 0x0,
    0x9b, 0x0, 0xa, 0x26, 0x1, 0xff, 0xc2, 0x15,
    0x0, 0xfe, 0x4a, 0x0, 0x38, 0x88, 0x3, 0xfa,
    0xb, 0xb7, 0x44, 0x20, 0x1f, 0xc3, 0xd5, 0xd4,
    0x66, 0x0, 0xff, 0x90, 0xc0, 0x58, 0x3, 0xff,
    0x82, 0xc2, 0x60, 0x1f, 0xc8, 0xe2, 0x71, 0x20,
    0x7f, 0x20, 0x1f, 0x4f, 0x62, 0x38, 0x38, 0x18,
    0x1, 0x7c, 0x0, 0x9d, 0xbd, 0x40, 0x4, 0xda,

    /* U+249B "⒛" */
    0x6, 0xcc, 0x30, 0x4, 0xb9, 0x64, 0x1, 0xa6,
    0x29, 0x25, 0x40, 0xe9, 0x7, 0x0, 0x35, 0x63,
    0x42, 0xf0, 0x4a, 0x45, 0x3, 0x0, 0x46, 0x40,
    0x2, 0x60, 0x4d, 0x0, 0x2e, 0x0, 0x7c, 0x2c,
    0x2, 0x40, 0x3, 0x60, 0xf, 0x9f, 0x4, 0x3,
    0x84, 0x3, 0xce, 0x2c, 0x1, 0xff, 0xc0, 0x28,
    0x91, 0x10, 0x7, 0x8, 0x7, 0x71, 0xb0, 0x4,
    0x40, 0x2, 0x60, 0xd, 0x7, 0xc0, 0x12, 0x78,
    0x1, 0xf4, 0x2, 0x47, 0x70, 0xa2, 0x7, 0x98,
    0x94, 0x9a, 0x7c, 0xa0, 0x1f, 0x2e, 0xca, 0xb6,
    0xd4, 0x89, 0x0, 0xe7, 0xff, 0x20, 0x56, 0xf3,
    0x5, 0xe9, 0x80,

    /* U+249C "⒜" */
    0x0, 0xff, 0xe2, 0x95, 0x80, 0x7f, 0x1d, 0x0,
    0x51, 0xe0, 0x1f, 0xc6, 0x24, 0x2, 0xe8, 0x1,
    0xa, 0xa8, 0x40, 0x2e, 0xb0, 0x44, 0x0, 0x6,
    0xfa, 0xeb, 0x90, 0x0, 0x88, 0xd, 0xf0, 0x0,
    0x9e, 0xf7, 0x94, 0x0, 0x4, 0xc0, 0x88, 0x1,
    0x41, 0x0, 0x14, 0xc0, 0x22, 0x20, 0x80, 0x61,
    0x7c, 0xe6, 0x0, 0xce, 0x20, 0x18, 0xbf, 0x7f,
    0xa4, 0x3, 0xc2, 0x20, 0x5, 0x9d, 0x18, 0x7,
    0x9c, 0x48, 0x80, 0x3, 0x30, 0x81, 0xd0, 0x6,
    0x22, 0x66, 0x80, 0x24, 0x7b, 0xaa, 0x0, 0x84,
    0xc1, 0x1c, 0x0, 0x7d, 0x54, 0xd7, 0xd0, 0x3,
    0xa8, 0x1, 0x10, 0x0, 0x15, 0x40, 0x1, 0x0,
    0x36, 0x80, 0x11, 0xe0, 0x1f, 0xc6, 0x44, 0x0,
    0xd, 0x80, 0x7f, 0x1c, 0x80, 0x0,

    /* U+249D "⒝" */
    0x0, 0x20, 0x7, 0xf0, 0x90, 0x4, 0x9a, 0x11,
    0xe0, 0x1f, 0x70, 0x5, 0xf6, 0x1, 0xfc, 0x2a,
    0x80, 0x2e, 0x40, 0x1f, 0xed, 0xe0, 0x45, 0x0,
    0xf0, 0x80, 0x64, 0x40, 0x6f, 0x80, 0x65, 0xee,
    0x7b, 0x0, 0x46, 0x24, 0x40, 0xd, 0x15, 0x8b,
    0x28, 0x0, 0x13, 0x10, 0xe, 0xd4, 0x3a, 0x1e,
    0x0, 0x38, 0x80, 0x7f, 0x95, 0xc0, 0x30, 0x88,
    0x3, 0xf0, 0x98, 0x1, 0xc4, 0x88, 0x1, 0xf9,
    0x88, 0x0, 0x44, 0xcd, 0x0, 0xf8, 0x8d, 0x0,
    0x4c, 0x11, 0xc0, 0x36, 0x2a, 0xbc, 0x64, 0x11,
    0x0, 0x7, 0x40, 0xd7, 0x98, 0xa6, 0xc1, 0xe,
    0xb0, 0x4, 0x78, 0x2c, 0x2e, 0xfd, 0x90, 0x18,
    0x90, 0x0, 0xa8, 0x3, 0xf8, 0xe8, 0x0,

    /* U+249E "⒞" */
    0x0, 0xff, 0xe2, 0x95, 0x80, 0x7f, 0x1d, 0x0,
    0x51, 0x0, 0xf, 0xe3, 0x12, 0x1, 0x73, 0x0,
    0xc8, 0xa6, 0x1, 0x75, 0x82, 0x20, 0x2, 0x3d,
    0xbb, 0x65, 0x0, 0x11, 0x1, 0xbe, 0x0, 0x1d,
    0x1e, 0xe6, 0xf0, 0x0, 0x4c, 0x8, 0x80, 0x6,
    0x1e, 0x10, 0x24, 0x0, 0x88, 0x82, 0x1, 0x69,
    0x10, 0x3, 0xe7, 0x10, 0xf, 0xfe, 0x20, 0x88,
    0x0, 0x45, 0x0, 0x7c, 0xe2, 0x44, 0x0, 0x48,
    0x70, 0x80, 0xb0, 0x4, 0x44, 0xcd, 0x0, 0xd,
    0x97, 0x75, 0xa0, 0x1, 0x30, 0x47, 0x0, 0x93,
    0xae, 0xd9, 0x60, 0x7, 0x50, 0x2, 0x20, 0x3,
    0x22, 0x98, 0x5, 0xb4, 0x0, 0x8f, 0x0, 0xfe,
    0x32, 0x20, 0x0, 0x6c, 0x3, 0xf8, 0xe4, 0x0,

    /* U+249F "⒟" */
    0x0, 0x20, 0x7, 0xf1, 0x10, 0x2, 0x4d, 0x0,
    0xf3, 0x78, 0x9f, 0x0, 0x5f, 0x60, 0x1f, 0xc2,
    0xa8, 0x2, 0xe4, 0x1, 0xfe, 0xde, 0x4, 0x50,
    0xe, 0x10, 0xe, 0x44, 0x6, 0xf8, 0x5, 0x1f,
    0xdb, 0xe0, 0x18, 0xc4, 0x88, 0x0, 0x87, 0x76,
    0xc3, 0x80, 0x61, 0x31, 0x0, 0x9d, 0x60, 0x96,
    0x0, 0x33, 0x88, 0x4, 0x81, 0xe0, 0x1f, 0xe1,
    0x10, 0x8, 0x30, 0x7, 0xe7, 0x12, 0x20, 0x8,
    0x30, 0x7, 0xe2, 0x26, 0x68, 0x20, 0x78, 0x4,
    0x20, 0x10, 0x98, 0x23, 0x80, 0x19, 0x61, 0x22,
    0x0, 0x12, 0x28, 0x1, 0xd0, 0x25, 0xda, 0xcb,
    0x10, 0x1, 0xd4, 0x0, 0x8f, 0x0, 0x47, 0x7d,
    0x1d, 0x89, 0x89, 0x0, 0xa, 0x80, 0x3f, 0x8e,
    0x80, 0x0,

    /* U+24A0 "⒠" */
    0x0, 0xff, 0xe2, 0x95, 0x80, 0x7f, 0x1d, 0x0,
    0x51, 0xe0, 0x1f, 0xc6, 0x24, 0x2, 0xe8, 0x1,
    0x91, 0x44, 0x2, 0xeb, 0x4, 0x40, 0x4, 0x9d,
    0x57, 0xcc, 0x0, 0x44, 0x6, 0xf8, 0x0, 0x6d,
    0xbb, 0x93, 0x21, 0x1, 0x30, 0x22, 0x0, 0x24,
    0x60, 0x0, 0xc2, 0x80, 0x2, 0x20, 0x80, 0x46,
    0x3d, 0xd8, 0x4c, 0x0, 0xe2, 0x1, 0xc5, 0xff,
    0xb9, 0x80, 0x30, 0x88, 0x0, 0x64, 0x2, 0x38,
    0x2, 0x71, 0xd2, 0x0, 0x48, 0x50, 0x80, 0x14,
    0x2, 0x22, 0x1e, 0x80, 0x7, 0x17, 0xb9, 0xf2,
    0x0, 0x13, 0x4, 0x70, 0x8, 0xfa, 0xed, 0x98,
    0x0, 0x3a, 0x80, 0x11, 0x40, 0x32, 0x29, 0x80,
    0x55, 0x40, 0x4, 0x70, 0x7, 0xf1, 0xa1, 0x0,
    0x6, 0xc0, 0x3f, 0x8e, 0x0, 0x0,

    /* U+24A1 "⒡" */
    0x0, 0x8, 0x7, 0xff, 0x8, 0xac, 0x2, 0x2c,
    0xfd, 0x0, 0x1d, 0x0, 0x51, 0x20, 0x14, 0x95,
    0xc8, 0x0, 0xc4, 0xc0, 0x5c, 0xc0, 0x25, 0x74,
    0x40, 0x5, 0xd4, 0x8, 0x80, 0xf, 0xf9, 0x10,
    0x1b, 0xe0, 0x1, 0xf1, 0x6f, 0x60, 0x8, 0x4c,
    0x8, 0x80, 0x1, 0xc0, 0x5c, 0x70, 0xc, 0x44,
    0x10, 0xc, 0x62, 0x66, 0x10, 0xc, 0xe2, 0x1,
    0xff, 0xc4, 0x11, 0x0, 0x7f, 0xf0, 0x1c, 0x48,
    0x80, 0x1f, 0xfc, 0x2, 0x26, 0x68, 0x7, 0xfc,
    0x26, 0x8, 0xe0, 0x1f, 0xf3, 0xa8, 0x1, 0x10,
    0x1, 0x3f, 0x80, 0x75, 0x50, 0x1, 0x7e, 0x1,
    0x4b, 0x0, 0x64, 0x52, 0x0, 0x15, 0x80, 0x7f,
    0x24, 0x80, 0x0,

    /* U+24A2 "⒢" */
    0x0, 0x30, 0x7, 0xf1, 0x18, 0x4, 0xbc, 0x1,
    0xfc, 0x7e, 0x1, 0x4c, 0x80, 0x7, 0x9f, 0xb9,
    0x86, 0x14, 0x50, 0x20, 0x10, 0x1d, 0x5e, 0xb3,
    0xa4, 0xb, 0xf0, 0x44, 0x0, 0x10, 0x60, 0x58,
    0x84, 0x80, 0xd0, 0x3f, 0x80, 0x3e, 0x1f, 0x0,
    0x8c, 0x4c, 0x80, 0x8, 0x2c, 0x6, 0x6b, 0x0,
    0x84, 0xc5, 0xc0, 0x2, 0xd1, 0xd9, 0x6, 0x1,
    0x38, 0x89, 0xc0, 0x2, 0xfb, 0xfe, 0x70, 0xf,
    0x18, 0x80, 0x6a, 0x54, 0x30, 0xc, 0xc3, 0xc4,
    0x0, 0x14, 0x6b, 0xb6, 0x71, 0x0, 0xc, 0x8f,
    0x40, 0xa, 0xae, 0xff, 0x68, 0xa8, 0x11, 0x1,
    0x1c, 0x1, 0xa0, 0x20, 0x6, 0x3, 0x4, 0xb0,
    0x2, 0xa8, 0x24, 0xbb, 0x36, 0xe5, 0x2, 0x98,
    0x1, 0x3e, 0x3, 0x9b, 0x1d, 0xec, 0x6, 0x82,
    0x0,

    /* U+24A3 "⒣" */
    0x0, 0x20, 0x7, 0xf1, 0x10, 0x2, 0x4d, 0x8,
    0xf0, 0xf, 0x1f, 0x0, 0x5f, 0x60, 0x1f, 0xc2,
    0xa8, 0x2, 0xe4, 0x1, 0xfe, 0xde, 0x4, 0x40,
    0x7, 0x84, 0x3, 0x22, 0x3, 0x78, 0x2, 0x13,
    0xde, 0xf6, 0x0, 0x8c, 0x48, 0x80, 0x10, 0xf4,
    0x62, 0x48, 0x80, 0x4, 0xc5, 0xc0, 0x36, 0x29,
    0xf8, 0x28, 0x1, 0xc4, 0x1c, 0x3, 0x8, 0x1,
    0x80, 0x40, 0x31, 0x8, 0x7, 0xff, 0x1, 0xc7,
    0x88, 0x3, 0xff, 0x80, 0x44, 0x3d, 0x0, 0xff,
    0x84, 0xc1, 0x1c, 0x3, 0xfe, 0x75, 0x0, 0x22,
    0x3, 0x94, 0x2, 0x34, 0x60, 0xda, 0x0, 0x47,
    0x83, 0x50, 0x4, 0x36, 0x66, 0x22, 0x0, 0x6,
    0xc0, 0x3f, 0x8e, 0x40, 0x0,

    /* U+24A4 "⒤" */
    0x0, 0x40, 0x7, 0xf1, 0xa8, 0x4, 0xde, 0x1,
    0xf, 0x48, 0x4, 0x72, 0x1, 0x5b, 0x0, 0x63,
    0x0, 0xe4, 0x60, 0x26, 0x10, 0x8, 0x76, 0x40,
    0x35, 0xe8, 0x21, 0x80, 0x7f, 0xc6, 0xa1, 0xfa,
    0x1, 0xdf, 0x0, 0x1c, 0x62, 0x62, 0x1, 0xff,
    0xc0, 0x62, 0x17, 0x0, 0xff, 0xe1, 0xb, 0x80,
    0x7f, 0xf0, 0x8c, 0x40, 0x3f, 0xf8, 0xe, 0x3c,
    0x40, 0x1f, 0xfc, 0x2, 0x21, 0xe8, 0x7, 0xfc,
    0x44, 0x4, 0x40, 0x7, 0xfc, 0x88, 0x0, 0x3a,
    0x0, 0x64, 0xe0, 0xd, 0xb4, 0x0, 0x8f, 0x0,
    0xd6, 0xc0, 0x11, 0x89, 0x0, 0x6, 0xc0, 0x3f,
    0x8e, 0x80, 0x0,

    /* U+24A5 "⒥" */
    0x0, 0x18, 0x6, 0x8c, 0x10, 0x0, 0x88, 0x2,
    0x39, 0x0, 0xc4, 0x40, 0xd, 0x40, 0x14, 0x40,
    0x3, 0x57, 0x8, 0x0, 0x49, 0x0, 0x58, 0x80,
    0x30, 0x90, 0x6, 0xdd, 0x2, 0x20, 0x3, 0xa3,
    0x0, 0x32, 0x38, 0x6f, 0x80, 0x7f, 0xf0, 0xc,
    0x48, 0x80, 0x1f, 0xfc, 0x1, 0x31, 0x0, 0xff,
    0xe0, 0xb8, 0x80, 0x7f, 0xf1, 0x4, 0x40, 0x1f,
    0xfc, 0x7, 0x12, 0x20, 0x7, 0xff, 0x0, 0x89,
    0x9a, 0x1, 0xff, 0x9, 0x82, 0x38, 0x7, 0xfc,
    0x88, 0x0, 0x3a, 0x0, 0x7f, 0xba, 0x80, 0x11,
    0xe0, 0x19, 0x48, 0x2, 0x21, 0x30, 0x1, 0x50,
    0x2, 0x78, 0xe4, 0x2, 0x2a, 0x0, 0xc2, 0x0,
    0xab, 0xd5, 0x0, 0xf8,

    /* U+24A6 "⒦" */
    0x0, 0x20, 0x7, 0xf1, 0x10, 0x2, 0x4d, 0x6,
    0xf1, 0x0, 0xe3, 0xe0, 0xb, 0xec, 0x3, 0xf8,
    0x55, 0x0, 0x5c, 0x80, 0x3f, 0xdb, 0xc0, 0x88,
    0x0, 0xff, 0x91, 0x1, 0xbc, 0x1, 0xf5, 0xe0,
    0x4, 0x62, 0x44, 0x0, 0xf4, 0x27, 0x0, 0x42,
    0x62, 0xe0, 0x1c, 0x8f, 0x44, 0x1, 0x38, 0x83,
    0x80, 0x63, 0xa5, 0x50, 0x7, 0x84, 0x40, 0x1b,
    0xcd, 0x44, 0x3, 0x38, 0xe9, 0x0, 0x61, 0xd2,
    0xb0, 0xc, 0x44, 0x3d, 0x0, 0xdc, 0x12, 0xa8,
    0x0, 0x13, 0x4, 0x70, 0xc, 0x60, 0x88, 0x90,
    0x3, 0xa8, 0x1, 0x10, 0x4, 0x82, 0x0, 0x96,
    0x40, 0xda, 0x0, 0x5f, 0x82, 0x58, 0x4, 0x56,
    0x86, 0x24, 0x0, 0x2b, 0x0, 0xfe, 0x3a, 0x0,
    0x0,

    /* U+24A7 "⒧" */
    0x0, 0x20, 0x7, 0xf1, 0x10, 0x2, 0x4d, 0x0,
    0xde, 0xe0, 0x11, 0xf0, 0x5, 0xf6, 0x1, 0xfc,
    0x2a, 0x80, 0x2e, 0x40, 0x1f, 0xed, 0xe0, 0x45,
    0x0, 0xff, 0x91, 0x1, 0xbe, 0x1, 0xff, 0xc0,
    0x31, 0x22, 0x0, 0x7f, 0xf0, 0x4, 0xc4, 0x3,
    0xff, 0x82, 0xe2, 0x1, 0xff, 0xc4, 0x11, 0x0,
    0x7f, 0xf0, 0x1c, 0x48, 0x80, 0x1f, 0xfc, 0x2,
    0x26, 0x68, 0x7, 0xfc, 0x26, 0x8, 0xe0, 0x1e,
    0xd0, 0xc, 0x8a, 0x0, 0x74, 0x0, 0xce, 0xa8,
    0x1, 0x75, 0x0, 0x23, 0xc0, 0x34, 0x7a, 0x0,
    0xc, 0x48, 0x0, 0x54, 0x1, 0xfc, 0x74, 0x0,

    /* U+24A8 "⒨" */
    0x0, 0x28, 0x7, 0xf1, 0x18, 0x4, 0xc6, 0x1,
    0xfc, 0x5e, 0x1, 0x53, 0x80, 0x7f, 0x91, 0x40,
    0x9c, 0x60, 0xa3, 0x18, 0x27, 0x18, 0x2f, 0xc1,
    0xc, 0x1b, 0x9, 0xa7, 0x4d, 0xa4, 0x8d, 0x3,
    0xf4, 0x0, 0xf5, 0x40, 0x5a, 0xa0, 0x38, 0x18,
    0x98, 0x80, 0x38, 0x0, 0x3c, 0x1, 0x18, 0x9,
    0x8b, 0x80, 0x7f, 0xf0, 0x1c, 0x44, 0xe0, 0x1f,
    0xfc, 0x23, 0x10, 0xf, 0xfe, 0x3, 0xf, 0x10,
    0x7, 0xff, 0x0, 0xc8, 0xf4, 0x3, 0xfe, 0x22,
    0x2, 0x38, 0x7b, 0x80, 0x3d, 0x80, 0x1c, 0xc9,
    0x60, 0x4, 0x40, 0x80, 0x42, 0x1, 0x8, 0x53,
    0x0, 0x2f, 0x40, 0x3f, 0x8d, 0x4, 0x0,

    /* U+24A9 "⒩" */
    0x0, 0x30, 0x7, 0xf1, 0x20, 0x4, 0xbc, 0x1,
    0xfc, 0x50, 0x1, 0x4c, 0x80, 0x3f, 0xc8, 0xa0,
    0x40, 0x20, 0xac, 0x31, 0x96, 0x60, 0xb, 0xe0,
    0x44, 0x0, 0x32, 0xf0, 0x91, 0x70, 0x40, 0xd4,
    0x3f, 0x80, 0x22, 0x9a, 0x8a, 0x4, 0x0, 0x18,
    0x99, 0x0, 0x42, 0x80, 0x5, 0x3, 0x0, 0x9,
    0xb, 0x80, 0x7f, 0xf0, 0x1c, 0x5, 0xc0, 0x3f,
    0xf8, 0x46, 0x20, 0x1f, 0xfc, 0x7, 0x1e, 0x20,
    0xf, 0xfe, 0x1, 0x10, 0xf4, 0x3, 0xfe, 0x22,
    0x2, 0x38, 0x2, 0x7c, 0x2, 0x1e, 0x60, 0x44,
    0x0, 0x15, 0x40, 0x1, 0x0, 0xc2, 0x0, 0xda,
    0x0, 0x4f, 0x80, 0x7f, 0x11, 0x40,

    /* U+24AA "⒪" */
    0x0, 0xff, 0xe2, 0x95, 0x80, 0x7f, 0x1d, 0x0,
    0x51, 0x0, 0xf, 0xe3, 0x12, 0x1, 0x73, 0x0,
    0x89, 0x50, 0x3, 0x75, 0x82, 0x20, 0x2, 0xad,
    0xbb, 0x72, 0x0, 0x11, 0x1, 0xbe, 0x0, 0x85,
    0xbe, 0xf5, 0xb2, 0x1, 0x30, 0x22, 0x0, 0x1d,
    0x90, 0x1, 0x41, 0x40, 0x2, 0x20, 0x80, 0x8,
    0x30, 0x2, 0x12, 0x30, 0x3, 0x88, 0x7, 0xff,
    0x10, 0x44, 0x4, 0x18, 0x1, 0x9, 0x18, 0x1,
    0xc4, 0x88, 0x0, 0x76, 0x40, 0x5, 0x85, 0x0,
    0x8, 0x99, 0xa0, 0x8, 0x5b, 0xef, 0x4b, 0x20,
    0x13, 0x4, 0x70, 0xa, 0xb6, 0xeb, 0x90, 0x0,
    0xea, 0x0, 0x44, 0x0, 0x44, 0xaa, 0x0, 0xdb,
    0x40, 0x8, 0xf0, 0xf, 0xe3, 0x22, 0x0, 0x6,
    0xc0, 0x3f, 0x8e, 0x40, 0x0,

    /* U+24AB "⒫" */
    0x0, 0x20, 0x7, 0xf0, 0x90, 0x4, 0x9a, 0x1,
    0xfe, 0xe0, 0xb, 0xec, 0x15, 0xca, 0xb6, 0xcc,
    0x5, 0x50, 0x5, 0xc8, 0x36, 0x30, 0xa9, 0xb0,
    0xc3, 0x78, 0x11, 0x40, 0x36, 0x43, 0xe0, 0x48,
    0x22, 0x3, 0x7c, 0x3, 0x10, 0x0, 0x51, 0xc0,
    0x6, 0x24, 0x40, 0xf, 0xc2, 0x40, 0x1, 0x31,
    0x70, 0xf, 0xc2, 0x20, 0x3, 0x88, 0x38, 0x7,
    0xe5, 0x40, 0xc, 0x22, 0x0, 0xd0, 0x22, 0xa1,
    0x90, 0x3, 0x8e, 0x90, 0x6, 0x2e, 0xe2, 0x51,
    0x80, 0x8, 0x87, 0xa0, 0x1a, 0xbb, 0x39, 0x40,
    0x2, 0x60, 0x8e, 0x1, 0xc2, 0x60, 0x19, 0xd4,
    0x0, 0x88, 0x0, 0xff, 0x6d, 0x0, 0x2f, 0xc2,
    0x3c, 0x3, 0xc6, 0x24, 0x0, 0x2b, 0x0, 0xfe,
    0x3a, 0x0, 0x0,

    /* U+24AC "⒬" */
    0x0, 0x20, 0x7, 0xf0, 0x90, 0x4, 0x9a, 0x1,
    0xfe, 0xe0, 0xb, 0xec, 0x0, 0x97, 0xb4, 0x74,
    0x22, 0x54, 0x1, 0x72, 0x5, 0xb7, 0xb3, 0xc5,
    0x30, 0xde, 0x4, 0x50, 0x5, 0x9e, 0x34, 0xc8,
    0x2, 0x44, 0x6, 0xf8, 0x20, 0xc8, 0x7, 0xe3,
    0x12, 0x20, 0x10, 0x30, 0x7, 0xe1, 0x31, 0x70,
    0x30, 0xf, 0xf3, 0x88, 0x38, 0x38, 0x20, 0x7,
    0xf8, 0x44, 0x4, 0x70, 0x80, 0x90, 0x1, 0x9c,
    0x74, 0x80, 0x1a, 0x77, 0xf2, 0xe0, 0x18, 0x88,
    0x7a, 0x0, 0x1c, 0xdc, 0xdc, 0x0, 0x84, 0xc1,
    0x1c, 0x3, 0x11, 0x81, 0x80, 0x4e, 0xa0, 0x4,
    0x40, 0x7, 0xfb, 0x68, 0x1, 0x7e, 0x1, 0xe6,
    0xf2, 0x31, 0x20, 0x1, 0x58, 0x7, 0xf1, 0xd0,
    0x0,

    /* U+24AD "⒭" */
    0x0, 0x30, 0x7, 0xf1, 0x18, 0x4, 0xa2, 0x1,
    0xfc, 0x7e, 0x1, 0x4b, 0x0, 0x7f, 0xa, 0xa8,
    0x9, 0xc4, 0x0, 0x8e, 0x11, 0x88, 0x0, 0xaf,
    0x4, 0x30, 0x8, 0xe6, 0x91, 0x58, 0x0, 0x68,
    0x1f, 0xa0, 0x18, 0x43, 0x24, 0x80, 0x23, 0x13,
    0x10, 0xe, 0x80, 0xf, 0x9, 0x8b, 0x80, 0x71,
    0x80, 0x79, 0xc4, 0x4e, 0x1, 0xff, 0xc2, 0x31,
    0x0, 0xff, 0xe0, 0x30, 0xf1, 0x0, 0x7f, 0xf0,
    0xc, 0x8f, 0x40, 0x3f, 0xe2, 0x20, 0x23, 0x80,
    0x4f, 0xc2, 0x1, 0xcb, 0x60, 0x4, 0x40, 0x4,
    0x20, 0x1e, 0xb6, 0x0, 0x47, 0x0, 0x7f, 0x22,
    0x4, 0x0,

    /* U+24AE "⒮" */
    0x0, 0xff, 0xe2, 0x95, 0x80, 0x7f, 0x1d, 0x0,
    0x51, 0xe0, 0x1f, 0xc6, 0x24, 0x2, 0xe8, 0x1,
    0xa, 0xa8, 0x40, 0x2e, 0xb0, 0x44, 0x0, 0x4d,
    0xd1, 0xe, 0x50, 0x2, 0x20, 0x37, 0xc0, 0x29,
    0x6d, 0xd6, 0x20, 0x0, 0x4c, 0x8, 0x80, 0x18,
    0xc0, 0x6, 0x20, 0x11, 0x10, 0x40, 0x35, 0xa7,
    0x41, 0x0, 0x67, 0x10, 0xe, 0x4e, 0xb3, 0xd6,
    0x0, 0xe1, 0x10, 0x7, 0x2d, 0xb4, 0x0, 0x4e,
    0x3a, 0x40, 0x1, 0x91, 0x0, 0x11, 0x80, 0x44,
    0x43, 0xd0, 0x1, 0x97, 0x73, 0xd6, 0x40, 0x2,
    0x60, 0x8e, 0x0, 0x2b, 0xdb, 0xb7, 0x20, 0x1,
    0xd4, 0x0, 0x8a, 0x1, 0x12, 0xa0, 0x6, 0xaa,
    0x0, 0x23, 0xc0, 0x3f, 0x8d, 0x8, 0x0,

    /* U+24AF "⒯" */
    0x0, 0x30, 0x7, 0xf1, 0x18, 0x4, 0xbc, 0x1,
    0xa, 0x0, 0x63, 0xf0, 0xa, 0x64, 0x1, 0x25,
    0x80, 0x61, 0x45, 0x2, 0x1, 0x0, 0x8c, 0x3,
    0xd9, 0xe0, 0x88, 0x0, 0xaa, 0x3, 0xb8, 0x80,
    0x4, 0x40, 0x77, 0x0, 0x2e, 0x50, 0xbb, 0x28,
    0x4, 0x62, 0x44, 0x0, 0x90, 0xc1, 0x54, 0x20,
    0x10, 0x98, 0xb8, 0x7, 0xff, 0x1, 0xc4, 0x4e,
    0x1, 0xff, 0xc2, 0x31, 0x0, 0xff, 0xe0, 0x38,
    0xf1, 0x0, 0x7f, 0xf0, 0x8, 0x87, 0xa0, 0x1b,
    0x41, 0x0, 0x40, 0x2, 0x60, 0x8e, 0x1, 0x94,
    0xef, 0xd8, 0x0, 0x8a, 0x0, 0x74, 0x0, 0xd9,
    0xba, 0x70, 0x7, 0x50, 0x2, 0x3c, 0x3, 0x88,
    0x80, 0x3, 0x12, 0x0, 0x15, 0x0, 0x7f, 0x1d,
    0x0, 0x0,

    /* U+24B0 "⒰" */
    0x0, 0x20, 0x7, 0xf1, 0x10, 0x2, 0x3e, 0x0,
    0xfe, 0x3e, 0x0, 0xa2, 0x0, 0x1f, 0xc2, 0xc8,
    0x2, 0xc4, 0x8, 0xc0, 0x11, 0xb8, 0x3, 0xb8,
    0x8, 0x80, 0x6, 0xc0, 0x4, 0xb0, 0x20, 0x88,
    0xd, 0xf0, 0xf, 0xfe, 0x1, 0x89, 0x10, 0x3,
    0xff, 0x80, 0x26, 0x2e, 0x1, 0xff, 0xc0, 0x71,
    0x7, 0x0, 0xff, 0xe1, 0x10, 0x80, 0x4, 0x40,
    0x10, 0x80, 0x67, 0x1e, 0x20, 0x7, 0x2, 0x1,
    0xc8, 0x6, 0x22, 0x1e, 0x80, 0x1c, 0x6f, 0xb6,
    0x0, 0x21, 0x30, 0x44, 0x0, 0x7, 0xe6, 0x3d,
    0xb0, 0x41, 0xd4, 0x0, 0xea, 0x0, 0x16, 0x60,
    0x81, 0x80, 0x2a, 0x80, 0x8, 0x90, 0xf, 0xe4,
    0x52, 0x0, 0xe, 0x0, 0x7f, 0x24, 0x80, 0x0,

    /* U+24B1 "⒱" */
    0x0, 0x18, 0x7, 0xf0, 0x88, 0x2, 0x39, 0x0,
    0xfe, 0x3a, 0x0, 0xa2, 0x0, 0x1f, 0xc4, 0x26,
    0x2, 0xc4, 0xc, 0x40, 0x19, 0xc, 0x3a, 0x81,
    0x10, 0x0, 0xb8, 0x0, 0x86, 0xd4, 0x11, 0x1,
    0xbe, 0x0, 0x55, 0x0, 0x4e, 0xe, 0x1, 0x88,
    0x80, 0xa, 0x4, 0x0, 0x6a, 0x8, 0x0, 0x48,
    0x40, 0x22, 0x3e, 0x1, 0x4e, 0x0, 0x9c, 0x40,
    0x3a, 0xd4, 0x10, 0x14, 0x3, 0x84, 0x40, 0x13,
    0x2, 0x7a, 0x80, 0x67, 0x12, 0x20, 0x4, 0x29,
    0xcb, 0xc0, 0x18, 0x89, 0x9c, 0x1, 0xb9, 0x45,
    0x0, 0x21, 0x30, 0x44, 0x0, 0x65, 0xbd, 0x0,
    0xc8, 0x80, 0x3, 0x98, 0x6, 0x43, 0x0, 0xdd,
    0x60, 0x8, 0x80, 0x7, 0xf1, 0x89, 0x0, 0xa,
    0x80, 0x3f, 0x8e, 0x80, 0x0,

    /* U+24B2 "⒲" */
    0x0, 0x18, 0x7, 0xf0, 0x88, 0x2, 0x39, 0x0,
    0xfe, 0x3a, 0x0, 0xa2, 0x0, 0x1f, 0xc4, 0x26,
    0x2, 0xc2, 0xa0, 0x12, 0x98, 0x0, 0x5b, 0xe8,
    0x11, 0xd, 0x42, 0x5, 0x50, 0x0, 0x78, 0x54,
    0xd, 0xf7, 0x5, 0x7, 0x34, 0x0, 0x62, 0x0,
    0x44, 0x50, 0x98, 0x65, 0x81, 0x83, 0xe8, 0x9,
    0x8, 0x1, 0x30, 0x10, 0xd1, 0x40, 0x90, 0x1c,
    0x40, 0x2d, 0x51, 0x24, 0x3c, 0x30, 0x30, 0x8,
    0x44, 0x8, 0x28, 0x41, 0x8e, 0xa6, 0x0, 0x71,
    0x22, 0x1, 0x87, 0x20, 0x29, 0x6a, 0x80, 0x8,
    0x99, 0xc0, 0x3, 0x4f, 0x1, 0x24, 0xc0, 0x13,
    0x4, 0x40, 0x3, 0xad, 0xc0, 0x1d, 0x6a, 0x8,
    0x80, 0x3, 0x98, 0x12, 0x8, 0x0, 0xd0, 0x1,
    0xd6, 0x0, 0x88, 0x0, 0x7f, 0x18, 0x90, 0x0,
    0xa8, 0x3, 0xf8, 0xe8, 0x0,

    /* U+24B3 "⒳" */
    0x0, 0x30, 0x7, 0xf1, 0x18, 0x4, 0xbc, 0x1,
    0xfc, 0x5e, 0x1, 0x4c, 0x80, 0x3f, 0xc8, 0xa0,
    0x40, 0x20, 0xb2, 0x1, 0x1c, 0x88, 0x5f, 0x82,
    0x20, 0x0, 0x8d, 0x0, 0xe, 0x31, 0x3, 0x40,
    0xfe, 0x0, 0xc, 0x39, 0x31, 0x58, 0x4, 0x62,
    0x64, 0x1, 0x39, 0xcc, 0x40, 0x40, 0x21, 0x31,
    0x70, 0xd, 0x8, 0x6e, 0x1, 0x9c, 0x44, 0xe0,
    0x1b, 0xc8, 0x86, 0x1, 0xe3, 0x10, 0x9, 0x53,
    0x13, 0x80, 0x33, 0xf, 0x10, 0x0, 0x6d, 0xc6,
    0x4a, 0x0, 0x23, 0x23, 0xd0, 0x4, 0x4, 0x1,
    0x43, 0x90, 0x11, 0x1, 0x1c, 0x1, 0x1c, 0x1,
    0x3f, 0x10, 0x25, 0x80, 0x15, 0x40, 0x20, 0x1c,
    0x20, 0xa, 0x60, 0x4, 0xf8, 0x7, 0xf1, 0xa0,
    0x80,

    /* U+24B4 "⒴" */
    0x0, 0x18, 0x7, 0xf0, 0x88, 0x2, 0x39, 0x0,
    0xfe, 0x3a, 0x0, 0xa2, 0x1, 0x28, 0x1, 0xa1,
    0x48, 0x4c, 0x5, 0x88, 0x16, 0x0, 0x21, 0x70,
    0x7, 0x50, 0x22, 0x0, 0x12, 0x62, 0x0, 0x60,
    0x50, 0x44, 0x6, 0xf8, 0x1, 0x45, 0x80, 0x16,
    0xc0, 0x1c, 0x44, 0x0, 0x9e, 0x80, 0x4f, 0x40,
    0x21, 0x21, 0x0, 0xd6, 0x46, 0xe2, 0x80, 0x13,
    0x88, 0x7, 0x11, 0xde, 0x38, 0x7, 0x84, 0x40,
    0x1a, 0x99, 0x68, 0x3, 0x38, 0x91, 0x0, 0x33,
    0x8, 0x8c, 0x3, 0x11, 0x33, 0x80, 0x38, 0x98,
    0x3, 0x9, 0x82, 0x20, 0x0, 0x22, 0x72, 0xa0,
    0xc, 0x88, 0x0, 0x39, 0x84, 0x74, 0x51, 0x0,
    0x6e, 0xb0, 0x4, 0x40, 0x27, 0x7d, 0x40, 0x31,
    0x89, 0x0, 0xa, 0x80, 0x4, 0x1, 0xe3, 0xa0,
    0x0,

    /* U+24B5 "⒵" */
    0x0, 0x8, 0x7, 0xf8, 0x40, 0x22, 0xb0, 0xf,
    0xe2, 0xa0, 0xa, 0x24, 0x3, 0xf8, 0x84, 0xc0,
    0x5c, 0xc0, 0x8, 0x9e, 0x0, 0x7d, 0x2, 0x20,
    0x2, 0xbb, 0xe9, 0x0, 0x22, 0x3, 0x7c, 0x2,
    0xff, 0xa8, 0x24, 0x0, 0x26, 0x4, 0x40, 0xe,
    0x1a, 0x64, 0x0, 0x88, 0x82, 0x1, 0xea, 0x29,
    0x0, 0xce, 0x20, 0x1e, 0x74, 0xe0, 0xf, 0x84,
    0x40, 0x11, 0x44, 0xc, 0x3, 0x9c, 0x48, 0x80,
    0x17, 0x9b, 0x80, 0x78, 0x89, 0xba, 0x0, 0x31,
    0x1f, 0xfe, 0x10, 0x13, 0x4, 0x70, 0x2, 0x5d,
    0xf8, 0x41, 0x14, 0x5, 0xcc, 0x9, 0x13, 0xc0,
    0xe, 0xa0, 0x4, 0x40, 0x3, 0xf8, 0xc4, 0x80,
    0x5, 0x60, 0x1f, 0xc7, 0x40, 0x0,

    /* U+24B6 "Ⓐ" */
    0x0, 0xc7, 0x11, 0xe3, 0x0, 0xfa, 0x16, 0x23,
    0xcb, 0x0, 0x1d, 0x32, 0x60, 0x0, 0x88, 0x0,
    0xd3, 0x20, 0x9, 0xec, 0x40, 0x3, 0xde, 0x1,
    0xd, 0xb8, 0x3, 0xc8, 0x2, 0x74, 0x4, 0x0,
    0x8b, 0xc1, 0x6c, 0x3, 0x56, 0xbf, 0x0, 0x6b,
    0x52, 0x30, 0x8, 0x8d, 0xf5, 0x44, 0x2, 0x32,
    0x0, 0xea, 0x23, 0x60, 0x70, 0xe, 0x23, 0x0,
    0x98, 0xff, 0xc3, 0x40, 0x11, 0x92, 0xd8, 0x1,
    0x7, 0xf7, 0x63, 0x20, 0x2, 0x28, 0x79, 0x6,
    0xa8, 0x80, 0xc, 0x94, 0x8, 0x2, 0x7b, 0x19,
    0xa0, 0xd, 0xae, 0x34, 0xe0, 0x14, 0xc9, 0x80,
    0x3c, 0xcc, 0x80, 0xe, 0x85, 0x88, 0xf2, 0x38,
    0x4,

    /* U+24B7 "Ⓑ" */
    0x0, 0xc7, 0x11, 0xe3, 0x0, 0xfa, 0x16, 0x23,
    0xcb, 0x0, 0x1d, 0x32, 0x61, 0x18, 0x2, 0x69,
    0x90, 0x4, 0xf6, 0x21, 0xfd, 0xfe, 0xd5, 0x1,
    0xb7, 0x0, 0x79, 0x0, 0x51, 0xde, 0xb6, 0x0,
    0x2f, 0x5, 0xb0, 0xf, 0xca, 0x1, 0x5a, 0x91,
    0x80, 0x68, 0xef, 0x68, 0x0, 0x8c, 0x80, 0x3d,
    0x1d, 0xf1, 0x84, 0x1, 0x88, 0xc0, 0x3e, 0x61,
    0x40, 0x1, 0x92, 0xd8, 0x7, 0x85, 0xc5, 0x40,
    0x8, 0xa1, 0xe4, 0x1, 0x47, 0xf5, 0xd1, 0x81,
    0x0, 0x4f, 0x62, 0x1d, 0xff, 0x62, 0x80, 0xd3,
    0x80, 0x53, 0x26, 0x0, 0xf3, 0x32, 0x0, 0x3a,
    0x16, 0x23, 0xc8, 0xe0, 0x10,

    /* U+24B8 "Ⓒ" */
    0x0, 0xc7, 0x11, 0xe3, 0x0, 0xfa, 0x16, 0x23,
    0xcb, 0x0, 0x1d, 0x32, 0x60, 0x1, 0xa0, 0x83,
    0x4c, 0x80, 0x27, 0xb1, 0x4, 0xec, 0x9e, 0x70,
    0x1b, 0x70, 0x7, 0x90, 0x15, 0xbf, 0xee, 0x90,
    0x0, 0x5e, 0xb, 0x60, 0xa, 0x19, 0x0, 0x11,
    0x80, 0x56, 0xa4, 0x60, 0x3, 0x40, 0xf, 0xc6,
    0x40, 0x1f, 0xfc, 0x42, 0x30, 0x1, 0xa0, 0x7,
    0xe3, 0x25, 0xb0, 0x5, 0xd, 0x8, 0x24, 0x0,
    0x48, 0xa1, 0xe4, 0x5, 0x8f, 0xdf, 0x5c, 0x0,
    0x20, 0x9, 0xec, 0x40, 0xf7, 0xb7, 0x98, 0x6,
    0x9c, 0x2, 0x99, 0x30, 0x0, 0x48, 0x0, 0xcc,
    0x80, 0xe, 0x85, 0x88, 0xf2, 0x38, 0x4,

    /* U+24B9 "Ⓓ" */
    0x0, 0xc7, 0x11, 0xe3, 0x0, 0xfa, 0x16, 0x23,
    0xcb, 0x0, 0x1d, 0x32, 0x61, 0x18, 0x2, 0x69,
    0x90, 0x4, 0xf6, 0x21, 0xfd, 0xcf, 0xc3, 0x1,
    0xb7, 0x0, 0x79, 0x0, 0x51, 0xfc, 0xb8, 0x40,
    0x5e, 0xb, 0x60, 0x1e, 0x19, 0x2b, 0x0, 0x5a,
    0x91, 0x80, 0x7e, 0x45, 0x0, 0x19, 0x0, 0x7f,
    0x8c, 0x3, 0x88, 0xc0, 0x3f, 0x22, 0x0, 0x6,
    0x4b, 0x60, 0x1c, 0x27, 0x61, 0x20, 0x4, 0x50,
    0xf2, 0x0, 0xa3, 0xb4, 0xb0, 0x40, 0x80, 0x27,
    0xb1, 0xe, 0xff, 0x74, 0x90, 0xd, 0x38, 0x5,
    0x32, 0x60, 0xf, 0x33, 0x20, 0x3, 0xa1, 0x62,
    0x3c, 0x8e, 0x1, 0x0,

    /* U+24BA "Ⓔ" */
    0x0, 0xc7, 0x11, 0xe3, 0x0, 0xfa, 0x16, 0x23,
    0xcb, 0x0, 0x1d, 0x32, 0x60, 0x11, 0xe6, 0x99,
    0x0, 0x4f, 0x62, 0xd, 0xdd, 0xb4, 0x6, 0xdc,
    0x1, 0xe4, 0x1, 0xf, 0xfd, 0x80, 0x2, 0xf0,
    0x5b, 0x0, 0xff, 0xe0, 0x5a, 0x91, 0x80, 0x61,
    0xff, 0x8c, 0x2, 0x32, 0x0, 0xf0, 0xf7, 0x46,
    0x1, 0xc4, 0x60, 0x1c, 0x23, 0x0, 0x63, 0x25,
    0xb0, 0xe, 0x11, 0xc0, 0x12, 0x28, 0x79, 0x0,
    0x43, 0xdd, 0x80, 0x4, 0x1, 0x3d, 0x88, 0x37,
    0xff, 0x0, 0xd3, 0x80, 0x53, 0x26, 0x0, 0xf3,
    0x32, 0x0, 0x3a, 0x16, 0x23, 0xc8, 0xe0, 0x10,

    /* U+24BB "Ⓕ" */
    0x0, 0xc7, 0x11, 0xe3, 0x0, 0xfa, 0x16, 0x23,
    0xcb, 0x0, 0x1d, 0x32, 0x61, 0x22, 0xe6, 0x99,
    0x0, 0x4f, 0x62, 0xf, 0xbb, 0xb8, 0x6, 0xdc,
    0x1, 0xe4, 0x1, 0xf, 0xfd, 0x80, 0x2, 0xf0,
    0x5b, 0x0, 0xff, 0xe0, 0x5a, 0x91, 0x80, 0x61,
    0xdd, 0x88, 0x2, 0x32, 0x0, 0xfb, 0xba, 0x20,
    0xe, 0x23, 0x0, 0xc2, 0x67, 0x0, 0x63, 0x25,
    0xb0, 0xf, 0xfe, 0x2, 0x28, 0x79, 0x0, 0x7f,
    0x88, 0x2, 0x7b, 0x10, 0x6f, 0x0, 0xe1, 0xa7,
    0x0, 0xa6, 0x4c, 0x2, 0x1, 0x99, 0x90, 0x1,
    0xd0, 0xb1, 0x1e, 0x47, 0x0, 0x80,

    /* U+24BC "Ⓖ" */
    0x0, 0xc7, 0x11, 0xe3, 0x0, 0xfa, 0x16, 0x23,
    0xcb, 0x0, 0x1d, 0x32, 0x60, 0x1, 0xa1, 0x3,
    0x4c, 0x80, 0x27, 0xb1, 0x3, 0xdc, 0x9d, 0xa0,
    0x1b, 0x70, 0x7, 0x90, 0x16, 0x27, 0xef, 0x70,
    0x0, 0x5e, 0xb, 0x60, 0xa, 0x19, 0x0, 0xa,
    0x0, 0x56, 0xa4, 0x60, 0x3, 0x40, 0x1, 0x19,
    0x80, 0x23, 0x20, 0xf, 0xd1, 0xf8, 0x60, 0x18,
    0x8c, 0x0, 0x68, 0x0, 0xac, 0x0, 0xc6, 0x4b,
    0x60, 0x9, 0x1a, 0x10, 0x20, 0xc, 0x8a, 0x1e,
    0x40, 0x38, 0xdd, 0xfa, 0xa6, 0x4, 0x1, 0x3d,
    0x88, 0x1e, 0x76, 0xfd, 0x0, 0xd3, 0x80, 0x53,
    0x26, 0x0, 0x9, 0x0, 0x19, 0x90, 0x1, 0xd0,
    0xb1, 0x1e, 0x47, 0x0, 0x80,

    /* U+24BD "Ⓗ" */
    0x0, 0xc7, 0x11, 0xe3, 0x0, 0xfa, 0x16, 0x23,
    0xcb, 0x0, 0x1d, 0x32, 0x74, 0x0, 0xca, 0xf3,
    0x20, 0x9, 0xec, 0x5e, 0xc0, 0x21, 0xa5, 0x1b,
    0x70, 0x7, 0x90, 0x7, 0xf8, 0xbc, 0x16, 0xc0,
    0x3f, 0xf8, 0x16, 0xa4, 0x60, 0x1b, 0xfe, 0xe0,
    0xc, 0x64, 0x1, 0xec, 0xca, 0xc0, 0x3c, 0x46,
    0x1, 0x8c, 0xe5, 0x0, 0xc6, 0x4b, 0x60, 0x1f,
    0xfc, 0x4, 0x50, 0xf2, 0x3, 0x0, 0xfc, 0x40,
    0x13, 0xd8, 0xaf, 0x80, 0x43, 0xe8, 0x34, 0xe0,
    0x14, 0xc9, 0x80, 0x3c, 0xcc, 0x80, 0xe, 0x85,
    0x88, 0xf2, 0x38, 0x4,

    /* U+24BE "Ⓘ" */
    0x0, 0xc7, 0x11, 0xe3, 0x0, 0xfa, 0x16, 0x23,
    0xcb, 0x0, 0x1d, 0x32, 0x60, 0x2, 0x10, 0x1,
    0xa6, 0x40, 0x13, 0xd8, 0x80, 0x54, 0x80, 0x10,
    0xdb, 0x80, 0x3c, 0x80, 0x3f, 0xc5, 0xe0, 0xb6,
    0x1, 0xff, 0xc0, 0xb5, 0x23, 0x0, 0xff, 0xe0,
    0x19, 0x0, 0x7f, 0xf1, 0x8, 0xc0, 0x3f, 0xf8,
    0x6, 0x4b, 0x60, 0x1f, 0xfc, 0x4, 0x50, 0xf2,
    0x0, 0xff, 0x10, 0x4, 0xf6, 0x20, 0x17, 0x30,
    0x4, 0x34, 0xe0, 0x14, 0xc9, 0x80, 0x3c, 0xcc,
    0x80, 0xe, 0x85, 0x88, 0xf2, 0x38, 0x4,

    /* U+24BF "Ⓙ" */
    0x0, 0xc7, 0x11, 0xe3, 0x0, 0xfa, 0x16, 0x23,
    0xcb, 0x0, 0x1d, 0x32, 0x60, 0x8, 0xec, 0x1a,
    0x64, 0x1, 0x3d, 0x88, 0x6, 0x74, 0x10, 0x1b,
    0x70, 0x7, 0x90, 0x7, 0xf8, 0xbc, 0x16, 0xc0,
    0x3f, 0xf8, 0x16, 0xa4, 0x60, 0x1f, 0xfc, 0x3,
    0x20, 0xf, 0xfe, 0x21, 0x18, 0x7, 0xe1, 0x0,
    0x8c, 0x96, 0xc0, 0x2a, 0x40, 0xd2, 0x0, 0xc8,
    0xa1, 0xe4, 0x0, 0xcb, 0xf6, 0x90, 0x8, 0x80,
    0x27, 0xb1, 0x6, 0xfd, 0xf4, 0x0, 0xd, 0x38,
    0x5, 0x32, 0x60, 0x1, 0x0, 0x4c, 0xc8, 0x0,
    0xe8, 0x58, 0x8f, 0x23, 0x80, 0x40,

    /* U+24C0 "Ⓚ" */
    0x0, 0xc7, 0x11, 0xe3, 0x0, 0xfa, 0x16, 0x23,
    0xcb, 0x0, 0x1d, 0x32, 0x65, 0x10, 0x0, 0xab,
    0xcc, 0x80, 0x27, 0xb1, 0xa, 0x40, 0x6, 0xf8,
    0x8a, 0xdc, 0x1, 0xe4, 0x1, 0xd6, 0x14, 0x0,
    0x2f, 0x5, 0xb0, 0xe, 0xa6, 0xd0, 0xd, 0x6a,
    0x46, 0x1, 0xa1, 0x4c, 0x40, 0x31, 0x90, 0x7,
    0x8f, 0xe, 0x40, 0x3c, 0x46, 0x1, 0xac, 0xf9,
    0x8c, 0x2, 0x32, 0x5b, 0x0, 0xf1, 0xb7, 0x0,
    0x48, 0xa1, 0xe4, 0x1, 0x8, 0x2, 0xd, 0xc0,
    0x80, 0x27, 0xb1, 0xf, 0x40, 0x0, 0xf3, 0x8d,
    0x38, 0x5, 0x32, 0x60, 0xf, 0x33, 0x20, 0x3,
    0xa1, 0x62, 0x3c, 0x8e, 0x1, 0x0,

    /* U+24C1 "Ⓛ" */
    0x0, 0xc7, 0x11, 0xe3, 0x0, 0xfa, 0x16, 0x23,
    0xcb, 0x0, 0x1d, 0x32, 0x61, 0x50, 0xc, 0xd3,
    0x20, 0x9, 0xec, 0x41, 0x68, 0x40, 0x30, 0xdb,
    0x80, 0x3c, 0x80, 0x3f, 0xc5, 0xe0, 0xb6, 0x1,
    0xff, 0xc0, 0xb5, 0x23, 0x0, 0xff, 0xe0, 0x19,
    0x0, 0x7f, 0xf1, 0x8, 0xc0, 0x3f, 0xf8, 0x6,
    0x4b, 0x60, 0x1c, 0x45, 0x80, 0x24, 0x50, 0xf2,
    0x0, 0xd9, 0xba, 0xf0, 0x1, 0x0, 0x4f, 0x62,
    0x9, 0xff, 0xb4, 0x6, 0x9c, 0x2, 0x99, 0x30,
    0x7, 0x99, 0x90, 0x1, 0xd0, 0xb1, 0x1e, 0x47,
    0x0, 0x80,

    /* U+24C2 "Ⓜ" */
    0x0, 0xc7, 0x11, 0xe3, 0x0, 0xfa, 0x16, 0x23,
    0xcb, 0x0, 0x1d, 0x32, 0x23, 0x0, 0xc6, 0x53,
    0x20, 0x9, 0xec, 0x6b, 0x40, 0x36, 0xd0, 0xdb,
    0x80, 0x3c, 0x80, 0x24, 0x0, 0x20, 0x4, 0x5e,
    0xb, 0x60, 0x13, 0xf0, 0x3, 0x9c, 0x2, 0xb5,
    0x23, 0x0, 0xb1, 0x4, 0x49, 0x80, 0x11, 0x90,
    0x7, 0xb, 0xb3, 0xb8, 0x3, 0xc4, 0x60, 0x1a,
    0xae, 0xa8, 0x1, 0x8c, 0x96, 0xc0, 0x31, 0x88,
    0x18, 0x6, 0x45, 0xf, 0x20, 0xd, 0x12, 0x1,
    0x88, 0x2, 0x7b, 0x1e, 0x40, 0x55, 0x2, 0xf0,
    0xd3, 0x80, 0x53, 0x26, 0x0, 0xf3, 0x32, 0x0,
    0x3a, 0x16, 0x23, 0xc8, 0xe0, 0x10,

    /* U+24C3 "Ⓝ" */
    0x0, 0xc7, 0x11, 0xe3, 0x0, 0xfa, 0x16, 0x23,
    0xcb, 0x0, 0x1d, 0x32, 0x65, 0x10, 0x9, 0x5a,
    0x64, 0x1, 0x3d, 0x89, 0x55, 0x80, 0x6, 0x8c,
    0x6d, 0xc0, 0x1e, 0x40, 0x12, 0x20, 0x3, 0x8b,
    0xc1, 0x6c, 0x3, 0x44, 0x80, 0x7a, 0xd4, 0x8c,
    0x3, 0x30, 0x38, 0x7, 0x19, 0x0, 0x78, 0x66,
    0xc, 0x3, 0xc4, 0x60, 0x1c, 0x8b, 0x60, 0x18,
    0xc9, 0x6c, 0x3, 0xd6, 0xe0, 0x19, 0x14, 0x3c,
    0x80, 0x38, 0x64, 0x4, 0x8, 0x2, 0x7b, 0x12,
    0xf1, 0x0, 0x3f, 0x90, 0xd3, 0x80, 0x53, 0x26,
    0x0, 0xf3, 0x32, 0x0, 0x3a, 0x16, 0x23, 0xc8,
    0xe0, 0x10,

    /* U+24C4 "Ⓞ" */
    0x0, 0xc7, 0x11, 0xe3, 0x0, 0xfa, 0x16, 0x23,
    0xcb, 0x0, 0x1d, 0x32, 0x60, 0x14, 0x30, 0x3,
    0x4c, 0x80, 0x27, 0xb1, 0x7, 0xea, 0xdf, 0x50,
    0x1b, 0x70, 0x7, 0x90, 0x2c, 0x57, 0x72, 0x28,
    0xc0, 0xbc, 0x16, 0xc0, 0x12, 0xaa, 0x0, 0x39,
    0xc8, 0x2, 0xd4, 0x8c, 0x0, 0x7a, 0x1, 0x95,
    0x80, 0x6, 0x40, 0x18, 0x40, 0x3f, 0xe2, 0x30,
    0x2, 0xe0, 0x6, 0x45, 0x0, 0x19, 0x2d, 0x80,
    0x3d, 0x1c, 0x1, 0x25, 0x60, 0x4, 0x50, 0xf2,
    0x4, 0xa9, 0xff, 0x25, 0x90, 0x10, 0x4, 0xf6,
    0x20, 0xbd, 0xbd, 0xa8, 0x3, 0x4e, 0x1, 0x4c,
    0x98, 0x0, 0x42, 0x0, 0x66, 0x40, 0x7, 0x42,
    0xc4, 0x79, 0x1c, 0x2,

    /* U+24C5 "Ⓟ" */
    0x0, 0xc7, 0x11, 0xe3, 0x0, 0xfa, 0x16, 0x23,
    0xcb, 0x0, 0x1d, 0x32, 0x61, 0x1c, 0x0, 0x69,
    0x90, 0x4, 0xf6, 0x21, 0xfd, 0xd9, 0x80, 0x6d,
    0xc0, 0x1e, 0x40, 0x14, 0x7f, 0xa2, 0x48, 0xb,
    0xc1, 0x6c, 0x3, 0xe7, 0x1, 0x0, 0x5a, 0x91,
    0x80, 0x78, 0x64, 0x4c, 0x0, 0x64, 0x1, 0xe8,
    0xef, 0x3d, 0x0, 0xe2, 0x30, 0xd, 0x1d, 0xcb,
    0x30, 0x8, 0xc9, 0x6c, 0x3, 0xff, 0x80, 0x8a,
    0x1e, 0x40, 0x1f, 0xe2, 0x0, 0x9e, 0xc4, 0x31,
    0x80, 0x38, 0x69, 0xc0, 0x29, 0x93, 0x10, 0x80,
    0x66, 0x64, 0x0, 0x74, 0x2c, 0x47, 0x91, 0xc0,
    0x20,

    /* U+24C6 "Ⓠ" */
    0x0, 0xc7, 0x11, 0xe3, 0x0, 0xfa, 0x16, 0x23,
    0xcb, 0x0, 0x1d, 0x32, 0x60, 0x14, 0x30, 0x3,
    0x4c, 0x80, 0x27, 0xb1, 0x9, 0xea, 0xdf, 0x60,
    0x1b, 0x70, 0x7, 0x90, 0x43, 0xe7, 0x72, 0x64,
    0x80, 0x5e, 0xb, 0x60, 0x6, 0x61, 0x80, 0x18,
    0xf8, 0x1, 0x6a, 0x46, 0x0, 0x1e, 0x0, 0xcc,
    0xc0, 0x1, 0x90, 0x6, 0x1f, 0x0, 0xce, 0xc0,
    0x18, 0x8c, 0x0, 0xcc, 0x50, 0x4, 0x14, 0x80,
    0xc, 0x96, 0xc0, 0x10, 0xb5, 0xfe, 0x5b, 0x30,
    0x2, 0x28, 0x79, 0x0, 0x2b, 0x50, 0xb1, 0x0,
    0x4, 0x1, 0x3d, 0x88, 0x0, 0xa8, 0x7b, 0x64,
    0x69, 0xc0, 0x29, 0x93, 0x0, 0x7, 0x36, 0x45,
    0xa0, 0x3, 0xa1, 0x62, 0x35, 0x65, 0x38, 0x4,

    /* U+24C7 "Ⓡ" */
    0x0, 0xc7, 0x11, 0xe3, 0x0, 0xfa, 0x16, 0x23,
    0xcb, 0x0, 0x1d, 0x32, 0x61, 0x1c, 0x0, 0x69,
    0x90, 0x4, 0xf6, 0x21, 0xfd, 0xd9, 0xc0, 0x6d,
    0xc0, 0x1e, 0x40, 0x14, 0x7f, 0xa2, 0x4, 0x5,
    0xe0, 0xb6, 0x1, 0xf3, 0x3, 0x0, 0x2d, 0x48,
    0xc0, 0x38, 0x4a, 0x45, 0x40, 0x6, 0x40, 0x1e,
    0x9c, 0xd5, 0xc1, 0x0, 0xc4, 0x60, 0x1a, 0x75,
    0x84, 0x80, 0x23, 0x25, 0xb0, 0xf, 0x49, 0xc0,
    0x4, 0x8a, 0x1e, 0x40, 0x1e, 0xa7, 0x20, 0x20,
    0x9, 0xec, 0x43, 0x18, 0x0, 0x9a, 0x63, 0x4e,
    0x1, 0x4c, 0x98, 0x84, 0x2, 0x27, 0x68, 0x0,
    0xe8, 0x58, 0x8f, 0x23, 0x80, 0x40,

    /* U+24C8 "Ⓢ" */
    0x0, 0xc7, 0x11, 0xe3, 0x0, 0xfa, 0x16, 0x23,
    0xcb, 0x0, 0x1d, 0x32, 0x60, 0x1, 0xa0, 0x83,
    0x4c, 0x80, 0x27, 0xb1, 0x3, 0xee, 0x4f, 0x38,
    0xd, 0xb8, 0x3, 0xc8, 0x1, 0x9, 0xbb, 0x20,
    0x0, 0xbc, 0x16, 0xc0, 0x33, 0x8, 0x11, 0x80,
    0x56, 0xa4, 0x60, 0x15, 0x7, 0x51, 0x80, 0x63,
    0x20, 0xe, 0x1c, 0xc1, 0xe4, 0x0, 0x71, 0x18,
    0x7, 0x1c, 0xc3, 0x80, 0x46, 0x4b, 0x60, 0x15,
    0x98, 0x3, 0x84, 0x2, 0x45, 0xf, 0x20, 0x6,
    0x6f, 0x7a, 0x68, 0x0, 0x80, 0x27, 0xb1, 0x7,
    0xec, 0xed, 0x30, 0x1a, 0x70, 0xa, 0x64, 0xc0,
    0x2, 0x10, 0x3, 0x32, 0x0, 0x3a, 0x16, 0x23,
    0xc8, 0xe0, 0x10,

    /* U+24C9 "Ⓣ" */
    0x0, 0xc7, 0x11, 0xe3, 0x0, 0xfa, 0x16, 0x23,
    0xcb, 0x0, 0x1d, 0x32, 0x72, 0x2f, 0x34, 0xc8,
    0x2, 0x7b, 0x16, 0xdd, 0xf0, 0x8a, 0xdc, 0x1,
    0xe4, 0xf, 0xfe, 0x18, 0xff, 0x8, 0x17, 0x82,
    0xd8, 0x7, 0xff, 0x2, 0xd4, 0x8c, 0x3, 0xff,
    0x80, 0x64, 0x1, 0xff, 0xc4, 0x23, 0x0, 0xff,
    0xe0, 0x19, 0x2d, 0x80, 0x7f, 0xf0, 0x11, 0x43,
    0xc8, 0x3, 0xfc, 0x40, 0x13, 0xd8, 0x80, 0x5e,
    0xe0, 0x10, 0xd3, 0x80, 0x53, 0x26, 0x0, 0x8,
    0x4, 0xcc, 0x80, 0xe, 0x85, 0x88, 0xf2, 0x38,
    0x4,

    /* U+24CA "Ⓤ" */
    0x0, 0xc7, 0x11, 0xe3, 0x0, 0xfa, 0x16, 0x23,
    0xcb, 0x0, 0x1d, 0x32, 0x60, 0xf, 0x34, 0xc8,
    0x2, 0x7b, 0x15, 0xf0, 0xd, 0xe6, 0x36, 0xe0,
    0xf, 0x20, 0xf, 0x8, 0x4, 0x5e, 0xb, 0x60,
    0x1f, 0xfc, 0xb, 0x52, 0x30, 0xf, 0xfe, 0x1,
    0x90, 0x7, 0xff, 0x10, 0x8c, 0x0, 0x20, 0x20,
    0x3, 0x1, 0x0, 0x19, 0x2d, 0x80, 0x14, 0x20,
    0x1, 0x4, 0x40, 0x2, 0x28, 0x79, 0x0, 0xdb,
    0xff, 0x9f, 0x80, 0x4, 0x1, 0x3d, 0x88, 0x27,
    0x6f, 0x69, 0x80, 0xd3, 0x80, 0x53, 0x26, 0x0,
    0x10, 0x80, 0x19, 0x90, 0x1, 0xd0, 0xb1, 0x1e,
    0x47, 0x0, 0x80,

    /* U+24CB "Ⓥ" */
    0x0, 0xc7, 0x11, 0xe3, 0x0, 0xfa, 0x16, 0x23,
    0xcb, 0x0, 0x1d, 0x32, 0x60, 0xf, 0x34, 0xc8,
    0x2, 0x7b, 0x16, 0xb0, 0xd, 0x6a, 0x36, 0xe0,
    0xf, 0x20, 0x44, 0x18, 0x0, 0xd1, 0xc0, 0xbc,
    0x16, 0xc0, 0x4, 0x4b, 0x0, 0x59, 0x90, 0x2,
    0xd4, 0x8c, 0x2, 0x55, 0x0, 0x16, 0xc0, 0x23,
    0x20, 0xe, 0xa2, 0x2c, 0xa0, 0x1c, 0x46, 0x1,
    0x11, 0x15, 0xc, 0x80, 0x23, 0x25, 0xb0, 0xd,
    0x57, 0xb6, 0x1, 0x91, 0x43, 0xc8, 0x2, 0x53,
    0x46, 0x0, 0x88, 0x2, 0x7b, 0x10, 0x1, 0x44,
    0x88, 0x0, 0x69, 0xc0, 0x29, 0x93, 0x0, 0x1d,
    0x80, 0xc, 0xc8, 0x0, 0xe8, 0x58, 0x8f, 0x23,
    0x80, 0x40,

    /* U+24CC "Ⓦ" */
    0x0, 0xc7, 0x11, 0xe3, 0x0, 0xfa, 0x16, 0x23,
    0xcb, 0x0, 0x1d, 0x28, 0xa0, 0x6, 0x70, 0x2,
    0xa4, 0x80, 0x4f, 0x61, 0x60, 0xb, 0x90, 0x2,
    0x5, 0xb8, 0x3, 0xc9, 0x4c, 0x4, 0xc0, 0xc3,
    0x54, 0xbc, 0x16, 0xc3, 0x14, 0x1d, 0x12, 0x7,
    0xc0, 0xb5, 0x23, 0x7, 0x11, 0x66, 0x60, 0x27,
    0x3, 0x20, 0x8, 0x85, 0x51, 0x31, 0x81, 0x0,
    0x44, 0x60, 0x5, 0xd0, 0x22, 0xa9, 0x0, 0x6,
    0x4b, 0x60, 0x3, 0x67, 0x0, 0x23, 0x18, 0x1,
    0x14, 0x3c, 0x82, 0xda, 0x80, 0x14, 0xd6, 0x4,
    0x1, 0x3d, 0x89, 0xc9, 0x80, 0xe, 0x4c, 0x69,
    0xc0, 0x29, 0x93, 0x0, 0x79, 0x99, 0x0, 0x1d,
    0xb, 0x11, 0xe4, 0x70, 0x8,

    /* U+24CD "Ⓧ" */
    0x0, 0xc7, 0x11, 0xe3, 0x0, 0xfa, 0x16, 0x23,
    0xcb, 0x0, 0x1d, 0x32, 0x65, 0x10, 0x0, 0xab,
    0x4c, 0x80, 0x27, 0xb1, 0x9, 0xa0, 0x5, 0xf0,
    0xd, 0xb8, 0x3, 0xc8, 0x1, 0xe8, 0x83, 0x59,
    0x0, 0x17, 0x82, 0xd8, 0x4, 0x6d, 0x30, 0xe4,
    0x1, 0x5a, 0x91, 0x80, 0x69, 0x24, 0x80, 0xc,
    0x64, 0x1, 0xe5, 0x10, 0x40, 0xf, 0x11, 0x80,
    0x6b, 0x87, 0x90, 0xc, 0x64, 0xb6, 0x1, 0x41,
    0xb4, 0x1c, 0x0, 0x48, 0xa1, 0xe4, 0x4, 0xf2,
    0x0, 0xb7, 0x20, 0x20, 0x9, 0xec, 0x4b, 0xd0,
    0x0, 0xbe, 0x43, 0x4e, 0x1, 0x4c, 0x98, 0x3,
    0xcc, 0xc8, 0x0, 0xe8, 0x58, 0x8f, 0x23, 0x80,
    0x40,

    /* U+24CE "Ⓨ" */
    0x0, 0xc7, 0x11, 0xe3, 0x0, 0xfa, 0x16, 0x23,
    0xcb, 0x0, 0x1d, 0x32, 0x60, 0xf, 0x34, 0xc8,
    0x2, 0x7b, 0x14, 0xc1, 0x0, 0x2e, 0x0, 0xdb,
    0x80, 0x3c, 0x81, 0x6, 0x40, 0x10, 0x80, 0x2,
    0xf0, 0x5b, 0x0, 0xa1, 0x81, 0x8e, 0x0, 0x2b,
    0x52, 0x30, 0x9, 0x4d, 0xee, 0x40, 0x31, 0x90,
    0x7, 0xa2, 0x6, 0xe0, 0x1e, 0x23, 0x0, 0xca,
    0x12, 0x1, 0xc6, 0x4b, 0x60, 0x1c, 0x20, 0x1e,
    0x45, 0xf, 0x20, 0xf, 0xf1, 0x0, 0x4f, 0x62,
    0x1, 0x4a, 0x0, 0x43, 0x4e, 0x1, 0x4c, 0x98,
    0x0, 0xe6, 0x0, 0x66, 0x40, 0x7, 0x42, 0xc4,
    0x79, 0x1c, 0x2,

    /* U+24CF "Ⓩ" */
    0x0, 0xc7, 0x11, 0xe3, 0x0, 0xfa, 0x16, 0x23,
    0xcb, 0x0, 0x1d, 0x32, 0x61, 0x22, 0xe6, 0x99,
    0x0, 0x4f, 0x62, 0x15, 0xbb, 0xc0, 0x36, 0xe0,
    0xf, 0x20, 0x5, 0xff, 0xb8, 0x68, 0x0, 0x5e,
    0xb, 0x60, 0x1e, 0xd4, 0x50, 0xa, 0xd4, 0x8c,
    0x3, 0xa0, 0x68, 0x3, 0x19, 0x0, 0x79, 0x1f,
    0x80, 0x3e, 0x23, 0x0, 0x86, 0xa0, 0xc0, 0x38,
    0xc9, 0x6c, 0x2, 0xa2, 0x52, 0x28, 0x2, 0x45,
    0xf, 0x20, 0x24, 0x3d, 0xdc, 0x0, 0x20, 0x9,
    0xec, 0x4b, 0xff, 0xc0, 0x34, 0xe0, 0x14, 0xc9,
    0x80, 0x3c, 0xcc, 0x80, 0xe, 0x85, 0x88, 0xf2,
    0x38, 0x4,

    /* U+24D0 "ⓐ" */
    0x0, 0xc7, 0x11, 0xe3, 0x0, 0xfa, 0x16, 0x23,
    0xcb, 0x0, 0x1d, 0x32, 0x60, 0xf, 0x34, 0xc8,
    0x2, 0x7b, 0x10, 0xf, 0xc3, 0x6e, 0x0, 0xf2,
    0x0, 0xa7, 0xbe, 0x0, 0x22, 0xf0, 0x5b, 0x0,
    0xdb, 0xdc, 0x71, 0x0, 0xad, 0x48, 0xc0, 0x33,
    0x45, 0x1, 0x0, 0x46, 0x40, 0x1c, 0x39, 0xb6,
    0x20, 0x1e, 0x23, 0x0, 0x94, 0xd4, 0x84, 0x3,
    0x19, 0x2d, 0x80, 0x48, 0x3d, 0x24, 0x1, 0x91,
    0x43, 0xc8, 0x2, 0xce, 0xb9, 0x20, 0x1, 0x0,
    0x4f, 0x62, 0x1, 0xc8, 0x20, 0x34, 0xe0, 0x14,
    0xc9, 0x80, 0x3c, 0xcc, 0x80, 0xe, 0x85, 0x88,
    0xf2, 0x38, 0x4,

    /* U+24D1 "ⓑ" */
    0x0, 0xc7, 0x11, 0xe3, 0x0, 0xfa, 0x16, 0x23,
    0xcb, 0x0, 0x1d, 0x32, 0x61, 0x60, 0xc, 0xd3,
    0x20, 0x9, 0xec, 0x40, 0xe4, 0x3, 0x86, 0xdc,
    0x1, 0xe4, 0x1, 0xc2, 0x1, 0x8b, 0xc1, 0x6c,
    0x3, 0xaf, 0x39, 0x0, 0x2b, 0x52, 0x30, 0xe,
    0x9d, 0x99, 0x0, 0x46, 0x40, 0x1f, 0x10, 0x29,
    0x0, 0x71, 0x18, 0x7, 0xcc, 0x20, 0x11, 0x92,
    0xd8, 0x7, 0x29, 0x43, 0x80, 0x48, 0xa1, 0xe4,
    0x0, 0x37, 0xde, 0x49, 0x0, 0x10, 0x4, 0xf6,
    0x20, 0x31, 0xc, 0x80, 0x0, 0xd3, 0x80, 0x53,
    0x26, 0x0, 0xf3, 0x32, 0x0, 0x3a, 0x16, 0x23,
    0xc8, 0xe0, 0x10,

    /* U+24D2 "ⓒ" */
    0x0, 0xc7, 0x11, 0xe3, 0x0, 0xfa, 0x16, 0x23,
    0xcb, 0x0, 0x1d, 0x32, 0x60, 0xf, 0x34, 0xc8,
    0x2, 0x7b, 0x10, 0xf, 0xc3, 0x6e, 0x0, 0xf2,
    0x0, 0x93, 0x7f, 0x0, 0x22, 0xf0, 0x5b, 0x0,
    0x86, 0xe3, 0xf8, 0x3, 0x5a, 0x91, 0x80, 0x48,
    0x4a, 0x4, 0x1, 0x8c, 0x80, 0x3f, 0xf8, 0x84,
    0x60, 0x12, 0x12, 0x1, 0x0, 0x63, 0x25, 0xb0,
    0x8, 0x6a, 0x9f, 0xc2, 0x1, 0x22, 0x87, 0x90,
    0x4, 0xbd, 0xf8, 0x20, 0x2, 0x0, 0x9e, 0xc4,
    0x3, 0xf0, 0xd3, 0x80, 0x53, 0x26, 0x0, 0xf3,
    0x32, 0x0, 0x3a, 0x16, 0x23, 0xc8, 0xe0, 0x10,

    /* U+24D3 "ⓓ" */
    0x0, 0xc7, 0x11, 0xe3, 0x0, 0xfa, 0x16, 0x23,
    0xcb, 0x0, 0x1d, 0x32, 0x60, 0xc, 0xc2, 0xd3,
    0x20, 0x9, 0xec, 0x40, 0x3a, 0x4c, 0x6, 0xdc,
    0x1, 0xe4, 0x1, 0x84, 0x3, 0x8b, 0xc1, 0x6c,
    0x2, 0x1d, 0xcc, 0x0, 0x75, 0xa9, 0x18, 0x5,
    0x6f, 0xba, 0x0, 0xe3, 0x20, 0xe, 0x7f, 0x1,
    0x0, 0xf8, 0x8c, 0x2, 0x13, 0x0, 0xf8, 0xc9,
    0x6c, 0x2, 0xbb, 0x1b, 0x0, 0x72, 0x28, 0x79,
    0x0, 0x1d, 0x7c, 0x5c, 0xc0, 0x4, 0x1, 0x3d,
    0x88, 0x2, 0x31, 0xe0, 0x40, 0x69, 0xc0, 0x29,
    0x93, 0x0, 0x79, 0x99, 0x0, 0x1d, 0xb, 0x11,
    0xe4, 0x70, 0x8,

    /* U+24D4 "ⓔ" */
    0x0, 0xc7, 0x11, 0xe3, 0x0, 0xfa, 0x16, 0x23,
    0xcb, 0x0, 0x1d, 0x32, 0x60, 0xf, 0x34, 0xc8,
    0x2, 0x7b, 0x10, 0xf, 0xc3, 0x6e, 0x0, 0xf2,
    0x0, 0xa7, 0xb8, 0xc0, 0x11, 0x78, 0x2d, 0x80,
    0x4e, 0x7d, 0xf0, 0x20, 0x15, 0xa9, 0x18, 0x5,
    0x6d, 0x56, 0x4, 0x1, 0x19, 0x0, 0x7a, 0xea,
    0x9c, 0x60, 0x1c, 0x46, 0x1, 0x5d, 0x8, 0x10,
    0x6, 0x32, 0x5b, 0x0, 0x9d, 0x3f, 0xa0, 0x3,
    0x22, 0x87, 0x90, 0x5, 0x3d, 0xca, 0x0, 0x88,
    0x2, 0x7b, 0x10, 0xf, 0xc3, 0x4e, 0x1, 0x4c,
    0x98, 0x3, 0xcc, 0xc8, 0x0, 0xe8, 0x58, 0x8f,
    0x23, 0x80, 0x40,

    /* U+24D5 "ⓕ" */
    0x0, 0xc7, 0x11, 0xe3, 0x0, 0xfa, 0x16, 0x23,
    0xcb, 0x0, 0x1d, 0x32, 0x60, 0x3, 0x75, 0x3,
    0x4c, 0x80, 0x27, 0xb1, 0x0, 0xa3, 0x68, 0x0,
    0x36, 0xe0, 0xf, 0x20, 0xc, 0x22, 0x0, 0xc5,
    0xe0, 0xb6, 0x1, 0xac, 0x31, 0x0, 0x35, 0xa9,
    0x18, 0x6, 0xb0, 0xf4, 0x0, 0xc6, 0x40, 0x1f,
    0xfc, 0x42, 0x30, 0xf, 0xfe, 0x1, 0x92, 0xd8,
    0x7, 0xff, 0x1, 0x14, 0x3c, 0x80, 0x32, 0x0,
    0x71, 0x0, 0x4f, 0x62, 0x1, 0x58, 0x80, 0x43,
    0x4e, 0x1, 0x4c, 0x98, 0x3, 0xcc, 0xc8, 0x0,
    0xe8, 0x58, 0x8f, 0x23, 0x80, 0x40,

    /* U+24D6 "ⓖ" */
    0x0, 0xc7, 0x11, 0xe3, 0x0, 0xfa, 0x16, 0x23,
    0xcb, 0x0, 0x1d, 0x32, 0x60, 0xf, 0x34, 0xc8,
    0x2, 0x7b, 0x10, 0x5, 0x66, 0xf5, 0x0, 0xdb,
    0x80, 0x3c, 0x80, 0xe, 0x19, 0x80, 0xa0, 0x1,
    0x78, 0x2d, 0x80, 0x7c, 0x20, 0x1a, 0xd4, 0x8c,
    0x2, 0x64, 0xcd, 0xa0, 0xc, 0x64, 0x1, 0xc8,
    0xf9, 0x85, 0x0, 0xf1, 0x18, 0x4, 0xed, 0xb9,
    0x68, 0x1, 0x19, 0x2d, 0x80, 0x55, 0x19, 0xd9,
    0x0, 0x12, 0x28, 0x79, 0x0, 0xb, 0xc4, 0xf5,
    0x40, 0x4, 0x1, 0x3d, 0x88, 0x58, 0xe5, 0x64,
    0x80, 0xd3, 0x80, 0x53, 0x26, 0x19, 0xcb, 0x60,
    0x66, 0x40, 0x7, 0x42, 0xc4, 0x79, 0x1c, 0x2,

    /* U+24D7 "ⓗ" */
    0x0, 0xc7, 0x11, 0xe3, 0x0, 0xfa, 0x16, 0x23,
    0xcb, 0x0, 0x1d, 0x32, 0x62, 0xe0, 0xc, 0xd3,
    0x20, 0x9, 0xec, 0x40, 0x2, 0x1, 0xc3, 0x6e,
    0x0, 0xf2, 0x0, 0xc2, 0xe6, 0x1, 0x17, 0x82,
    0xd8, 0x7, 0x57, 0x60, 0x80, 0x56, 0xa4, 0x60,
    0x1d, 0x72, 0x24, 0x1, 0x19, 0x0, 0x7f, 0x9c,
    0x3, 0x88, 0xc0, 0x3f, 0xf8, 0x6, 0x4b, 0x60,
    0x1f, 0xfc, 0x4, 0x50, 0xf2, 0x0, 0x14, 0x80,
    0x2d, 0x40, 0x4, 0x1, 0x3d, 0x88, 0x1, 0x80,
    0xa, 0x20, 0x34, 0xe0, 0x14, 0xc9, 0x80, 0x3c,
    0xcc, 0x80, 0xe, 0x85, 0x88, 0xf2, 0x38, 0x4,

    /* U+24D8 "ⓘ" */
    0x0, 0xc7, 0x11, 0xe3, 0x0, 0xfa, 0x16, 0x23,
    0xcb, 0x0, 0x1d, 0x32, 0x60, 0x3, 0x10, 0x1,
    0xa6, 0x40, 0x13, 0xd8, 0x80, 0x5a, 0xe0, 0x10,
    0xdb, 0x80, 0x3c, 0x80, 0x35, 0xa8, 0x6, 0x2f,
    0x5, 0xb0, 0xe, 0xd4, 0x0, 0xeb, 0x52, 0x30,
    0xf, 0xfe, 0x1, 0x90, 0x7, 0xff, 0x10, 0x8c,
    0x3, 0xff, 0x80, 0x64, 0xb6, 0x1, 0xff, 0xc0,
    0x45, 0xf, 0x20, 0xc, 0x8e, 0x1, 0x88, 0x2,
    0x7b, 0x10, 0xa, 0x4c, 0x2, 0x1a, 0x70, 0xa,
    0x64, 0xc0, 0x1e, 0x66, 0x40, 0x7, 0x42, 0xc4,
    0x79, 0x1c, 0x2,

    /* U+24D9 "ⓙ" */
    0x0, 0xc7, 0x11, 0xe3, 0x0, 0xfa, 0x16, 0x22,
    0xb8, 0x82, 0xc0, 0x7, 0x4c, 0x98, 0x0, 0xb8,
    0x0, 0x69, 0x90, 0x4, 0xf6, 0x20, 0x12, 0xf8,
    0x4, 0x36, 0xe0, 0xf, 0x20, 0xc, 0x50, 0x1,
    0x8b, 0xc1, 0x6c, 0x3, 0x99, 0x80, 0x1d, 0x6a,
    0x46, 0x1, 0xff, 0xc0, 0x32, 0x0, 0xff, 0xe2,
    0x11, 0x80, 0x7f, 0xf0, 0xc, 0x96, 0xc0, 0x3f,
    0xf8, 0x8, 0xa1, 0xe4, 0x1, 0xc6, 0x1, 0x88,
    0x2, 0x7b, 0x10, 0x0, 0xe0, 0x80, 0x43, 0x4e,
    0x1, 0x4c, 0x98, 0x1c, 0xfc, 0x0, 0xcc, 0x80,
    0xe, 0x85, 0x8e, 0x3b, 0x88, 0x23, 0x80, 0x40,

    /* U+24DA "ⓚ" */
    0x0, 0xc7, 0x11, 0xe3, 0x0, 0xfa, 0x16, 0x23,
    0xcb, 0x0, 0x1d, 0x32, 0x60, 0x70, 0xc, 0xd3,
    0x20, 0x9, 0xec, 0x40, 0x60, 0x3, 0x86, 0xdc,
    0x1, 0xe4, 0x1, 0xfe, 0x2f, 0x5, 0xb0, 0xf,
    0xf, 0x20, 0x5, 0x6a, 0x46, 0x1, 0xed, 0x84,
    0x0, 0x8c, 0x80, 0x3e, 0xa2, 0x60, 0xf, 0x11,
    0x80, 0x79, 0x60, 0x3, 0x19, 0x2d, 0x80, 0x75,
    0x51, 0x88, 0x2, 0x45, 0xf, 0x20, 0x9, 0x0,
    0x6e, 0x80, 0x4, 0x1, 0x3d, 0x88, 0xd, 0x80,
    0x16, 0x0, 0x69, 0xc0, 0x29, 0x93, 0x0, 0x79,
    0x99, 0x0, 0x1d, 0xb, 0x11, 0xe4, 0x70, 0x8,

    /* U+24DB "ⓛ" */
    0x0, 0xc7, 0x11, 0xe3, 0x0, 0xfa, 0x16, 0x23,
    0xcb, 0x0, 0x1d, 0x32, 0x60, 0x5, 0x10, 0x1,
    0xa6, 0x40, 0x13, 0xd8, 0x80, 0x48, 0x20, 0x10,
    0xdb, 0x80, 0x3c, 0x80, 0x3f, 0xc5, 0xe0, 0xb6,
    0x1, 0xff, 0xc0, 0xb5, 0x23, 0x0, 0xff, 0xe0,
    0x19, 0x0, 0x7f, 0xf1, 0x8, 0xc0, 0x3f, 0xf8,
    0x6, 0x4b, 0x60, 0x1e, 0x60, 0xe, 0x45, 0xf,
    0x20, 0xd, 0x3c, 0x1, 0x88, 0x2, 0x7b, 0x10,
    0x9, 0xec, 0x2, 0x1a, 0x70, 0xa, 0x64, 0xc0,
    0x1e, 0x66, 0x40, 0x7, 0x42, 0xc4, 0x79, 0x1c,
    0x2,

    /* U+24DC "ⓜ" */
    0x0, 0xc7, 0x11, 0xe3, 0x0, 0xfa, 0x16, 0x23,
    0xcb, 0x0, 0x1d, 0x32, 0x60, 0xf, 0x34, 0xc8,
    0x2, 0x7b, 0x10, 0xf, 0xc3, 0x6e, 0x0, 0xf2,
    0x1a, 0x7e, 0xa3, 0xce, 0x60, 0x2f, 0x5, 0xb0,
    0x35, 0x1f, 0x58, 0xda, 0x90, 0x5, 0xa9, 0x18,
    0x4, 0xc2, 0x5c, 0x28, 0x2, 0x6, 0x40, 0x1f,
    0xfc, 0x42, 0x30, 0xf, 0xfe, 0x1, 0x92, 0xd8,
    0x18, 0x4, 0x20, 0x1e, 0x45, 0xf, 0x21, 0xf0,
    0x6, 0x28, 0x3, 0xc4, 0x80, 0x27, 0xb1, 0x0,
    0xfc, 0x34, 0xe0, 0x14, 0xc9, 0x80, 0x3c, 0xcc,
    0x80, 0xe, 0x85, 0x88, 0xf2, 0x38, 0x4,

    /* U+24DD "ⓝ" */
    0x0, 0xc7, 0x11, 0xe3, 0x0, 0xfa, 0x16, 0x23,
    0xcb, 0x0, 0x1d, 0x32, 0x60, 0xf, 0x34, 0xc8,
    0x2, 0x7b, 0x10, 0xf, 0xc3, 0x6e, 0x0, 0xf2,
    0x0, 0x14, 0xc7, 0x48, 0x4, 0x5e, 0xb, 0x60,
    0x10, 0xb6, 0xe3, 0x8, 0x5, 0x6a, 0x46, 0x1,
    0x85, 0x48, 0x48, 0x2, 0x32, 0x0, 0xff, 0xe2,
    0x11, 0x80, 0x7f, 0xf0, 0xc, 0x96, 0xc0, 0x3f,
    0xf8, 0x8, 0xa1, 0xe4, 0x0, 0x3e, 0x0, 0x71,
    0x80, 0x8, 0x2, 0x7b, 0x10, 0xf, 0xc3, 0x4e,
    0x1, 0x4c, 0x98, 0x3, 0xcc, 0xc8, 0x0, 0xe8,
    0x58, 0x8f, 0x23, 0x80, 0x40,

    /* U+24DE "ⓞ" */
    0x0, 0xc7, 0x11, 0xe3, 0x0, 0xfa, 0x16, 0x23,
    0xcb, 0x0, 0x1d, 0x32, 0x60, 0xf, 0x34, 0xc8,
    0x2, 0x7b, 0x10, 0xf, 0xc3, 0x6e, 0x0, 0xf2,
    0x0, 0xa3, 0xb9, 0x0, 0x11, 0x78, 0x2d, 0x80,
    0x4e, 0x9d, 0xea, 0xc0, 0x15, 0xa9, 0x18, 0x5,
    0x74, 0x3, 0x5a, 0x1, 0x19, 0x0, 0x7f, 0xf1,
    0x8, 0xc0, 0x2b, 0xa0, 0x5, 0x68, 0x4, 0x64,
    0xb6, 0x1, 0x3a, 0xff, 0x23, 0x0, 0x48, 0xa1,
    0xe4, 0x1, 0x4f, 0xf4, 0x80, 0x44, 0x1, 0x3d,
    0x88, 0x7, 0xe1, 0xa7, 0x0, 0xa6, 0x4c, 0x1,
    0xe6, 0x64, 0x0, 0x74, 0x2c, 0x47, 0x91, 0xc0,
    0x20,

    /* U+24DF "ⓟ" */
    0x0, 0xc7, 0x11, 0xe3, 0x0, 0xfa, 0x16, 0x23,
    0xcb, 0x0, 0x1d, 0x32, 0x60, 0xf, 0x34, 0xc8,
    0x2, 0x7b, 0x10, 0x2d, 0xae, 0xd2, 0x1, 0xb7,
    0x0, 0x79, 0x0, 0x45, 0x1c, 0x90, 0x0, 0x2f,
    0x5, 0xb0, 0xe, 0x20, 0xc7, 0x0, 0xad, 0x48,
    0xc0, 0x3e, 0x31, 0x0, 0x8c, 0x80, 0x3e, 0x31,
    0xa4, 0x0, 0xe2, 0x30, 0xe, 0x9f, 0x68, 0x0,
    0x8c, 0x96, 0xc0, 0x3a, 0xba, 0x80, 0x32, 0x28,
    0x79, 0x0, 0x7f, 0x88, 0x2, 0x7b, 0x10, 0x2e,
    0x0, 0xe1, 0xa7, 0x0, 0xa6, 0x4c, 0x2, 0x1,
    0x99, 0x90, 0x1, 0xd0, 0xb1, 0x1e, 0x47, 0x0,
    0x80,

    /* U+24E0 "ⓠ" */
    0x0, 0xc7, 0x11, 0xe3, 0x0, 0xfa, 0x16, 0x23,
    0xcb, 0x0, 0x1d, 0x32, 0x60, 0xf, 0x34, 0xc8,
    0x2, 0x7b, 0x10, 0x5, 0xf6, 0x69, 0x0, 0xdb,
    0x80, 0x3c, 0x80, 0x10, 0x1d, 0xa4, 0x1, 0x17,
    0x82, 0xd8, 0x4, 0x9a, 0x2, 0x1, 0xd6, 0xa4,
    0x60, 0x1f, 0xfc, 0x3, 0x20, 0xe, 0x4a, 0x14,
    0x0, 0xf8, 0x8c, 0x2, 0x87, 0xfe, 0x0, 0xe3,
    0x25, 0xb0, 0xd, 0x7d, 0x40, 0x1c, 0x8a, 0x1e,
    0x40, 0x1f, 0xe2, 0x0, 0x9e, 0xc4, 0x3, 0xb8,
    0x80, 0x69, 0xc0, 0x29, 0x93, 0x0, 0x61, 0x6,
    0x64, 0x0, 0x74, 0x2c, 0x47, 0x91, 0xc0, 0x20,

    /* U+24E1 "ⓡ" */
    0x0, 0xc7, 0x11, 0xe3, 0x0, 0xfa, 0x16, 0x23,
    0xcb, 0x0, 0x1d, 0x32, 0x60, 0xf, 0x34, 0xc8,
    0x2, 0x7b, 0x10, 0xf, 0xc3, 0x6e, 0x0, 0xf2,
    0x0, 0x8e, 0x63, 0x80, 0x22, 0xf0, 0x5b, 0x0,
    0xe6, 0xf, 0x0, 0xd6, 0xa4, 0x60, 0x1c, 0x30,
    0x20, 0x18, 0xc8, 0x3, 0xff, 0x88, 0x46, 0x1,
    0xff, 0xc0, 0x32, 0x5b, 0x0, 0xe3, 0x0, 0xf2,
    0x28, 0x79, 0x0, 0x47, 0xa0, 0x1c, 0x40, 0x13,
    0xd8, 0x80, 0x7e, 0x1a, 0x70, 0xa, 0x64, 0xc0,
    0x1e, 0x66, 0x40, 0x7, 0x42, 0xc4, 0x79, 0x1c,
    0x2,

    /* U+24E2 "ⓢ" */
    0x0, 0xc7, 0x11, 0xe3, 0x0, 0xfa, 0x16, 0x23,
    0xcb, 0x0, 0x1d, 0x32, 0x60, 0xf, 0x34, 0xc8,
    0x2, 0x7b, 0x10, 0xf, 0xc3, 0x6e, 0x0, 0xf2,
    0x0, 0x9b, 0xb9, 0x0, 0x11, 0x78, 0x2d, 0x80,
    0x68, 0xde, 0xa0, 0xd, 0x6a, 0x46, 0x1, 0x9f,
    0x98, 0x80, 0x31, 0x90, 0x7, 0xa7, 0xb7, 0x40,
    0x1e, 0x23, 0x0, 0xc8, 0x76, 0x40, 0x18, 0xc9,
    0x6c, 0x3, 0x77, 0x50, 0x1, 0x91, 0x43, 0xc8,
    0x2, 0xae, 0xe3, 0x80, 0x44, 0x1, 0x3d, 0x88,
    0x7, 0xe1, 0xa7, 0x0, 0xa6, 0x4c, 0x1, 0xe6,
    0x64, 0x0, 0x74, 0x2c, 0x47, 0x91, 0xc0, 0x20,

    /* U+24E3 "ⓣ" */
    0x0, 0xc7, 0x11, 0xe3, 0x0, 0xfa, 0x16, 0x23,
    0xcb, 0x0, 0x1d, 0x32, 0x60, 0x2, 0x80, 0x4d,
    0x32, 0x0, 0x9e, 0xc4, 0x2, 0xa0, 0xc, 0x36,
    0xe0, 0xf, 0x20, 0xb, 0x43, 0x9c, 0x2, 0x2f,
    0x5, 0xb0, 0xd, 0xe1, 0xce, 0x1, 0xad, 0x48,
    0xc0, 0x3f, 0xf8, 0x6, 0x40, 0x1f, 0xfc, 0x42,
    0x30, 0xc, 0x60, 0x20, 0x1c, 0x64, 0xb6, 0x1,
    0x85, 0x3e, 0x0, 0x32, 0x28, 0x79, 0x0, 0x6b,
    0xf8, 0x0, 0x88, 0x2, 0x7b, 0x10, 0xc, 0x20,
    0x10, 0xd3, 0x80, 0x53, 0x26, 0x0, 0xf3, 0x32,
    0x0, 0x3a, 0x16, 0x23, 0xc8, 0xe0, 0x10,

    /* U+24E4 "ⓤ" */
    0x0, 0xc7, 0x11, 0xe3, 0x0, 0xfa, 0x16, 0x23,
    0xcb, 0x0, 0x1d, 0x32, 0x60, 0xf, 0x34, 0xc8,
    0x2, 0x7b, 0x10, 0xf, 0xc3, 0x6e, 0x0, 0xf2,
    0x0, 0x14, 0x0, 0x20, 0x40, 0x5, 0xe0, 0xb6,
    0x1, 0x33, 0x0, 0xc, 0x40, 0x15, 0xa9, 0x18,
    0x7, 0xff, 0x0, 0xc8, 0x3, 0xff, 0x88, 0x46,
    0x1, 0x38, 0x82, 0x8, 0x6, 0x32, 0x5b, 0x0,
    0x8c, 0xdf, 0xa8, 0x20, 0x12, 0x28, 0x79, 0x0,
    0x59, 0xf3, 0x64, 0x0, 0x20, 0x9, 0xec, 0x40,
    0x3f, 0xd, 0x38, 0x5, 0x32, 0x60, 0xf, 0x33,
    0x20, 0x3, 0xa1, 0x62, 0x3c, 0x8e, 0x1, 0x0,

    /* U+24E5 "ⓥ" */
    0x0, 0xc7, 0x11, 0xe3, 0x0, 0xfa, 0x16, 0x23,
    0xcb, 0x0, 0x1d, 0x32, 0x60, 0xf, 0x34, 0xc8,
    0x2, 0x7b, 0x10, 0xf, 0xc3, 0x6e, 0x0, 0xf2,
    0x0, 0x19, 0x0, 0x8, 0xc0, 0x5, 0xe0, 0xb6,
    0x1, 0x2c, 0x0, 0x21, 0x0, 0x2b, 0x52, 0x30,
    0x9, 0xd4, 0x0, 0x8c, 0x1, 0x19, 0x0, 0x70,
    0xa2, 0xa2, 0x88, 0x7, 0x11, 0x80, 0x6e, 0xfd,
    0xd0, 0x6, 0x32, 0x5b, 0x0, 0xca, 0x8e, 0xc0,
    0x19, 0x14, 0x3c, 0x80, 0x35, 0x58, 0x6, 0x20,
    0x9, 0xec, 0x40, 0x24, 0x50, 0x8, 0x69, 0xc0,
    0x29, 0x93, 0x0, 0x79, 0x99, 0x0, 0x1d, 0xb,
    0x11, 0xe4, 0x70, 0x8,

    /* U+24E6 "ⓦ" */
    0x0, 0xc7, 0x11, 0xe3, 0x0, 0xfa, 0x16, 0x23,
    0xcb, 0x0, 0x1d, 0x32, 0x60, 0xf, 0x34, 0xc8,
    0x2, 0x7b, 0x13, 0x0, 0x11, 0x0, 0x6, 0x36,
    0xe0, 0xf, 0x20, 0xd3, 0x8, 0x90, 0x2d, 0x2,
    0xf0, 0x5b, 0x0, 0x22, 0x1, 0xd8, 0x1d, 0x40,
    0x16, 0xa4, 0x60, 0xd, 0xd1, 0x33, 0xf, 0x70,
    0x0, 0x64, 0x1, 0x91, 0xdc, 0x78, 0xa8, 0x80,
    0xc, 0x46, 0x0, 0x32, 0xcc, 0x1e, 0x11, 0x80,
    0xc, 0x96, 0xc0, 0x24, 0x65, 0x45, 0x20, 0x9,
    0x14, 0x3c, 0x80, 0x11, 0x22, 0x15, 0x0, 0x2,
    0x0, 0x9e, 0xc4, 0xd, 0x80, 0xa, 0x80, 0x34,
    0xe0, 0x14, 0xc9, 0x80, 0x3c, 0xcc, 0x80, 0xe,
    0x85, 0x88, 0xf2, 0x38, 0x4,

    /* U+24E7 "ⓧ" */
    0x0, 0xc7, 0x11, 0xe3, 0x0, 0xfa, 0x16, 0x23,
    0xcb, 0x0, 0x1d, 0x32, 0x60, 0xf, 0x34, 0xc8,
    0x2, 0x7b, 0x10, 0xf, 0xc3, 0x6e, 0x0, 0xf2,
    0x0, 0x16, 0x0, 0x2c, 0xc0, 0x5, 0xe0, 0xb6,
    0x1, 0x13, 0x4b, 0x81, 0x80, 0x56, 0xa4, 0x60,
    0x1a, 0xde, 0x68, 0x3, 0x19, 0x0, 0x7f, 0xf1,
    0x8, 0xc0, 0x35, 0xcb, 0xd8, 0x6, 0x32, 0x5b,
    0x0, 0x91, 0x9e, 0x5d, 0x0, 0x24, 0x50, 0xf2,
    0x0, 0x26, 0x0, 0x35, 0x0, 0x4, 0x1, 0x3d,
    0x88, 0x7, 0xe1, 0xa7, 0x0, 0xa6, 0x4c, 0x1,
    0xe6, 0x64, 0x0, 0x74, 0x2c, 0x47, 0x91, 0xc0,
    0x20,

    /* U+24E8 "ⓨ" */
    0x0, 0xc7, 0x11, 0xe3, 0x0, 0xfa, 0x16, 0x23,
    0xcb, 0x0, 0x1d, 0x32, 0x60, 0xf, 0x34, 0xc8,
    0x2, 0x7b, 0x10, 0x5c, 0x0, 0x2d, 0x80, 0xdb,
    0x80, 0x3c, 0x80, 0xa, 0x44, 0xf, 0xd0, 0x1,
    0x78, 0x2d, 0x80, 0x66, 0xa0, 0x46, 0x0, 0xad,
    0x48, 0xc0, 0x35, 0x32, 0x20, 0x3, 0x19, 0x0,
    0x78, 0x96, 0x3c, 0x3, 0xc4, 0x60, 0x1d, 0xc6,
    0xa0, 0x18, 0xc9, 0x6c, 0x3, 0xb5, 0x80, 0x39,
    0x14, 0x3c, 0x80, 0x3, 0x8b, 0x0, 0x18, 0x80,
    0x27, 0xb1, 0x1, 0xed, 0x10, 0x8, 0x69, 0xc0,
    0x29, 0x93, 0x1, 0x0, 0x66, 0x64, 0x0, 0x74,
    0x2c, 0x47, 0x91, 0xc0, 0x20,

    /* U+24E9 "ⓩ" */
    0x0, 0xc7, 0x11, 0xe3, 0x0, 0xfa, 0x16, 0x23,
    0xcb, 0x0, 0x1d, 0x32, 0x60, 0xf, 0x34, 0xc8,
    0x2, 0x7b, 0x10, 0xf, 0xc3, 0x6e, 0x0, 0xf2,
    0x0, 0xb7, 0xba, 0x10, 0x1, 0x78, 0x2d, 0x80,
    0x6d, 0xe4, 0x71, 0x0, 0xad, 0x48, 0xc0, 0x39,
    0x5e, 0x40, 0x31, 0x90, 0x7, 0x86, 0xf8, 0x3,
    0xe2, 0x30, 0xd, 0x4c, 0x60, 0x1c, 0x64, 0xb6,
    0x1, 0x1a, 0xb7, 0x70, 0xc0, 0x24, 0x50, 0xf2,
    0x0, 0x1f, 0x76, 0x30, 0x1, 0x0, 0x4f, 0x62,
    0x1, 0xf8, 0x69, 0xc0, 0x29, 0x93, 0x0, 0x79,
    0x99, 0x0, 0x1d, 0xb, 0x11, 0xe4, 0x70, 0x8,

    /* U+24EA "⓪" */
    0x0, 0xc7, 0x11, 0xe3, 0x0, 0xfa, 0x16, 0x23,
    0xcb, 0x0, 0x1d, 0x32, 0x60, 0x2, 0x18, 0x1,
    0xa6, 0x40, 0x13, 0xd8, 0x81, 0x74, 0xee, 0x84,
    0x6, 0xdc, 0x1, 0xe4, 0x0, 0xe4, 0xde, 0x1b,
    0x0, 0x17, 0x82, 0xd8, 0x0, 0x4e, 0x40, 0x14,
    0xa0, 0x15, 0xa9, 0x18, 0x0, 0x80, 0x80, 0x4,
    0x2, 0x0, 0x32, 0x0, 0xff, 0xe2, 0x11, 0x80,
    0x8, 0x14, 0x0, 0x42, 0x20, 0x1, 0x92, 0xd8,
    0x0, 0x52, 0x0, 0x6d, 0xc0, 0x24, 0x50, 0xf2,
    0x0, 0x50, 0x7f, 0x34, 0x80, 0x8, 0x2, 0x7b,
    0x10, 0x1c, 0xee, 0x58, 0x0, 0x69, 0xc0, 0x29,
    0x93, 0x0, 0x4, 0x40, 0x6, 0x64, 0x0, 0x74,
    0x2c, 0x47, 0x91, 0xc0, 0x20,

    /* U+24EB "⓫" */
    0x0, 0xc9, 0x5d, 0xfe, 0xc8, 0x10, 0xf, 0xd,
    0xd9, 0x44, 0x0, 0x6f, 0xcc, 0x1, 0x87, 0x10,
    0x3, 0xf4, 0xb8, 0x5, 0x64, 0xd, 0x66, 0xb,
    0x52, 0x0, 0x83, 0x2, 0x50, 0x3, 0x3b, 0x81,
    0x49, 0x40, 0x28, 0x5, 0x0, 0xff, 0xe0, 0xa0,
    0xe8, 0x7, 0xff, 0x8, 0x80, 0x3f, 0xf8, 0x9a,
    0x1, 0xff, 0xc2, 0x25, 0x0, 0xff, 0xe0, 0xa0,
    0x92, 0x80, 0x56, 0xc0, 0xd, 0xb0, 0xa, 0x0,
    0x16, 0x40, 0x7, 0x20, 0x2, 0xb8, 0x2, 0xc,
    0x0, 0x38, 0x80, 0x1f, 0xa5, 0xc0, 0x30, 0xdd,
    0x94, 0x40, 0x6, 0xfc, 0xc0, 0x10,

    /* U+24EC "⓬" */
    0x0, 0xc3, 0x19, 0xfe, 0xea, 0x40, 0xf, 0x9b,
    0x9c, 0xc0, 0x2, 0xb7, 0x61, 0x0, 0xcf, 0x20,
    0x1f, 0x93, 0x0, 0x23, 0x83, 0xad, 0x11, 0x55,
    0x31, 0x80, 0xa8, 0x1, 0x0, 0x3e, 0x40, 0x3d,
    0x5b, 0x22, 0xa, 0x42, 0x80, 0x48, 0x1, 0x20,
    0x8, 0x10, 0x1, 0x48, 0x3, 0xf9, 0x80, 0xc0,
    0x1c, 0x1, 0xfc, 0x31, 0x0, 0xc, 0x40, 0x1f,
    0xb5, 0x5c, 0x2, 0xe1, 0x40, 0xf, 0x58, 0xd0,
    0x6, 0x50, 0x80, 0x9, 0x84, 0x88, 0x91, 0x28,
    0xc, 0x40, 0x70, 0x3, 0x20, 0x53, 0x39, 0xe,
    0x40, 0x27, 0x90, 0xf, 0xcb, 0xa0, 0x1c, 0xdc,
    0xe6, 0x0, 0x15, 0xba, 0x10, 0x0,

    /* U+24ED "⓭" */
    0x0, 0xc3, 0x19, 0xfe, 0xea, 0x40, 0xf, 0x9b,
    0x9c, 0xc0, 0x2, 0xb7, 0x82, 0x1, 0x9e, 0x40,
    0x3f, 0x1f, 0x88, 0x0, 0xe0, 0xa3, 0x4, 0x23,
    0xb9, 0x20, 0x3a, 0x0, 0x80, 0x11, 0x18, 0x3,
    0xb9, 0x8c, 0xa0, 0x68, 0x28, 0x7, 0x0, 0x13,
    0x1, 0x80, 0x80, 0x34, 0x80, 0x3f, 0x57, 0xba,
    0x0, 0x8, 0x3, 0xfa, 0x20, 0xe8, 0x1, 0x10,
    0x7, 0xe2, 0x64, 0xe0, 0x1, 0xa, 0x0, 0x71,
    0x40, 0xa, 0xe8, 0x3, 0x42, 0x0, 0x25, 0x13,
    0xa, 0xa4, 0xb8, 0x22, 0x0, 0xe0, 0x6, 0x80,
    0x62, 0xad, 0xc0, 0x68, 0x2, 0x79, 0x0, 0xfc,
    0x9e, 0x20, 0x19, 0xba, 0xc, 0x0, 0x2b, 0x76,
    0x10, 0x0,

    /* U+24EE "⓮" */
    0x0, 0xc2, 0xf9, 0xfe, 0xeb, 0x50, 0xf, 0x9b,
    0xa0, 0xc0, 0x2, 0x95, 0x84, 0x1, 0x9e, 0x40,
    0x3f, 0x1e, 0x10, 0x0, 0xe0, 0x5f, 0x0, 0x35,
    0x60, 0xf, 0x0, 0x20, 0x13, 0xc, 0x40, 0xc,
    0x86, 0x0, 0x35, 0x14, 0x5, 0xa0, 0x8, 0x62,
    0x40, 0x37, 0x90, 0x7, 0xd0, 0xe4, 0x1, 0x98,
    0x3, 0xe2, 0x78, 0x0, 0xf1, 0x0, 0x78, 0x68,
    0x8, 0x4, 0x0, 0xc2, 0x80, 0x1c, 0x68, 0x24,
    0x2, 0x0, 0xf0, 0x80, 0x9, 0x84, 0x2, 0x66,
    0x0, 0xd, 0x40, 0xe0, 0x6, 0x40, 0x31, 0xc8,
    0xf, 0x0, 0x4f, 0x20, 0x1f, 0x8f, 0xc8, 0x3,
    0x37, 0x41, 0x80, 0x5, 0x6b, 0x4, 0x0,

    /* U+24EF "⓯" */
    0x0, 0xc3, 0x19, 0xfe, 0xea, 0x40, 0xf, 0x9b,
    0x9c, 0xc0, 0x2, 0xb7, 0x82, 0x1, 0x9e, 0x40,
    0x3f, 0x1f, 0x88, 0x0, 0xe0, 0x5f, 0x0, 0x11,
    0x99, 0x20, 0xe8, 0x2, 0x0, 0xb8, 0xc4, 0xd,
    0x7b, 0x8a, 0x6, 0x82, 0x80, 0x70, 0x1, 0x3f,
    0x1, 0x8, 0x3, 0x48, 0x3, 0xf5, 0xf7, 0x8,
    0x0, 0x40, 0x1f, 0xb3, 0x23, 0x80, 0x8, 0x80,
    0x3f, 0xce, 0x20, 0x2, 0x14, 0x0, 0xe1, 0x80,
    0x14, 0xd0, 0x6, 0x84, 0x0, 0x4a, 0x21, 0xf5,
    0x48, 0x60, 0x44, 0x1, 0xc0, 0xd, 0x0, 0xbd,
    0x5b, 0x0, 0xd0, 0x4, 0xf2, 0x1, 0xf9, 0x3c,
    0x40, 0x33, 0x74, 0x18, 0x0, 0x56, 0xec, 0x20,
    0x0,

    /* U+24F0 "⓰" */
    0x0, 0xc3, 0x19, 0xfe, 0xea, 0x40, 0xf, 0x9b,
    0x9c, 0xc0, 0x2, 0xb7, 0x82, 0x1, 0x9e, 0x40,
    0x3c, 0x40, 0x7e, 0x20, 0x3, 0x83, 0xbf, 0x10,
    0x3e, 0xfe, 0x51, 0xa0, 0x4, 0x0, 0xe0, 0x5,
    0xd3, 0xbe, 0xa0, 0x88, 0x14, 0x2, 0x60, 0x1,
    0x11, 0xc0, 0x40, 0x2d, 0x20, 0xf, 0x30, 0xd7,
    0x69, 0x0, 0x8, 0x3, 0xf0, 0xcf, 0x3c, 0x0,
    0x44, 0x1, 0xe6, 0x3, 0xc, 0x10, 0x1, 0xa,
    0x0, 0x71, 0x1a, 0x86, 0x60, 0x1, 0x41, 0x0,
    0x12, 0x88, 0x6e, 0x56, 0xb8, 0x21, 0x81, 0xc0,
    0xd, 0x0, 0x6, 0x69, 0xc0, 0xa8, 0x2, 0x79,
    0x0, 0xfc, 0x98, 0x20, 0x19, 0xba, 0xc, 0x0,
    0x2b, 0x76, 0x10, 0x0,

    /* U+24F1 "⓱" */
    0x0, 0xc3, 0x19, 0xfe, 0xea, 0x40, 0xf, 0x9b,
    0x9c, 0xc0, 0x2, 0xb7, 0x61, 0x0, 0xcf, 0x20,
    0x1f, 0x93, 0x4, 0x0, 0x70, 0x71, 0x82, 0x6,
    0x75, 0x39, 0x58, 0x2, 0x0, 0xe4, 0xc0, 0x6,
    0x60, 0x46, 0x5, 0x21, 0x40, 0xf, 0xd0, 0xc2,
    0x0, 0x52, 0x0, 0xfc, 0x29, 0x40, 0x16, 0x80,
    0x7f, 0x28, 0x90, 0x6, 0x20, 0xf, 0xc6, 0x40,
    0x1b, 0x45, 0x0, 0x3e, 0xe6, 0x0, 0xca, 0x10,
    0x1, 0x30, 0x5, 0xfe, 0x0, 0x94, 0x80, 0xe0,
    0x6, 0x44, 0x0, 0xca, 0x0, 0x2b, 0x0, 0x9e,
    0x40, 0x3f, 0x26, 0x8, 0x6, 0x6e, 0x73, 0x0,
    0xa, 0xdd, 0x84, 0x0,

    /* U+24F2 "⓲" */
    0x0, 0xc3, 0x19, 0xfe, 0xea, 0x40, 0xf, 0x9b,
    0x9c, 0xc0, 0x2, 0xb7, 0x61, 0x0, 0xcf, 0x20,
    0x1f, 0x93, 0x4, 0x0, 0x70, 0xb9, 0xc2, 0x5,
    0x2d, 0x42, 0x56, 0x0, 0x80, 0x5f, 0x10, 0x4,
    0x63, 0x6c, 0x2, 0x90, 0xa0, 0x0, 0x80, 0x23,
    0xf0, 0xe1, 0x0, 0x29, 0x0, 0x7d, 0x9, 0xa9,
    0x0, 0xd, 0x0, 0xfd, 0x73, 0xc1, 0x0, 0x11,
    0x0, 0x7c, 0xac, 0x72, 0xc0, 0xd, 0x14, 0x0,
    0xf0, 0xa0, 0x11, 0x0, 0xa, 0x10, 0x1, 0x10,
    0x2, 0xa3, 0xaf, 0x81, 0x48, 0xe, 0x0, 0x74,
    0x41, 0x37, 0xb4, 0x89, 0x60, 0x13, 0xc8, 0x7,
    0xe4, 0xc1, 0x0, 0xcd, 0xce, 0x60, 0x1, 0x5b,
    0xb0, 0x80, 0x0,

    /* U+24F3 "⓳" */
    0x0, 0xc3, 0x19, 0xfe, 0xea, 0x40, 0xf, 0x9b,
    0x9c, 0xc0, 0x2, 0xb7, 0x61, 0x0, 0xcf, 0x20,
    0x1f, 0x93, 0x4, 0x0, 0x70, 0x2f, 0x80, 0x4,
    0xde, 0x80, 0x2b, 0x0, 0x40, 0x2f, 0x18, 0x85,
    0xcf, 0x23, 0x2, 0x90, 0xa0, 0x24, 0x0, 0x8,
    0x10, 0x2f, 0x40, 0xa, 0x40, 0x1e, 0x20, 0x62,
    0xc6, 0x0, 0x68, 0x7, 0xeb, 0xd8, 0x31, 0x0,
    0x88, 0x3, 0xe4, 0xba, 0x5, 0x0, 0x68, 0xa0,
    0x7, 0x90, 0x5, 0xac, 0x0, 0xa1, 0x0, 0x12,
    0x88, 0x1d, 0xdb, 0x48, 0x14, 0x80, 0xe0, 0x6,
    0x80, 0xf, 0x74, 0x60, 0x56, 0x1, 0x3c, 0x80,
    0x7e, 0x4c, 0x10, 0xc, 0xdc, 0xe6, 0x0, 0x15,
    0xbb, 0x8, 0x0,

    /* U+24F4 "⓴" */
    0x0, 0xc3, 0x19, 0xfe, 0xea, 0x40, 0xf, 0x9b,
    0x9c, 0xc0, 0x2, 0xb7, 0x82, 0x1, 0x9e, 0x45,
    0x4c, 0x2, 0x44, 0x1f, 0x88, 0x0, 0xe1, 0x33,
    0x1a, 0xc1, 0x7f, 0x16, 0x3a, 0x0, 0x80, 0x4c,
    0x9b, 0xb1, 0xad, 0xea, 0x20, 0xd0, 0x50, 0x0,
    0x20, 0x12, 0x28, 0x9, 0x60, 0x69, 0x0, 0x77,
    0x2f, 0x8, 0x0, 0x48, 0x8, 0x3, 0x95, 0x52,
    0x20, 0x18, 0xc0, 0x4, 0x1, 0x15, 0x58, 0xeb,
    0x0, 0xb, 0xc0, 0x85, 0x0, 0x7d, 0x5c, 0x90,
    0x88, 0x80, 0xe1, 0xa1, 0x0, 0xa8, 0x77, 0x60,
    0xd8, 0xfd, 0x14, 0x40, 0x1c, 0x24, 0xce, 0x13,
    0xab, 0x31, 0xa0, 0x9, 0xe4, 0x3, 0xf2, 0x78,
    0x80, 0x66, 0xe8, 0x30, 0x0, 0xad, 0xd8, 0x40,
    0x0,

    /* U+24F5 "⓵" */
    0x0, 0xc4, 0xd3, 0x76, 0x96, 0x30, 0xf, 0x9a,
    0x86, 0xae, 0xe0, 0xb7, 0x0, 0xe7, 0xb, 0x73,
    0x24, 0x26, 0xa0, 0x70, 0x9, 0x48, 0x86, 0x1b,
    0xab, 0x0, 0x12, 0x93, 0x0, 0xc, 0x90, 0x1,
    0x92, 0x1, 0x88, 0xc8, 0x88, 0xa4, 0x1, 0x8,
    0x7, 0x91, 0xd0, 0x81, 0x80, 0x3f, 0xc4, 0xc0,
    0x1, 0x0, 0xff, 0xe1, 0x10, 0x28, 0x7, 0xf9,
    0x1c, 0x11, 0x0, 0x1f, 0xf1, 0xb2, 0x1, 0xa3,
    0x0, 0x46, 0x20, 0x12, 0xa1, 0x10, 0x15, 0x67,
    0x0, 0x2f, 0x0, 0x18, 0x51, 0x80, 0x27, 0x52,
    0x66, 0xf1, 0x1b, 0x80, 0x73, 0x38, 0x7, 0x9d,
    0xc0, 0x10,

    /* U+24F6 "⓶" */
    0x0, 0xc4, 0xd3, 0x76, 0x96, 0x30, 0xf, 0x9a,
    0x86, 0xae, 0xe0, 0xb7, 0x0, 0xe7, 0xb, 0x73,
    0x43, 0x26, 0xa0, 0x70, 0x9, 0x49, 0x4d, 0x7a,
    0x37, 0x88, 0x8a, 0x4c, 0x0, 0x33, 0x80, 0x1b,
    0x9c, 0x56, 0x4, 0x64, 0x44, 0x53, 0x0, 0x29,
    0x80, 0x18, 0xc0, 0x8, 0xe8, 0x40, 0xe0, 0x1c,
    0x2b, 0xc0, 0x2, 0x60, 0x0, 0x88, 0x3, 0xb5,
    0x90, 0x3, 0x88, 0x14, 0x2, 0x1c, 0x59, 0x0,
    0x91, 0xc1, 0x10, 0x1, 0x16, 0x35, 0x91, 0x0,
    0x6, 0xc8, 0x6, 0x8c, 0x1c, 0x4b, 0xbb, 0xa,
    0xa1, 0x10, 0x15, 0x67, 0xcf, 0xfe, 0x71, 0x46,
    0x0, 0x9d, 0x49, 0x9b, 0xc4, 0x6e, 0x1, 0xcc,
    0xe0, 0x1e, 0x77, 0x0, 0x40,

    /* U+24F7 "⓷" */
    0x0, 0xc4, 0xd3, 0x76, 0x96, 0x30, 0xf, 0x9a,
    0x86, 0xae, 0xe0, 0xb7, 0x0, 0xe7, 0xc, 0x73,
    0x32, 0x13, 0x50, 0x38, 0x4, 0xa4, 0x44, 0x3e,
    0xe4, 0xfa, 0x12, 0x93, 0x0, 0xc, 0x90, 0xb,
    0x76, 0x58, 0x2, 0x32, 0x22, 0x20, 0x80, 0x2,
    0x60, 0x6, 0x50, 0x2, 0x3a, 0x10, 0x30, 0x6,
    0xcf, 0x79, 0x0, 0x13, 0x0, 0x4e, 0x1, 0xba,
    0xde, 0x80, 0x38, 0x80, 0x80, 0x31, 0x24, 0x28,
    0x82, 0x38, 0x22, 0x0, 0x27, 0x50, 0x6, 0x80,
    0x81, 0xb2, 0x1, 0xa3, 0x81, 0x5f, 0xf9, 0xec,
    0x15, 0x8, 0x80, 0xaa, 0x47, 0x5e, 0xe6, 0xf2,
    0x30, 0xa3, 0x0, 0x4e, 0xa4, 0xcc, 0x74, 0x66,
    0x11, 0xb8, 0x7, 0x33, 0x80, 0x79, 0xdc, 0x1,
    0x0,

    /* U+24F8 "⓸" */
    0x0, 0xc4, 0xd3, 0x76, 0x96, 0x30, 0xf, 0x9a,
    0x82, 0xae, 0xd4, 0x16, 0xe0, 0x1c, 0xe3, 0x6c,
    0x60, 0x46, 0xd4, 0xe, 0x1, 0x29, 0x21, 0x80,
    0x27, 0x54, 0x9, 0x49, 0x80, 0x6, 0x70, 0x1,
    0x5c, 0x80, 0x22, 0x32, 0x22, 0x29, 0x0, 0xa,
    0xf4, 0x3, 0x91, 0xd0, 0x9d, 0x40, 0x1d, 0x26,
    0x60, 0xc, 0x4c, 0x0, 0x73, 0x9, 0x76, 0x10,
    0x30, 0xf, 0x10, 0xb8, 0x32, 0x77, 0x6, 0x60,
    0x0, 0x8e, 0x8, 0x83, 0xf, 0xfc, 0x35, 0x0,
    0x3, 0x64, 0x3, 0x56, 0x0, 0xfc, 0xa8, 0x44,
    0x5, 0x42, 0x60, 0xb, 0x14, 0x18, 0x51, 0x80,
    0x27, 0x23, 0x66, 0x91, 0x98, 0x46, 0xe0, 0x1c,
    0xce, 0x1, 0xe7, 0x70, 0x4,

    /* U+24F9 "⓹" */
    0x0, 0xc4, 0xd3, 0x76, 0x96, 0x30, 0xf, 0x9a,
    0x86, 0xae, 0xe0, 0xb7, 0x0, 0xe7, 0xb, 0x71,
    0x22, 0x3, 0xd0, 0x38, 0x4, 0xa4, 0x43, 0xd,
    0xdd, 0x44, 0xa4, 0xc0, 0x3, 0x24, 0x0, 0xb7,
    0xfd, 0x60, 0x46, 0x44, 0x45, 0x20, 0x0, 0x81,
    0x90, 0x6, 0x47, 0x42, 0x6, 0x0, 0x10, 0x67,
    0xf9, 0x40, 0x4, 0xc0, 0x1, 0x0, 0x8f, 0x76,
    0x8a, 0x10, 0xc, 0x40, 0xa0, 0x11, 0x0, 0x14,
    0xc, 0x11, 0xc1, 0x10, 0x1, 0x3a, 0x0, 0x2c,
    0x48, 0xd, 0x90, 0xd, 0x1c, 0xa, 0xbb, 0xd3,
    0x41, 0x50, 0x88, 0xa, 0xa4, 0x75, 0xef, 0xed,
    0x36, 0x14, 0x60, 0x9, 0xd4, 0x99, 0x8e, 0xe6,
    0x61, 0x1b, 0x80, 0x73, 0x38, 0x7, 0x9d, 0xc0,
    0x10,

    /* U+24FA "⓺" */
    0x0, 0xc4, 0xd3, 0x76, 0x96, 0x30, 0xf, 0x9a,
    0x86, 0xae, 0xe0, 0xb7, 0x0, 0xe7, 0xb, 0x73,
    0x32, 0x1b, 0x50, 0x38, 0x4, 0xa4, 0x43, 0x1c,
    0xc4, 0xf2, 0x92, 0x93, 0x0, 0xc, 0x90, 0x29,
    0xff, 0x74, 0xa0, 0x46, 0x44, 0x45, 0x20, 0x14,
    0x80, 0x12, 0x0, 0x91, 0xd0, 0x81, 0x80, 0x82,
    0xfb, 0xf4, 0x80, 0x4, 0xc0, 0x1, 0x0, 0x38,
    0x77, 0x4d, 0x0, 0x1c, 0x40, 0xa0, 0xc0, 0xe0,
    0xc, 0x60, 0x2, 0x38, 0x22, 0x0, 0x4, 0x70,
    0x0, 0xb5, 0x0, 0x1b, 0x20, 0x1a, 0x30, 0x72,
    0xf7, 0xbc, 0x2, 0xa1, 0x10, 0x15, 0x67, 0x2c,
    0xfe, 0xb1, 0x61, 0x46, 0x0, 0x9d, 0x49, 0x98,
    0xee, 0x66, 0x11, 0xb8, 0x7, 0x33, 0x80, 0x79,
    0xdc, 0x1, 0x0,

    /* U+24FB "⓻" */
    0x0, 0xc4, 0xd3, 0x76, 0x96, 0x30, 0xf, 0x9a,
    0x86, 0xae, 0xe0, 0xb7, 0x0, 0xe7, 0xb, 0x51,
    0x22, 0x2, 0x50, 0x38, 0x4, 0xa4, 0x43, 0xfd,
    0xdd, 0xe4, 0xa4, 0xc0, 0x3, 0x24, 0xd, 0xff,
    0x70, 0xf0, 0x11, 0x91, 0x11, 0x48, 0x3, 0xad,
    0x8c, 0x0, 0x8e, 0x84, 0xc, 0x1, 0x89, 0x64,
    0x2, 0x26, 0x0, 0x8, 0x7, 0x52, 0x8, 0x7,
    0x88, 0x14, 0x3, 0x2e, 0x0, 0x64, 0x70, 0x44,
    0x0, 0x71, 0x10, 0x3, 0x1b, 0x20, 0x1a, 0x30,
    0x0, 0x41, 0x80, 0x25, 0x42, 0x20, 0x2a, 0xce,
    0x3, 0xa6, 0x0, 0x61, 0x46, 0x0, 0x9d, 0x49,
    0x98, 0x8c, 0xd1, 0x1b, 0x80, 0x73, 0x38, 0x7,
    0x9d, 0xc0, 0x10,

    /* U+24FC "⓼" */
    0x0, 0xc4, 0xd3, 0x76, 0x96, 0x30, 0xf, 0x9a,
    0x86, 0xae, 0xe0, 0xb7, 0x0, 0xe7, 0xb, 0x76,
    0xab, 0x46, 0xa0, 0x70, 0x9, 0x48, 0x86, 0xb7,
    0xfe, 0xb7, 0x25, 0x26, 0x0, 0x19, 0x20, 0x63,
    0xaa, 0x5e, 0x1, 0x19, 0x11, 0x14, 0x80, 0x18,
    0xea, 0x1b, 0x80, 0x4, 0x74, 0x20, 0x60, 0x2,
    0xa5, 0x7b, 0xb8, 0x0, 0x4c, 0x0, 0x10, 0xa,
    0x7, 0xe8, 0x64, 0x3, 0x88, 0x14, 0x0, 0xf2,
    0xb, 0xcc, 0x20, 0x8e, 0x8, 0x80, 0x8, 0x54,
    0x0, 0xa0, 0x20, 0x6c, 0x80, 0x68, 0xc1, 0xb5,
    0xdb, 0x16, 0xa, 0x84, 0x40, 0x55, 0x9c, 0xf7,
    0xf3, 0x91, 0x85, 0x18, 0x2, 0x75, 0x26, 0x63,
    0xb9, 0x98, 0x46, 0xe0, 0x1c, 0xce, 0x1, 0xe7,
    0x70, 0x4,

    /* U+24FD "⓽" */
    0x0, 0xc4, 0xd3, 0x76, 0x96, 0x30, 0xf, 0x9a,
    0x86, 0xae, 0xe0, 0xb7, 0x0, 0xe7, 0xb, 0x77,
    0x55, 0xbb, 0x50, 0x38, 0x4, 0xa4, 0x43, 0x4b,
    0xce, 0xb7, 0x25, 0x26, 0x0, 0x19, 0x20, 0x7b,
    0x31, 0x6a, 0x0, 0x8c, 0x88, 0x8a, 0x40, 0x10,
    0x80, 0x14, 0xc, 0x11, 0xd0, 0x81, 0x80, 0x18,
    0xc8, 0x74, 0xe, 0x4, 0xc0, 0x1, 0x0, 0x9e,
    0x62, 0x1e, 0xe, 0x1, 0x88, 0x14, 0x2, 0x7c,
    0xb0, 0x1, 0x82, 0x38, 0x22, 0x0, 0x21, 0x40,
    0x19, 0x60, 0x1, 0xb2, 0x1, 0xa3, 0x2, 0xd7,
    0xf3, 0xc8, 0x2a, 0x11, 0x1, 0x56, 0x74, 0xed,
    0xea, 0x6, 0x14, 0x60, 0x9, 0xd4, 0x99, 0x88,
    0xec, 0xc2, 0x37, 0x0, 0xe6, 0x70, 0xf, 0x3b,
    0x80, 0x20,

    /* U+24FE "⓾" */
    0x0, 0xc4, 0xd3, 0x76, 0x96, 0x30, 0xf, 0x9a,
    0x86, 0xae, 0xd4, 0x16, 0xe0, 0x1c, 0xe3, 0x6c,
    0x60, 0x12, 0xd0, 0x38, 0x4, 0xa4, 0x73, 0xca,
    0x11, 0xba, 0xa5, 0x26, 0x0, 0x19, 0x97, 0x0,
    0x4, 0xf9, 0x87, 0x33, 0x11, 0x11, 0x48, 0x58,
    0x41, 0x8, 0xb2, 0x21, 0xd0, 0x81, 0x80, 0x30,
    0x88, 0x0, 0x24, 0x46, 0x0, 0xff, 0xe2, 0x90,
    0xb8, 0x6, 0x22, 0x0, 0x8, 0x88, 0xe0, 0x88,
    0x30, 0xc, 0x82, 0x66, 0x14, 0x36, 0x40, 0x35,
    0x60, 0x8, 0x63, 0x31, 0x28, 0x82, 0x20, 0x2a,
    0x13, 0xf2, 0x83, 0xf7, 0x0, 0x51, 0x80, 0x27,
    0x22, 0x33, 0x67, 0x71, 0x1b, 0x80, 0x73, 0x38,
    0x7, 0x9d, 0xc0, 0x10,

    /* U+24FF "⓿" */
    0x0, 0xc5, 0x3b, 0xfe, 0xd9, 0x30, 0xf, 0xa7,
    0x58, 0x80, 0x4, 0xd9, 0x20, 0x1d, 0x4c, 0x1,
    0xf9, 0xa8, 0x2, 0x65, 0x0, 0xa6, 0x70, 0x4,
    0xac, 0x0, 0x80, 0xa, 0x42, 0x64, 0x12, 0x1,
    0x40, 0x20, 0x80, 0x4d, 0xa0, 0xd, 0x60, 0x8,
    0x50, 0x80, 0x22, 0x6, 0x0, 0x30, 0x10, 0x4,
    0x40, 0x1e, 0x10, 0x0, 0x80, 0x78, 0x80, 0x22,
    0x16, 0x0, 0x28, 0x90, 0x4, 0x48, 0x20, 0x14,
    0xc8, 0x6, 0xe4, 0x2, 0x14, 0x8, 0x0, 0x9e,
    0xae, 0xad, 0xc0, 0x28, 0x0, 0x32, 0x80, 0x4d,
    0x76, 0x60, 0x9, 0x58, 0x2, 0xa7, 0x0, 0xfc,
    0xf4, 0x1, 0xd1, 0xac, 0x40, 0x2, 0x6d, 0x80,
    0x8,

    /* U+2500 "─" */
    0xaa, 0xff, 0xea, 0x0,

    /* U+2501 "━" */
    0x0, 0xff, 0xe2, 0x7f, 0xff, 0xf1, 0x4, 0x7f,
    0xf8, 0x80,

    /* U+2502 "│" */
    0x0, 0xc, 0x0, 0x7f, 0xf4, 0x80,

    /* U+2503 "┃" */
    0x0, 0x7f, 0x80, 0x3f, 0xfa, 0x2, 0x20,

    /* U+2504 "┄" */
    0xa, 0xa9, 0x1, 0xaa, 0x92, 0x5, 0x55, 0x18,
    0x55, 0x48, 0xd, 0x54, 0x90, 0x2a, 0xa8, 0xc0,

    /* U+2505 "┅" */
    0x0, 0xff, 0xe2, 0xf, 0xfc, 0xe1, 0x5f, 0xee,
    0x3, 0xff, 0x94, 0x4, 0x70, 0x18, 0x88, 0x80,
    0x47, 0x0,

    /* U+2506 "┆" */
    0x18, 0x0, 0xc3, 0x80, 0x83, 0x0, 0x18, 0x74,
    0x14, 0x10, 0x70, 0x3, 0x0,

    /* U+2507 "┇" */
    0xff, 0x0, 0x67, 0x74, 0x43, 0xb8, 0x22, 0x0,
    0x33, 0x26, 0x51, 0x7, 0x70, 0x6,

    /* U+2508 "┈" */
    0x7a, 0xa1, 0x4d, 0x50, 0x26, 0xa8, 0x13, 0x54,
    0x7, 0xaa, 0x14, 0xd5, 0x2, 0x6a, 0x81, 0x35,
    0x40,

    /* U+2509 "┉" */
    0x0, 0xff, 0xe2, 0x5f, 0xf9, 0x3b, 0xfc, 0x3d,
    0xfe, 0x1e, 0xff, 0x8, 0xe7, 0x21, 0x10, 0x10,
    0x88, 0x8, 0x44, 0x0,

    /* U+250A "┊" */
    0x18, 0x0, 0xc3, 0x23, 0x20, 0x1, 0xb1, 0x50,
    0xe0, 0x0, 0xc8, 0xc8, 0x6,

    /* U+250B "┋" */
    0xff, 0x0, 0x6d, 0xdc, 0x0, 0xaa, 0x4c, 0x8c,
    0xc0, 0xc, 0xcc, 0x1, 0x80,

    /* U+250C "┌" */
    0xa, 0xaf, 0xc4, 0x25, 0x55, 0xf1, 0x0, 0x7f,
    0xfc, 0x78, 0x3, 0xf0,

    /* U+250D "┍" */
    0x0, 0xff, 0xf, 0xff, 0xe3, 0x0, 0x8, 0xfc,
    0x0, 0x7e, 0xef, 0x8c, 0x3, 0xff, 0xcf, 0xe0,
    0x1f, 0x80,

    /* U+250E "┎" */
    0x9a, 0xaf, 0xcc, 0xb5, 0x5f, 0x0, 0x7f, 0xfa,
    0x95, 0x40, 0x1f, 0x0,

    /* U+250F "┏" */
    0x0, 0xfe, 0xff, 0xfe, 0x0, 0x8, 0xfc, 0x0,
    0xee, 0xf8, 0x3, 0xff, 0xc2, 0x22, 0x0, 0xf8,

    /* U+2510 "┐" */
    0x7a, 0xaf, 0x95, 0xea, 0xbd, 0x7a, 0x1, 0xff,
    0xf2, 0xe0,

    /* U+2511 "┑" */
    0x0, 0xfe, 0xcf, 0xff, 0xa1, 0x84, 0x7e, 0xa,
    0xee, 0xf7, 0x80, 0x7f, 0xfa, 0xbc,

    /* U+2512 "┒" */
    0xaa, 0xfd, 0x35, 0x5f, 0x2b, 0x0, 0x7f, 0xfc,
    0x55, 0x40,

    /* U+2513 "┓" */
    0x0, 0xfe, 0xff, 0xfe, 0x11, 0xf8, 0x1, 0xdd,
    0xf0, 0x7, 0xff, 0xa8, 0x44,

    /* U+2514 "└" */
    0x2, 0x0, 0xfc, 0x34, 0x1, 0xff, 0xf9, 0x5a,
    0xaf, 0x88, 0x76, 0xab, 0xe2,

    /* U+2515 "┕" */
    0x0, 0xff, 0xc, 0x0, 0x7f, 0xfe, 0x5f, 0xff,
    0xe3, 0x1, 0x1f, 0xc0,

    /* U+2516 "┖" */
    0x44, 0x0, 0x7d, 0x76, 0x0, 0xff, 0xf9, 0xd5,
    0x7d, 0xfe, 0xaa, 0xf8,

    /* U+2517 "┗" */
    0x11, 0x0, 0x7d, 0xdc, 0x0, 0xff, 0xf9, 0xff,
    0xfc, 0x42, 0x3f, 0x80,

    /* U+2518 "┘" */
    0x0, 0xfc, 0x40, 0x1f, 0xd, 0x0, 0x7f, 0xfa,
    0x9e, 0xab, 0xd6, 0xf, 0x55, 0xf4, 0x0,

    /* U+2519 "┙" */
    0x0, 0xff, 0xe2, 0xc, 0x0, 0x7f, 0xfa, 0xc,
    0x33, 0xff, 0xda, 0xc, 0x23, 0xf7, 0x80,

    /* U+251A "┚" */
    0x0, 0xf9, 0x10, 0x1, 0xf5, 0xd8, 0x3, 0xff,
    0xd5, 0x55, 0xf0, 0x2, 0xab, 0xef, 0xf0,

    /* U+251B "┛" */
    0x0, 0xf8, 0x44, 0x1, 0xf7, 0x70, 0x3, 0xff,
    0xd5, 0xff, 0xf0, 0x0, 0x47, 0xf1, 0x0,

    /* U+251C "├" */
    0x0, 0xff, 0xc, 0x0, 0x7f, 0xfe, 0x4d, 0x57,
    0xe1, 0x1, 0x1f, 0xe0, 0x24, 0x4f, 0x80, 0x3f,
    0xfe, 0x20,

    /* U+251D "┝" */
    0x0, 0xff, 0xc, 0x0, 0x7f, 0xfe, 0x5f, 0xff,
    0xe3, 0x0, 0x8, 0xfc, 0x0, 0x7e, 0xef, 0x8c,
    0x3, 0xff, 0xe0,

    /* U+251E "┞" */
    0x44, 0x0, 0x7d, 0x76, 0x0, 0xff, 0xf9, 0xd5,
    0x7f, 0xf1, 0x0, 0x3f, 0xfd, 0x4c, 0xc0, 0xf,
    0x80,

    /* U+251F "┟" */
    0x0, 0xfe, 0x55, 0x0, 0x7f, 0xfc, 0x77, 0x19,
    0xbe, 0x76, 0x22, 0xf8, 0x0, 0x89, 0xf0, 0x7,
    0xff, 0x84, 0x44, 0x1, 0xf0,

    /* U+2520 "┠" */
    0x0, 0xfe, 0xff, 0x0, 0x7f, 0xfc, 0xd5, 0x7e,
    0x0, 0x8, 0xfc, 0x0, 0x44, 0xf8, 0x3, 0xff,
    0xc2, 0x22, 0x0, 0xf8,

    /* U+2521 "┡" */
    0x11, 0x0, 0x7d, 0xdc, 0x0, 0xff, 0xf9, 0xff,
    0xfc, 0x23, 0xfd, 0x76, 0xee, 0xf8, 0x3, 0xff,
    0xc2, 0x22, 0x0, 0xf8,

    /* U+2522 "┢" */
    0x0, 0xfe, 0x55, 0x0, 0x7f, 0xfc, 0x6a, 0x9f,
    0xff, 0x0, 0x4, 0x7e, 0x0, 0x77, 0x7c, 0x1,
    0xff, 0xe1, 0x11, 0x0, 0x7c,

    /* U+2523 "┣" */
    0x0, 0xfe, 0xff, 0x0, 0x7f, 0xfc, 0xff, 0xfe,
    0x0, 0x8, 0xfc, 0x0, 0xee, 0xf8, 0x3, 0xff,
    0xc2, 0x22, 0x0, 0xf8,

    /* U+2524 "┤" */
    0x0, 0xff, 0xe2, 0xc, 0x0, 0x7f, 0xfa, 0x91,
    0x57, 0xce, 0xe, 0x23, 0xe3, 0x3, 0x44, 0xf8,
    0x3, 0xff, 0xd6,

    /* U+2525 "┥" */
    0x0, 0xff, 0xe2, 0xc, 0x0, 0x7f, 0xfa, 0xb3,
    0xff, 0xdc, 0xe, 0x23, 0xf0, 0x5f, 0x77, 0xbc,
    0x3, 0xff, 0xd6,

    /* U+2526 "┦" */
    0x0, 0xf8, 0x44, 0x1, 0xf7, 0x70, 0x3, 0xff,
    0xd4, 0xcd, 0xf0, 0x1, 0x57, 0xe8, 0x81, 0x9f,
    0xc4, 0x40, 0xf, 0xff, 0x40, 0x88,

    /* U+2527 "┧" */
    0x0, 0xf8, 0x44, 0x1, 0xf2, 0x20, 0x3, 0xff,
    0xd5, 0x55, 0xf7, 0x72, 0xab, 0xe4, 0x40, 0x7,
    0xff, 0xc5, 0x54,

    /* U+2528 "┨" */
    0x0, 0xff, 0xe2, 0x7f, 0x80, 0x3f, 0xfd, 0x4a,
    0xbf, 0x0, 0x4, 0x7e, 0x0, 0x22, 0x7c, 0x1,
    0xff, 0xea, 0x11, 0x0,

    /* U+2529 "┩" */
    0x0, 0xff, 0xe2, 0x7f, 0x80, 0x3f, 0xfd, 0x5f,
    0xff, 0x0, 0x4, 0x7e, 0x1, 0xee, 0xfa, 0xac,
    0x3, 0xff, 0xd0, 0x22,

    /* U+252A "┪" */
    0x0, 0xff, 0xe2, 0x2a, 0x80, 0x3f, 0xfd, 0x5f,
    0xff, 0x55, 0x4, 0x7e, 0x0, 0x77, 0x7c, 0x1,
    0xff, 0xea, 0x11, 0x0,

    /* U+252B "┫" */
    0x0, 0xff, 0xe2, 0x7f, 0x80, 0x3f, 0xfd, 0x5f,
    0xff, 0x0, 0x4, 0x7e, 0x0, 0x77, 0x7c, 0x1,
    0xff, 0xea, 0x11, 0x0,

    /* U+252C "┬" */
    0xaa, 0xff, 0xe5, 0xff, 0xaa, 0xbe, 0x0, 0xff,
    0xff, 0x80, 0x7f, 0xf4, 0x19, 0x80, 0x1f, 0x0,

    /* U+252D "┭" */
    0x0, 0xff, 0xe2, 0x7f, 0xfe, 0x96, 0x6f, 0x84,
    0x7f, 0x72, 0xaf, 0xdd, 0xdf, 0x59, 0x19, 0xfc,
    0x1, 0xff, 0xff, 0x0, 0xff, 0xe0, 0x8, 0x80,
    0x3e,

    /* U+252E "┮" */
    0x0, 0xff, 0xe2, 0xab, 0x37, 0x9f, 0xff, 0xf1,
    0xba, 0xaf, 0x8c, 0x4, 0x7e, 0x2, 0x33, 0xf2,
    0xbf, 0x77, 0xc6, 0x1, 0xff, 0xff, 0x0, 0xff,
    0xe3, 0x78, 0x7, 0xe0,

    /* U+252F "┯" */
    0x0, 0xff, 0xe2, 0x7f, 0xff, 0xf1, 0x4, 0x7f,
    0xf8, 0x9d, 0xdf, 0x5d, 0xbb, 0xbe, 0x0, 0xff,
    0xff, 0x80, 0x7f, 0xf0, 0x4, 0x40, 0x1f, 0x0,

    /* U+2530 "┰" */
    0xaa, 0xff, 0xe5, 0xaa, 0xaa, 0xbe, 0x0, 0xff,
    0xff, 0x80, 0x7f, 0xf4, 0x15, 0x40, 0x1f, 0x0,

    /* U+2531 "┱" */
    0x0, 0xff, 0xe2, 0x7f, 0xff, 0x33, 0x7c, 0x23,
    0xf0, 0x1, 0x57, 0xee, 0xef, 0x80, 0x6, 0x7f,
    0x0, 0x7f, 0xff, 0xc0, 0x3f, 0xf8, 0x2, 0x20,
    0xf, 0x80,

    /* U+2532 "┲" */
    0x0, 0xff, 0xe2, 0x33, 0x7d, 0xff, 0xfc, 0xab,
    0xf0, 0x0, 0x47, 0xe3, 0x3f, 0x80, 0x1d, 0xdf,
    0x0, 0x7f, 0xff, 0xc0, 0x3f, 0xf8, 0x2, 0x20,
    0xf, 0x80,

    /* U+2533 "┳" */
    0x0, 0xff, 0xe2, 0x7f, 0xff, 0xf1, 0x4, 0x7e,
    0x0, 0x8, 0xfd, 0xdd, 0xf0, 0x3, 0xbb, 0xe0,
    0xf, 0xff, 0xf8, 0x7, 0xff, 0x0, 0x44, 0x1,
    0xf0,

    /* U+2534 "┴" */
    0x0, 0xf8, 0x44, 0x1, 0xff, 0xc2, 0x44, 0x0,
    0x7f, 0xff, 0xc0, 0x3f, 0xfa, 0x15, 0x5f, 0x77,
    0x2a, 0xbf, 0xf8, 0x57, 0x6a, 0xaf, 0x80,

    /* U+2535 "┵" */
    0x0, 0xff, 0xe5, 0xaa, 0x80, 0x3f, 0xff, 0xe0,
    0x1f, 0xfd, 0xf, 0xff, 0xab, 0x19, 0xbe, 0x11,
    0xfd, 0xea, 0xbf, 0x0,

    /* U+2536 "┶" */
    0x0, 0xff, 0xe5, 0xaa, 0x80, 0x3f, 0xff, 0xe0,
    0x1f, 0xfd, 0x6, 0x6f, 0xb2, 0xbf, 0xfe, 0x55,
    0xfb, 0xc4, 0x7f, 0x0,

    /* U+2537 "┷" */
    0x0, 0xff, 0xe5, 0xaa, 0x80, 0x3f, 0xff, 0xe0,
    0x1f, 0xfd, 0xf, 0xff, 0xaa, 0x9f, 0xff, 0x8,
    0xff, 0xf1, 0x0,

    /* U+2538 "┸" */
    0x0, 0xf9, 0x10, 0x1, 0xff, 0xc2, 0xbb, 0x0,
    0x7f, 0xff, 0xc0, 0x3f, 0xfa, 0x15, 0x5f, 0x0,
    0x2a, 0xbf, 0xf8, 0x5f, 0xea, 0xaf, 0x80,

    /* U+2539 "┹" */
    0x0, 0xf8, 0x44, 0x1, 0xff, 0xc2, 0xee, 0x0,
    0x7f, 0xff, 0xc0, 0x3f, 0xfa, 0x1f, 0xff, 0x0,
    0x19, 0xbe, 0x11, 0xfc, 0x4a, 0xbf, 0x0,

    /* U+253A "┺" */
    0x0, 0xf8, 0x44, 0x1, 0xff, 0xc2, 0xee, 0x0,
    0x7f, 0xff, 0xc0, 0x3f, 0xfa, 0xc, 0xdf, 0x0,
    0x3f, 0xfe, 0x55, 0xf8, 0x84, 0x7f, 0x0,

    /* U+253B "┻" */
    0x0, 0xf8, 0x44, 0x1, 0xff, 0xc2, 0xee, 0x0,
    0x7f, 0xff, 0xc0, 0x3f, 0xfa, 0x1f, 0xff, 0x0,
    0x3f, 0xfe, 0x11, 0xff, 0xe2, 0x0,

    /* U+253C "┼" */
    0x0, 0xff, 0xe5, 0xaa, 0x80, 0x3f, 0xff, 0xe0,
    0x1f, 0xfd, 0x5, 0x5f, 0xb7, 0x4a, 0xbf, 0x8,
    0xfd, 0xfe, 0x11, 0xf9, 0x13, 0xe2, 0x22, 0x27,
    0xc0, 0x1f, 0xff, 0xf0, 0xf, 0xfe, 0x0, 0x88,
    0x3, 0xe0,

    /* U+253D "┽" */
    0x0, 0xff, 0xe6, 0xc, 0x0, 0x7f, 0xff, 0xc0,
    0x3f, 0xfa, 0xf9, 0xff, 0xee, 0x35, 0x5f, 0x85,
    0xc4, 0x7f, 0xf8, 0x97, 0xdd, 0xef, 0x24, 0x4f,
    0x80, 0x3f, 0xff, 0xe0, 0x1f, 0xfd, 0x0,

    /* U+253E "┾" */
    0x0, 0xff, 0xe6, 0xc, 0x0, 0x7f, 0xff, 0xc0,
    0x3f, 0xfa, 0xe8, 0xab, 0xe7, 0x77, 0xff, 0xc6,
    0xe2, 0x3e, 0x30, 0x11, 0xf8, 0xd, 0x13, 0xe7,
    0xee, 0xf8, 0xc0, 0x3f, 0xff, 0xe0, 0x1f, 0xfc,
    0xf0,

    /* U+253F "┿" */
    0x0, 0xff, 0xe5, 0xaa, 0x80, 0x3f, 0xff, 0xe0,
    0x1f, 0xfd, 0xf, 0xff, 0xaa, 0x9f, 0xff, 0x8,
    0xfc, 0x0, 0x11, 0xfb, 0xbb, 0xea, 0xa7, 0x77,
    0xc0, 0x1f, 0xff, 0xf0, 0xf, 0xfe, 0x0, 0x88,
    0x3, 0xe0,

    /* U+2540 "╀" */
    0x0, 0xf9, 0x10, 0x1, 0xff, 0xc2, 0xbb, 0x0,
    0x7f, 0xff, 0xc0, 0x3f, 0xfa, 0x15, 0x5f, 0x0,
    0x2a, 0xbf, 0xf9, 0x60, 0x1f, 0xff, 0xf0, 0xf,
    0xfe, 0x83, 0x30, 0x3, 0xe0,

    /* U+2541 "╁" */
    0x0, 0xf8, 0x44, 0x1, 0xff, 0xc2, 0x44, 0x0,
    0x7f, 0xff, 0xc0, 0x3f, 0xfa, 0x15, 0x5f, 0x77,
    0x2a, 0xbf, 0xf8, 0x48, 0x8a, 0xaf, 0x80, 0x3f,
    0xff, 0xe0, 0x1f, 0xfd, 0x5, 0x50, 0x7, 0xc0,

    /* U+2542 "╂" */
    0x0, 0xff, 0xe5, 0xff, 0x80, 0x3f, 0xff, 0xe0,
    0x1f, 0xfd, 0x5, 0x5f, 0x80, 0xa, 0xbf, 0x8,
    0xfc, 0x0, 0x11, 0xf9, 0x13, 0xe0, 0x2, 0x27,
    0xc0, 0x1f, 0xff, 0xf0, 0xf, 0xfe, 0x0, 0x88,
    0x3, 0xe0,

    /* U+2543 "╃" */
    0x0, 0xff, 0xe5, 0xff, 0x80, 0x3f, 0xff, 0xe0,
    0x1f, 0xfd, 0xf, 0xff, 0x80, 0xc, 0xdf, 0x8,
    0xfc, 0x2, 0x45, 0xf7, 0x77, 0xd5, 0x68, 0x9f,
    0x0, 0x7f, 0xff, 0xc0, 0x3f, 0xf8, 0x2, 0x20,
    0xf, 0x80,

    /* U+2544 "╄" */
    0x0, 0xf8, 0x44, 0x1, 0xff, 0xc2, 0xee, 0x0,
    0x7f, 0xff, 0xc0, 0x3f, 0xfa, 0xc, 0xdf, 0x0,
    0x3f, 0xfe, 0x55, 0xf8, 0x47, 0xf8, 0xcf, 0xeb,
    0xb7, 0x77, 0xc0, 0x1f, 0xff, 0xf0, 0xf, 0xfe,
    0x0, 0x88, 0x3, 0xe0,

    /* U+2545 "╅" */
    0x0, 0xff, 0xe5, 0xaa, 0x80, 0x3f, 0xff, 0xe0,
    0x1f, 0xfd, 0xf, 0xff, 0xaa, 0x8c, 0xdf, 0x8,
    0xfc, 0x0, 0x55, 0xfb, 0xbb, 0xe0, 0x1, 0x9f,
    0xc0, 0x1f, 0xff, 0xf0, 0xf, 0xfe, 0x0, 0x88,
    0x3, 0xe0,

    /* U+2546 "╆" */
    0x0, 0xff, 0xe5, 0xaa, 0x80, 0x3f, 0xff, 0xe0,
    0x1f, 0xfd, 0x6, 0x6f, 0xaa, 0x9f, 0xff, 0x2a,
    0xfc, 0x0, 0x11, 0xf8, 0xcf, 0xe0, 0x7, 0x77,
    0xc0, 0x1f, 0xff, 0xf0, 0xf, 0xfe, 0x0, 0x88,
    0x3, 0xe0,

    /* U+2547 "╇" */
    0x0, 0xf8, 0x44, 0x1, 0xff, 0xc2, 0xee, 0x0,
    0x7f, 0xff, 0xc0, 0x3f, 0xfa, 0x1f, 0xff, 0x0,
    0x3f, 0xfe, 0x11, 0xff, 0xe2, 0x77, 0x7d, 0x76,
    0xee, 0xf8, 0x3, 0xff, 0xfe, 0x1, 0xff, 0xc0,
    0x11, 0x0, 0x7c,

    /* U+2548 "╈" */
    0x0, 0xff, 0xe5, 0xaa, 0x80, 0x3f, 0xff, 0xe0,
    0x1f, 0xfd, 0xf, 0xff, 0xaa, 0x9f, 0xff, 0x8,
    0xfc, 0x0, 0x11, 0xfb, 0xbb, 0xe0, 0x7, 0x77,
    0xc0, 0x1f, 0xff, 0xf0, 0xf, 0xfe, 0x0, 0x88,
    0x3, 0xe0,

    /* U+2549 "╉" */
    0x0, 0xff, 0xe5, 0xff, 0x80, 0x3f, 0xff, 0xe0,
    0x1f, 0xfd, 0xf, 0xff, 0x80, 0xa, 0xbf, 0x8,
    0xfc, 0x0, 0x11, 0xfb, 0xbb, 0xe0, 0x2, 0x27,
    0xc0, 0x1f, 0xff, 0xf0, 0xf, 0xfe, 0x0, 0x88,
    0x3, 0xe0,

    /* U+254A "╊" */
    0x0, 0xff, 0xe5, 0xff, 0x80, 0x3f, 0xff, 0xe0,
    0x1f, 0xfd, 0x5, 0x5f, 0x80, 0x1f, 0xff, 0x8,
    0xfc, 0x0, 0x11, 0xf9, 0x13, 0xe0, 0x7, 0x77,
    0xc0, 0x1f, 0xff, 0xf0, 0xf, 0xfe, 0x0, 0x88,
    0x3, 0xe0,

    /* U+254B "╋" */
    0x0, 0xff, 0xe5, 0xff, 0x80, 0x3f, 0xff, 0xe0,
    0x1f, 0xfd, 0xf, 0xff, 0x80, 0x1f, 0xff, 0x8,
    0xfc, 0x0, 0x11, 0xfb, 0xbb, 0xe0, 0x7, 0x77,
    0xc0, 0x1f, 0xff, 0xf0, 0xf, 0xfe, 0x0, 0x88,
    0x3, 0xe0,

    /* U+254C "╌" */
    0xaa, 0xc0, 0x1a, 0xab, 0xf0, 0x6, 0xaa, 0xc0,

    /* U+254D "╍" */
    0x0, 0xff, 0xe0, 0x7f, 0xe0, 0xd, 0xff, 0x84,
    0x70, 0x6, 0x11, 0xc0,

    /* U+254E "╎" */
    0x0, 0xc, 0x0, 0x78, 0x60, 0x3, 0xc3, 0x0,
    0x1e,

    /* U+254F "╏" */
    0x0, 0x7f, 0x80, 0x30, 0x8b, 0xb8, 0x1, 0xef,
    0xf0, 0x6, 0x11, 0x0,

    /* U+2550 "═" */
    0x0, 0xff, 0xe2, 0x4c, 0xff, 0xf1, 0xc, 0xff,
    0xf8, 0x80,

    /* U+2551 "║" */
    0x0, 0x55, 0x0, 0x3f, 0xfa, 0x6, 0x60,

    /* U+2552 "╒" */
    0x0, 0xff, 0xe, 0x4c, 0xfc, 0x40, 0x26, 0x7f,
    0x0, 0x16, 0xab, 0xe2, 0x0, 0xff, 0xf3, 0xf8,
    0x7, 0xe0,

    /* U+2553 "╓" */
    0x9a, 0xaf, 0xc6, 0x15, 0x5f, 0x0, 0x7f, 0xfa,
    0xb7, 0x40, 0x1f, 0x0,

    /* U+2554 "╔" */
    0x0, 0xfe, 0xd9, 0x9f, 0xce, 0x26, 0x7f, 0x1,
    0x55, 0x7c, 0x1, 0xff, 0xe1, 0x33, 0x0, 0x7c,

    /* U+2555 "╕" */
    0x0, 0xfe, 0x79, 0x9f, 0x54, 0x79, 0x9f, 0x80,
    0x11, 0x55, 0xeb, 0x0, 0xff, 0xf5, 0x78,

    /* U+2556 "╖" */
    0xaa, 0xfd, 0x35, 0x5f, 0x1, 0x80, 0x7f, 0xfc,
    0x77, 0x40,

    /* U+2557 "╗" */
    0x0, 0xfe, 0x99, 0xfd, 0xa6, 0x7f, 0xb, 0xd5,
    0x7c, 0x40, 0x1f, 0xfe, 0x93, 0x30,

    /* U+2558 "╘" */
    0x0, 0xff, 0xc, 0x0, 0x7f, 0xfe, 0x52, 0x67,
    0xe2, 0x0, 0x19, 0xfc, 0x0,

    /* U+2559 "╙" */
    0x33, 0x0, 0x7d, 0x32, 0x0, 0xff, 0xf8, 0xbb,
    0xaa, 0xbe, 0xdd, 0x55, 0x7c,

    /* U+255A "╚" */
    0x0, 0xfe, 0xaa, 0x0, 0x7f, 0xfc, 0xb2, 0x67,
    0xe6, 0xc3, 0x3f, 0x80,

    /* U+255B "╛" */
    0x0, 0xff, 0xe2, 0xc, 0x0, 0x7f, 0xfa, 0xc,
    0x1e, 0x67, 0xd0, 0x1e, 0x67, 0xe0, 0xf0,

    /* U+255C "╜" */
    0x0, 0xf8, 0xcc, 0x1, 0xf4, 0xc8, 0x3, 0xff,
    0xd5, 0x55, 0xf3, 0xba, 0xab, 0xed, 0xd0,

    /* U+255D "╝" */
    0x0, 0xff, 0xe2, 0x55, 0x0, 0x3f, 0xfd, 0x53,
    0x3f, 0x60, 0x19, 0xfd, 0x8c,

    /* U+255E "╞" */
    0x0, 0xff, 0xc, 0x0, 0x7f, 0xfe, 0x56, 0xab,
    0xe2, 0x0, 0xff, 0x96, 0xab, 0xe2, 0x0, 0xff,
    0xf8, 0x0,

    /* U+255F "╟" */
    0x0, 0xfe, 0xaa, 0x0, 0x7f, 0xfc, 0xd5, 0x7e,
    0x0, 0x8, 0xfc, 0x0, 0x44, 0xf8, 0x3, 0xff,
    0xc2, 0x66, 0x0, 0xf8,

    /* U+2560 "╠" */
    0x0, 0xfe, 0xaa, 0x0, 0x7f, 0xfc, 0xb2, 0xab,
    0xe0, 0x10, 0xf, 0xdb, 0x55, 0xf0, 0x7, 0xff,
    0x84, 0xcc, 0x1, 0xf0,

    /* U+2561 "╡" */
    0x0, 0xff, 0xe2, 0xc, 0x0, 0x7f, 0xfa, 0xa2,
    0xab, 0xd6, 0x1, 0xfe, 0x8a, 0xaf, 0x58, 0x7,
    0xff, 0xac,

    /* U+2562 "╢" */
    0x0, 0xff, 0xe2, 0x55, 0x0, 0x3f, 0xfd, 0x4a,
    0xbf, 0x0, 0x4, 0x7e, 0x0, 0x22, 0x7c, 0x1,
    0xff, 0xea, 0x33, 0x0,

    /* U+2563 "╣" */
    0x0, 0xff, 0xe2, 0x55, 0x0, 0x3f, 0xfd, 0x55,
    0x5f, 0x68, 0x7, 0xef, 0xa, 0xaf, 0x88, 0x3,
    0xff, 0xd2, 0x66,

    /* U+2564 "╤" */
    0x0, 0xff, 0xe2, 0x4c, 0xff, 0xf1, 0xc, 0xff,
    0xf8, 0x95, 0x5f, 0x7f, 0xaa, 0xbe, 0x0, 0xff,
    0xff, 0x80, 0x7f, 0xf0, 0x4, 0x40, 0x1f, 0x0,

    /* U+2565 "╥" */
    0xaa, 0xff, 0xe5, 0x80, 0x2a, 0xbe, 0x0, 0xff,
    0xff, 0x80, 0x7f, 0xf4, 0x37, 0x40, 0x1f, 0x0,

    /* U+2566 "╦" */
    0x0, 0xff, 0xe2, 0x4c, 0xff, 0xf1, 0xc, 0xfe,
    0x11, 0x19, 0xfd, 0x55, 0xf1, 0x12, 0xab, 0xe0,
    0xf, 0xff, 0xf8, 0x7, 0xff, 0x0, 0xcc, 0x1,
    0xf0,

    /* U+2567 "╧" */
    0x0, 0xff, 0xe5, 0xaa, 0x80, 0x3f, 0xff, 0xe0,
    0x1f, 0xfd, 0x9, 0x9f, 0xb3, 0x13, 0x3f, 0x19,
    0xff, 0xf1, 0x0,

    /* U+2568 "╨" */
    0x0, 0xf8, 0xcc, 0x1, 0xff, 0xc2, 0x99, 0x0,
    0x7f, 0xff, 0xc0, 0x3f, 0xfa, 0x15, 0x5f, 0x3b,
    0xaa, 0xbf, 0xf8, 0x5b, 0xaa, 0xaf, 0x80,

    /* U+2569 "╩" */
    0x0, 0xff, 0xe5, 0xd5, 0x0, 0x3f, 0xff, 0xe0,
    0x1f, 0xfd, 0x9, 0x9f, 0xb3, 0x13, 0x3f, 0x19,
    0xfd, 0x98, 0x33, 0xf8,

    /* U+256A "╪" */
    0x0, 0xff, 0xe5, 0xaa, 0x80, 0x3f, 0xff, 0xe0,
    0x1f, 0xfd, 0xa, 0xaf, 0xa6, 0x55, 0x5f, 0x0,
    0x7f, 0xf1, 0x2a, 0xbe, 0x99, 0x55, 0x7c, 0x1,
    0xff, 0xff, 0x0, 0xff, 0xe0, 0x8, 0x80, 0x3e,

    /* U+256B "╫" */
    0x0, 0xff, 0xe5, 0xd5, 0x0, 0x3f, 0xff, 0xe0,
    0x1f, 0xfd, 0x5, 0x5f, 0x99, 0x8a, 0xbf, 0x8,
    0xfc, 0xee, 0x11, 0xf9, 0x13, 0xe1, 0x12, 0x27,
    0xc0, 0x1f, 0xff, 0xf0, 0xf, 0xfe, 0x1, 0x98,
    0x3, 0xe0,

    /* U+256C "╬" */
    0x0, 0xff, 0xe5, 0xd5, 0x0, 0x3f, 0xff, 0xe0,
    0x1f, 0xfd, 0x9, 0x9f, 0xb3, 0x13, 0x3f, 0x19,
    0xfd, 0xdc, 0x33, 0xfa, 0xab, 0xe2, 0x25, 0x57,
    0xc0, 0x1f, 0xff, 0xf0, 0xf, 0xfe, 0x1, 0x98,
    0x3, 0xe0,

    /* U+256D "╭" */
    0x0, 0xf1, 0x3c, 0x90, 0x6, 0x2a, 0xa2, 0x41,
    0x0, 0x4b, 0x17, 0x6, 0x20, 0x12, 0x65, 0x8,
    0x7, 0xbe, 0x40, 0x3e, 0x78, 0x0, 0xfd, 0xa6,
    0x1, 0xf8, 0xc0, 0x3f, 0xbc, 0x3, 0xf0,

    /* U+256E "╮" */
    0x78, 0x40, 0xf, 0x3d, 0x15, 0x30, 0x7, 0x13,
    0x51, 0xd0, 0x7, 0xcb, 0x34, 0x1, 0xf1, 0xfb,
    0x0, 0x7c, 0xba, 0x1, 0xfb, 0x4c, 0x3, 0xe5,
    0x40, 0xf, 0x88, 0x80,

    /* U+256F "╯" */
    0x0, 0xfc, 0x40, 0x1f, 0x12, 0x80, 0x7c, 0xe4,
    0x1, 0xf6, 0x20, 0x7, 0x88, 0x4, 0x3, 0xd3,
    0x0, 0x1e, 0xa8, 0x10, 0xc, 0xb7, 0x6, 0x0,
    0x7a, 0xa0, 0x59, 0x0, 0x4f, 0x54, 0x50, 0xe,

    /* U+2570 "╰" */
    0x2, 0x0, 0xfe, 0xb0, 0xf, 0xe3, 0x0, 0xfe,
    0x31, 0x0, 0xfd, 0x72, 0x1, 0xf8, 0x81, 0x0,
    0x3f, 0x47, 0x20, 0x7, 0xea, 0xc9, 0x20, 0xf,
    0xa2, 0xea, 0xa2, 0x0, 0xe2, 0x8a, 0xa1, 0x0,

    /* U+2571 "╱" */
    0x0, 0xff, 0xe9, 0x15, 0x80, 0x7f, 0xf0, 0x4a,
    0x68, 0x3, 0xff, 0x80, 0x53, 0x42, 0x1, 0xff,
    0x14, 0xd0, 0x80, 0x7f, 0xc5, 0x34, 0x20, 0x1f,
    0xf1, 0x4d, 0x8, 0x7, 0xfc, 0x53, 0x42, 0x1,
    0xff, 0x14, 0xd0, 0x80, 0x7f, 0xc5, 0x34, 0x20,
    0x1f, 0xf1, 0x4d, 0x8, 0x7, 0xfc, 0x53, 0x42,
    0x1, 0xff, 0x14, 0xd0, 0x80, 0x7f, 0xc5, 0x34,
    0x20, 0x1f, 0xf1, 0x4d, 0x8, 0x7, 0xfc, 0x53,
    0x42, 0x1, 0xff, 0xc0, 0x8a, 0x10, 0xf, 0xfe,
    0x8,

    /* U+2572 "╲" */
    0x0, 0xff, 0xe2, 0x59, 0x0, 0x7f, 0xf0, 0xaa,
    0x48, 0x3, 0xff, 0x82, 0x35, 0x24, 0x1, 0xff,
    0xc1, 0x1a, 0x92, 0x0, 0xff, 0xe0, 0x8d, 0x49,
    0x0, 0x7f, 0xf0, 0x46, 0xa4, 0x80, 0x3f, 0xf8,
    0x23, 0x52, 0x40, 0x1f, 0xfc, 0x11, 0xa9, 0x20,
    0xf, 0xfe, 0x8, 0xd4, 0x90, 0x7, 0xff, 0x4,
    0x6a, 0x48, 0x3, 0xff, 0x82, 0x35, 0x24, 0x1,
    0xff, 0xc1, 0x1a, 0x92, 0x0, 0xff, 0xe0, 0x8d,
    0x49, 0x0, 0x7f, 0xf0, 0x46, 0xa4, 0x80, 0x3f,
    0xf8, 0x23, 0x52, 0x40, 0x1f, 0xfc, 0x11, 0xa8,

    /* U+2573 "╳" */
    0x0, 0xff, 0xe2, 0x59, 0x0, 0x7f, 0xf0, 0xa,
    0xea, 0x48, 0x3, 0xfc, 0x53, 0x43, 0x52, 0x40,
    0x1f, 0x8a, 0x68, 0x40, 0x6a, 0x48, 0x3, 0xc5,
    0x34, 0x20, 0x10, 0xd4, 0x90, 0x6, 0x29, 0xa1,
    0x0, 0xe1, 0xa9, 0x20, 0x1, 0x4d, 0x8, 0x7,
    0xc3, 0x52, 0x44, 0x9a, 0x10, 0xf, 0xe1, 0xa9,
    0x95, 0x8, 0x7, 0xfc, 0x60, 0x3, 0x0, 0xff,
    0x8a, 0x6a, 0x92, 0x40, 0x1f, 0xc5, 0x34, 0x22,
    0xa9, 0x20, 0xf, 0x8a, 0x68, 0x40, 0x3, 0x52,
    0x40, 0x1c, 0x53, 0x42, 0x1, 0x86, 0xa4, 0x80,
    0x22, 0x9a, 0x10, 0xf, 0xd, 0x49, 0x1, 0x4d,
    0x8, 0x7, 0xe1, 0xa9, 0x28, 0xa1, 0x0, 0xff,
    0xd, 0x40,

    /* U+2574 "╴" */
    0xaa, 0xfc, 0x75, 0x5f, 0x8c,

    /* U+2575 "╵" */
    0x0, 0xc, 0x0, 0x7f, 0xf0, 0x86, 0x80,

    /* U+2576 "╶" */
    0x3a, 0xaf, 0xc7, 0x55, 0xf8,

    /* U+2577 "╷" */
    0x3, 0x1b, 0x0, 0xff, 0xe1, 0x0,

    /* U+2578 "╸" */
    0x0, 0xfe, 0xff, 0xfc, 0xa2, 0x3f, 0xc0,

    /* U+2579 "╹" */
    0x11, 0x77, 0x0, 0x3f, 0xf8, 0x59, 0x80,

    /* U+257A "╺" */
    0x0, 0xfe, 0x5f, 0xff, 0xc2, 0x3f, 0xc0,

    /* U+257B "╻" */
    0x55, 0x55, 0x0, 0x3f, 0xf8, 0x2, 0x20,

    /* U+257C "╼" */
    0x0, 0xff, 0xe2, 0x33, 0x7d, 0x3f, 0xff, 0x95,
    0x7e, 0xf1, 0x1f, 0xc0,

    /* U+257D "╽" */
    0x0, 0x2a, 0x80, 0x3f, 0xf8, 0x1b, 0xa7, 0x70,
    0x7, 0xff, 0x0, 0x44,

    /* U+257E "╾" */
    0x0, 0xff, 0xe2, 0x7f, 0xfe, 0x96, 0x6f, 0x84,
    0x7f, 0x7a, 0xaf, 0xc0,

    /* U+257F "╿" */
    0x11, 0x77, 0x0, 0x3f, 0xf8, 0x51, 0x2, 0x20,
    0x7, 0xf8, 0x44,

    /* U+2580 "▀" */
    0x0, 0xff, 0xe2, 0x7f, 0xff, 0xf1, 0x0, 0x3f,
    0xff, 0xe0, 0x1f, 0xfd, 0x90,

    /* U+2581 "▁" */
    0x0, 0xff, 0xe2, 0x7f, 0xff, 0xf1, 0x0, 0x3f,
    0xf8, 0x80,

    /* U+2582 "▂" */
    0x0, 0xff, 0xe2, 0x7f, 0xff, 0xf1, 0x0, 0x3f,
    0xfc, 0x80,

    /* U+2583 "▃" */
    0x0, 0xff, 0xe2, 0x7f, 0xff, 0xf1, 0x0, 0x3f,
    0xff, 0xe0, 0x1c,

    /* U+2584 "▄" */
    0x0, 0xff, 0xe2, 0x7f, 0xff, 0xf1, 0x0, 0x3f,
    0xff, 0xe0, 0x1f, 0xfd, 0x90,

    /* U+2585 "▅" */
    0x0, 0xff, 0xe2, 0x7f, 0xff, 0xf1, 0x0, 0x3f,
    0xff, 0xe0, 0x1f, 0xff, 0x90,

    /* U+2586 "▆" */
    0x0, 0xff, 0xe2, 0x7f, 0xff, 0xf1, 0x0, 0x3f,
    0xff, 0xe0, 0x1f, 0xff, 0xf0, 0xf, 0xfe, 0x70,

    /* U+2587 "▇" */
    0x0, 0xff, 0xe2, 0x7f, 0xff, 0xf1, 0x0, 0x3f,
    0xff, 0xe0, 0x1f, 0xff, 0xf0, 0xf, 0xff, 0x70,

    /* U+2588 "█" */
    0x0, 0xff, 0xe2, 0x7f, 0xff, 0xf1, 0x0, 0x3f,
    0xff, 0xe0, 0x1f, 0xff, 0xf0, 0xf, 0xff, 0xf8,
    0x7, 0xff, 0xc,

    /* U+2589 "▉" */
    0x0, 0xff, 0xe1, 0x7f, 0xff, 0xf0, 0x80, 0x3f,
    0xff, 0xe0, 0x1f, 0xff, 0xf0, 0xf, 0xff, 0x80,

    /* U+258A "▊" */
    0x0, 0xff, 0xe0, 0x7f, 0xff, 0xf0, 0x0, 0x3f,
    0xff, 0xe0, 0x1f, 0xff, 0xf0, 0xf, 0xfe, 0x90,

    /* U+258B "▋" */
    0x0, 0xff, 0x7f, 0xff, 0x80, 0x3f, 0xff, 0xe0,
    0x1f, 0xff, 0xf0,

    /* U+258C "▌" */
    0x0, 0xfd, 0xff, 0xf8, 0x3, 0xff, 0xfe, 0x1,
    0xff, 0xe1,

    /* U+258D "▍" */
    0x0, 0xf7, 0xff, 0x80, 0x3f, 0xff, 0xe0, 0x1f,
    0xfc, 0x30,

    /* U+258E "▎" */
    0x0, 0xdf, 0xf8, 0x3, 0xff, 0xe0,

    /* U+258F "▏" */
    0x0, 0x7f, 0x80, 0x3f, 0xfa, 0x40,

    /* U+2590 "▐" */
    0x0, 0xfd, 0xff, 0xf8, 0x3, 0xff, 0xfe, 0x1,
    0xff, 0xe1,

    /* U+2591 "░" */
    0x0, 0xff, 0xe2, 0x3a, 0x80, 0x79, 0xd4, 0x3,
    0xce, 0x4a, 0x1, 0xce, 0x4a, 0x1, 0xe7, 0x25,
    0x0, 0xe7, 0x25, 0x0, 0xf3, 0x92, 0x80, 0x73,
    0x92, 0x80, 0x79, 0xc9, 0x40, 0x39, 0xc9, 0x40,
    0x3c, 0xe4, 0xa0, 0x1c, 0xe4, 0xa0, 0x1e, 0x72,
    0x50, 0xe, 0x72, 0x55, 0x0, 0x73, 0x92, 0x80,
    0x73, 0x91, 0x14, 0x3, 0x9c, 0x94, 0x3, 0x9d,
    0xc4, 0xa0, 0x1c, 0xe4, 0xa0, 0x1e, 0x72, 0x50,
    0xe, 0x72, 0x50, 0xf, 0x39, 0x28, 0x7, 0x39,
    0x28, 0x7, 0x9c, 0x94, 0x3, 0x9c, 0x94, 0x3,
    0xce, 0x4a, 0x1, 0xce, 0x4a, 0x1, 0xe7, 0x25,
    0x0, 0xe7, 0x25, 0x50, 0x7, 0x39, 0x28, 0x7,
    0x39, 0x0,

    /* U+2592 "▒" */
    0x0, 0xff, 0xe2, 0x3a, 0x80, 0x1d, 0x40, 0xe,
    0xa0, 0x7, 0x50, 0x3, 0x92, 0x83, 0x92, 0x83,
    0x92, 0x83, 0x92, 0x80, 0x1c, 0x94, 0x1c, 0x94,
    0x1c, 0x94, 0x1c, 0x95, 0x40, 0xe4, 0xa0, 0xe4,
    0xa0, 0xe4, 0xa0, 0xe4, 0x45, 0x7, 0x25, 0x7,
    0x25, 0x7, 0x25, 0x7, 0x71, 0x28, 0x39, 0x28,
    0x39, 0x28, 0x39, 0x28, 0x1, 0xc9, 0x41, 0xc9,
    0x41, 0xc9, 0x41, 0xc9, 0x54, 0xe, 0x4a, 0xe,
    0x4a, 0xe, 0x4a, 0xe, 0x44, 0x50, 0x72, 0x50,
    0x72, 0x50, 0x72, 0x50, 0x77, 0x12, 0x83, 0x92,
    0x83, 0x92, 0x83, 0x92, 0x80, 0x1c, 0x94, 0x1c,
    0x94, 0x1c, 0x94, 0x1c, 0x95, 0x40, 0xe4, 0xa0,
    0xe4, 0xa0, 0xe4, 0xa0, 0xe4, 0x45, 0x7, 0x25,
    0x7, 0x25, 0x7, 0x25, 0x7, 0x71, 0x28, 0x39,
    0x28, 0x39, 0x28, 0x39, 0x28, 0x1, 0xc9, 0x41,
    0xc9, 0x41, 0xc9, 0x41, 0xc9, 0x54, 0xe, 0x4a,
    0xe, 0x4a, 0xe, 0x4a, 0xe, 0x40,

    /* U+2593 "▓" */
    0x0, 0xff, 0xe2, 0x3a, 0xba, 0xba, 0xba, 0xba,
    0xba, 0xba, 0xba, 0x91, 0x7f, 0xff, 0xc8, 0xbf,
    0xff, 0xe4, 0x5f, 0xff, 0xf2, 0x2f, 0xfe, 0x18,

    /* U+2594 "▔" */
    0x0, 0xff, 0xe2, 0x7f, 0xff, 0xf1, 0x0, 0x3f,
    0xf8, 0x80,

    /* U+2595 "▕" */
    0x0, 0x7f, 0x80, 0x3f, 0xfa, 0x40,

    /* U+2596 "▖" */
    0x0, 0xfd, 0xff, 0xf8, 0x3, 0xff, 0xd8,

    /* U+2597 "▗" */
    0x0, 0xfd, 0xff, 0xf8, 0x3, 0xff, 0xd8,

    /* U+2598 "▘" */
    0x0, 0xfd, 0xff, 0xf8, 0x3, 0xff, 0xd8,

    /* U+2599 "▙" */
    0x0, 0xff, 0xe2, 0x7f, 0xfe, 0x0, 0xff, 0xff,
    0x80, 0x7f, 0xfa, 0x7f, 0xff, 0x0, 0x7f, 0xff,
    0xc0, 0x3f, 0xfb, 0x20,

    /* U+259A "▚" */
    0x0, 0xff, 0xe2, 0x7f, 0xfe, 0x0, 0xff, 0xff,
    0x80, 0x7f, 0xf8, 0x7f, 0xff, 0xf8, 0x80, 0x1f,
    0xff, 0xf0, 0xf, 0xfe, 0xc8,

    /* U+259B "▛" */
    0x0, 0xff, 0xe2, 0x7f, 0xff, 0xf1, 0x0, 0x3f,
    0xff, 0xe0, 0x1f, 0xfe, 0x1f, 0xff, 0xc0, 0x1f,
    0xff, 0xf0, 0xf, 0xfe, 0xc8,

    /* U+259C "▜" */
    0x0, 0xff, 0xe2, 0x7f, 0xff, 0xf1, 0x0, 0x3f,
    0xff, 0xe0, 0x1f, 0xfd, 0x9f, 0xff, 0xc0, 0x1f,
    0xff, 0xf0, 0xf, 0xff, 0x8,

    /* U+259D "▝" */
    0x0, 0xfd, 0xff, 0xf8, 0x3, 0xff, 0xd8,

    /* U+259E "▞" */
    0x0, 0xff, 0xe6, 0x7f, 0xfe, 0x0, 0xff, 0xff,
    0x80, 0x7f, 0xf6, 0x7f, 0xff, 0xf8, 0x80, 0x1f,
    0xff, 0xf0, 0xf, 0xfe, 0xc8,

    /* U+259F "▟" */
    0x0, 0xff, 0xe6, 0x7f, 0xfe, 0x0, 0xff, 0xff,
    0x80, 0x7f, 0xf6, 0x7f, 0xff, 0x0, 0x7f, 0xff,
    0xc0, 0x3f, 0xfc, 0x20,

    /* U+25A0 "■" */
    0x3f, 0xff, 0xfe, 0x5, 0x0, 0x7f, 0xff, 0xc0,
    0x3f, 0xff, 0xe0, 0x18, 0x4c, 0xff, 0xf8, 0x4,

    /* U+25A1 "□" */
    0x99, 0xff, 0xe0, 0x68, 0x4c, 0xff, 0xc8, 0x1,
    0xff, 0xff, 0x0, 0xff, 0xf6, 0x8, 0xff, 0xc1,
    0xb3, 0x3f, 0xf0, 0x80,

    /* U+25A2 "▢" */
    0x19, 0x88, 0xff, 0xe0, 0x3b, 0x4c, 0x47, 0xff,
    0x3, 0xfc, 0x1, 0xff, 0xff, 0x0, 0xff, 0xff,
    0x78, 0x7, 0xff, 0x9, 0xa6, 0x23, 0xff, 0x81,
    0xe0,

    /* U+25A3 "▣" */
    0x99, 0xff, 0xe0, 0x68, 0x4c, 0xff, 0xc8, 0x1,
    0xff, 0xd2, 0xef, 0xfc, 0xa0, 0x1f, 0xfc, 0x3,
    0x0, 0xff, 0xf1, 0x5d, 0x56, 0x40, 0xf, 0x95,
    0x78, 0x80, 0x3f, 0xf8, 0xa2, 0x3f, 0xf0, 0x6c,
    0xcf, 0xfc, 0x20,

    /* U+25A4 "▤" */
    0x4b, 0x99, 0xff, 0xe0, 0x7, 0x4c, 0xff, 0xc0,
    0x1f, 0xfc, 0x4e, 0x99, 0xff, 0x80, 0x1d, 0x33,
    0xff, 0x0, 0x7f, 0xf1, 0x3a, 0x67, 0xfe, 0x0,
    0x74, 0xcf, 0xfc, 0x1, 0xff, 0xc4, 0xf8, 0x8f,
    0xf8, 0x1, 0xf3, 0x3f, 0xf0, 0x4, 0x23, 0xff,
    0x0, 0x42, 0x3f, 0xf0, 0x36, 0xcc, 0xff, 0xda,

    /* U+25A5 "▥" */
    0x9f, 0xff, 0xfe, 0x0, 0x7f, 0x9b, 0xfc, 0xdf,
    0xe6, 0xff, 0x30, 0x7, 0xff, 0xfc, 0x3, 0xff,
    0xd8, 0xaa, 0x25, 0x51, 0x2a, 0x89, 0x54, 0x56,
    0x22, 0xf1, 0x17, 0x88, 0xbc, 0x45, 0xe0,

    /* U+25A6 "▦" */
    0x4f, 0xff, 0xfe, 0x4, 0x85, 0x7f, 0x9b, 0xfc,
    0xdf, 0xe6, 0xff, 0x0, 0x7f, 0xf1, 0x3a, 0x64,
    0x93, 0x24, 0x99, 0x24, 0xc8, 0x1, 0xd3, 0x24,
    0x99, 0x24, 0xc9, 0x26, 0x40, 0x1f, 0xfc, 0x4e,
    0x99, 0x24, 0xc9, 0x26, 0x49, 0x32, 0x0, 0x74,
    0xc9, 0x26, 0x49, 0x32, 0x49, 0x90, 0x7, 0xff,
    0x13, 0xe2, 0xb, 0x10, 0x48, 0x82, 0x44, 0x0,
    0x1f, 0x32, 0x59, 0x93, 0xcc, 0x9e, 0x64, 0x1,
    0x8, 0x80, 0x44, 0x62, 0x23, 0x11, 0x0, 0x35,
    0x54, 0x4a, 0xa2, 0x55, 0x12, 0xa8, 0x17, 0x4,
    0x5e, 0x22, 0xf1, 0x17, 0x88, 0xac,

    /* U+25A7 "▧" */
    0x5f, 0xff, 0xfe, 0x4, 0x81, 0xdf, 0xbd, 0xfc,
    0x57, 0xc4, 0xf8, 0x2, 0x31, 0x23, 0x11, 0xc9,
    0x5c, 0x58, 0x0, 0x31, 0x89, 0x18, 0x8e, 0x4a,
    0xe2, 0x0, 0x93, 0x8c, 0x48, 0xc4, 0x72, 0x67,
    0x0, 0x45, 0x1c, 0x62, 0x46, 0x2b, 0x8b, 0x0,
    0x6, 0x68, 0xe3, 0x12, 0x35, 0x5c, 0x40, 0x12,
    0x53, 0x47, 0x18, 0x90, 0x4a, 0xe0, 0x8, 0x81,
    0xcd, 0x1c, 0x62, 0x39, 0x28, 0x0, 0x6a, 0x4e,
    0x68, 0xe3, 0x11, 0xc8, 0x1, 0x25, 0x52, 0x73,
    0x47, 0x18, 0x8e, 0x0, 0x88, 0x15, 0x50, 0xe6,
    0x8e, 0x31, 0x0, 0x19, 0x8f, 0x6f, 0xe6, 0xfe,
    0x7e, 0x90, 0x4b, 0x5e, 0x55, 0x72, 0xab, 0x91,
    0x7a, 0x0,

    /* U+25A8 "▨" */
    0x3f, 0xff, 0xfe, 0x4, 0x85, 0x6a, 0xff, 0x2f,
    0xf2, 0xf7, 0x14, 0x0, 0x51, 0x43, 0x74, 0x37,
    0x60, 0xbb, 0x0, 0x2e, 0x86, 0xe8, 0x6e, 0xc1,
    0x76, 0x10, 0x4, 0x8d, 0xd0, 0xdd, 0x82, 0xec,
    0x34, 0x0, 0x2b, 0xa1, 0xbb, 0x5, 0xd8, 0x6a,
    0x0, 0x17, 0x43, 0x76, 0xb, 0xb0, 0xd4, 0x10,
    0x2, 0x46, 0xec, 0x17, 0x61, 0xa8, 0x2a, 0x0,
    0x15, 0xd8, 0x2e, 0xc3, 0x50, 0x55, 0x0, 0xa,
    0xb0, 0xbb, 0xd, 0x41, 0x54, 0x10, 0x2, 0xc2,
    0xec, 0x35, 0x5, 0x50, 0x54, 0x1, 0x5d, 0x86,
    0xa0, 0xaa, 0xa, 0xa4, 0x1, 0x18, 0x99, 0xaf,
    0x64, 0xf6, 0x4c, 0x7, 0x44, 0x30, 0x63, 0xf8,
    0x3f, 0x83, 0x60,

    /* U+25A9 "▩" */
    0x5f, 0xff, 0xfe, 0x4, 0x81, 0xca, 0xbc, 0xab,
    0xc2, 0xbc, 0x28, 0x2, 0xed, 0xf5, 0x7f, 0x35,
    0x93, 0x7a, 0x0, 0xcd, 0xc9, 0xdc, 0xdc, 0xed,
    0xd7, 0x80, 0x1d, 0x4c, 0xcc, 0x68, 0xe4, 0x8c,
    0x40, 0xb, 0xb4, 0xd4, 0x7c, 0xde, 0x45, 0x68,
    0x3, 0x3a, 0x65, 0xf9, 0x59, 0xd7, 0x9e, 0x0,
    0x75, 0x2, 0x53, 0x24, 0x23, 0x42, 0x0, 0x55,
    0x26, 0x2b, 0xe2, 0x19, 0x10, 0xd0, 0x5, 0x74,
    0xdf, 0xe5, 0x67, 0x5f, 0xf8, 0x2, 0x20, 0x2,
    0x99, 0x29, 0x11, 0xc8, 0x1, 0x39, 0xd7, 0x6e,
    0x8a, 0xc9, 0x8c, 0x0, 0x5c, 0x4e, 0xc4, 0xeb,
    0x5e, 0x2d, 0x82, 0x6a, 0x77, 0xa7, 0x7d, 0xf7,
    0xdf, 0x40,

    /* U+25AA "▪" */
    0x4, 0x4c, 0x5, 0x77, 0x88, 0x3, 0xff, 0x8c,
    0x5d, 0xd8, 0x80,

    /* U+25AB "▫" */
    0x0, 0xed, 0x99, 0xc9, 0x33, 0x0, 0x79, 0x26,
    0x60,

    /* U+25B1 "▱" */
    0x0, 0xa2, 0xab, 0xfd, 0xc2, 0x0, 0x11, 0x55,
    0x7f, 0x43, 0x8, 0x2, 0x2c, 0x3, 0xfa, 0xe4,
    0x0, 0x40, 0x40, 0x1f, 0x88, 0x44, 0x0, 0xb8,
    0x0, 0xfe, 0xb9, 0x0, 0xa, 0x5d, 0x57, 0xf7,
    0x8, 0x0,

    /* U+25B2 "▲" */
    0x0, 0xff, 0xe5, 0xb3, 0x0, 0x3f, 0xf8, 0x23,
    0x10, 0x10, 0xf, 0xfe, 0x4, 0x8, 0xa0, 0x3,
    0xfe, 0x26, 0x0, 0x31, 0x0, 0x7f, 0xa4, 0x3,
    0x48, 0x7, 0xf2, 0x20, 0x3, 0x22, 0x0, 0x3f,
    0x48, 0x7, 0xa4, 0x3, 0xe7, 0x20, 0xf, 0x13,
    0x80, 0x70, 0xc0, 0x7, 0xe8, 0x10, 0xd, 0x0,
    0x1f, 0xe8, 0x0, 0x8d, 0x80, 0x3f, 0xcc, 0x60,
    0xf, 0x0, 0xff, 0xe0, 0x78, 0x18, 0x91, 0x7f,
    0xf0, 0x4, 0xc0,

    /* U+25B3 "△" */
    0x0, 0xff, 0xe5, 0xb3, 0x0, 0x3f, 0xf8, 0x23,
    0xfe, 0x10, 0xf, 0xfe, 0x4, 0xdd, 0xa4, 0x3,
    0xfe, 0x20, 0x22, 0x1, 0x0, 0x7f, 0xa2, 0x0,
    0x8, 0x80, 0x7, 0xf2, 0x60, 0x6, 0xc4, 0x0,
    0xfd, 0xcc, 0x1, 0x9b, 0x80, 0x3e, 0x79, 0x0,
    0xf4, 0xb8, 0x7, 0xf, 0x18, 0x7, 0x8f, 0x84,
    0x3, 0x44, 0x0, 0x3f, 0x44, 0x0, 0x23, 0xe1,
    0x0, 0xfc, 0x3c, 0x60, 0x9, 0x70, 0xf, 0xf3,
    0xc8, 0x18, 0xcc, 0xff, 0xf0, 0x4, 0xc0,

    /* U+25B6 "▶" */
    0x3, 0x0, 0xff, 0xe0, 0xe5, 0x8, 0x7, 0xff,
    0x1, 0x79, 0xc0, 0x3f, 0xf8, 0x31, 0xca, 0x1,
    0xff, 0xc0, 0x1a, 0xc3, 0x0, 0xff, 0xe0, 0x1e,
    0x48, 0x80, 0x7f, 0xf0, 0x1b, 0x9c, 0x3, 0xff,
    0x83, 0x1a, 0x80, 0x1f, 0xfc, 0x1, 0x70, 0xf,
    0xf0, 0xce, 0x18, 0x7, 0xf3, 0xf3, 0x0, 0x7f,
    0x26, 0xc0, 0x7, 0xf1, 0x5d, 0x88, 0x3, 0xf0,
    0xce, 0xa0, 0x7, 0xf3, 0x7b, 0x0, 0x7f, 0xb6,
    0x44, 0x3, 0xfc,

    /* U+25B7 "▷" */
    0x40, 0xf, 0xfe, 0xc, 0xc8, 0x80, 0x3f, 0xe4,
    0x8a, 0x80, 0xf, 0xf8, 0x62, 0xa5, 0x40, 0x3f,
    0xe2, 0x91, 0xa3, 0x0, 0xff, 0x92, 0x92, 0x44,
    0x3, 0xfe, 0x78, 0x83, 0x80, 0x7f, 0xc3, 0x29,
    0x4a, 0x1, 0xff, 0x38, 0x8, 0x7, 0xf1, 0x49,
    0x52, 0x0, 0x7e, 0x8a, 0x86, 0x0, 0xfc, 0xb5,
    0x48, 0x10, 0xf, 0x8e, 0x86, 0x88, 0x3, 0xe1,
    0x94, 0xa4, 0x0, 0xfc, 0x91, 0x7, 0x0, 0xff,
    0x74, 0x88, 0x7, 0xfc,

    /* U+25BC "▼" */
    0x3f, 0xff, 0xfe, 0x11, 0x99, 0x40, 0x3f, 0xf8,
    0xa, 0x61, 0x0, 0x1f, 0xfc, 0x8, 0x0, 0x13,
    0x80, 0x7f, 0x9c, 0x80, 0x28, 0x10, 0xf, 0xc3,
    0x0, 0x1d, 0x60, 0x1f, 0xac, 0x3, 0xca, 0x60,
    0x1e, 0x35, 0x0, 0xfb, 0xc0, 0x3d, 0xe0, 0x1f,
    0x8d, 0x40, 0x32, 0x98, 0x7, 0xf5, 0x80, 0x6b,
    0x0, 0xff, 0xc, 0x0, 0x20, 0x40, 0x3f, 0xe7,
    0x22, 0x38, 0x7, 0xff, 0x6, 0x20, 0x1, 0xff,
    0xc2, 0x55, 0x0, 0x7c,

    /* U+25BD "▽" */
    0x3d, 0x99, 0xff, 0xe0, 0x69, 0x99, 0x22, 0x67,
    0xfd, 0x8, 0x61, 0x72, 0x1, 0xfe, 0x9b, 0x0,
    0x10, 0x10, 0x7, 0xe2, 0x2, 0x0, 0xa2, 0x0,
    0x1f, 0xa2, 0x0, 0x1d, 0xea, 0x1, 0xe5, 0xf0,
    0xf, 0x2f, 0x80, 0x7b, 0xd4, 0x3, 0xe9, 0x70,
    0xc, 0xf2, 0x1, 0xf8, 0xf8, 0x40, 0x3, 0xc6,
    0x1, 0xfd, 0x10, 0x0, 0x44, 0x0, 0x3f, 0xc3,
    0xc6, 0x6e, 0x10, 0xf, 0xf9, 0xe6, 0x4e, 0x1,
    0xff, 0xc1, 0xff, 0x0, 0x7f, 0xf0, 0x95, 0x40,
    0x1f, 0x0,

    /* U+25C0 "◀" */
    0x0, 0xff, 0xe0, 0x18, 0x7, 0xfc, 0x35, 0x80,
    0x1f, 0xe7, 0xe5, 0x0, 0xfe, 0x5e, 0x80, 0xf,
    0xe3, 0xca, 0x10, 0xf, 0xc3, 0x38, 0x60, 0x1f,
    0xcf, 0xcc, 0x1, 0xfc, 0x9b, 0x0, 0x1f, 0xf3,
    0x88, 0x7, 0xff, 0x0, 0xf2, 0x44, 0x3, 0xff,
    0x80, 0xdc, 0xe0, 0x1f, 0xfc, 0x18, 0xd4, 0x0,
    0xff, 0xe0, 0x15, 0xd8, 0x80, 0x3f, 0xf8, 0x9,
    0xb2, 0x20, 0x1f, 0xfc, 0x6, 0xf6, 0x0, 0xff,
    0xe0, 0xc, 0xe8, 0x0,

    /* U+25C1 "◁" */
    0x0, 0xff, 0xe0, 0xa0, 0x7, 0xfc, 0x53, 0x20,
    0xf, 0xf4, 0x54, 0x20, 0x7, 0xe5, 0x9a, 0x81,
    0x0, 0xf8, 0xe8, 0x64, 0x80, 0x3e, 0x19, 0x4a,
    0x40, 0xf, 0xcf, 0x10, 0x70, 0xf, 0xcb, 0x49,
    0x22, 0x1, 0xfc, 0x20, 0xe0, 0x1f, 0xf2, 0x51,
    0x49, 0x0, 0x7f, 0xcd, 0x15, 0x0, 0x1f, 0xf0,
    0xc5, 0x51, 0x40, 0x3f, 0xe2, 0xa1, 0xa3, 0x0,
    0xff, 0x92, 0x92, 0x44, 0x3, 0xfe, 0x78, 0x82,
    0x0, 0x7f, 0xc3, 0x3c,

    /* U+25C6 "◆" */
    0x0, 0xf9, 0x98, 0x1, 0xff, 0xc1, 0x69, 0x93,
    0x0, 0x7f, 0xcd, 0x20, 0x9, 0x60, 0xf, 0xe6,
    0x90, 0xd, 0x2c, 0x1, 0xf3, 0x48, 0x7, 0xa5,
    0x80, 0x39, 0xa4, 0x3, 0xf4, 0xb0, 0x4, 0xd2,
    0x1, 0xfe, 0x96, 0x6, 0x90, 0xf, 0xfe, 0x4,
    0xb1, 0x0, 0x7f, 0xf0, 0x89, 0x2c, 0x3, 0xff,
    0x81, 0x68, 0x9, 0x60, 0x1f, 0xeb, 0x40, 0x9,
    0x2c, 0x3, 0xf5, 0xa0, 0x7, 0x25, 0x80, 0x7a,
    0xd0, 0x3, 0xe4, 0xb0, 0xd, 0x68, 0x1, 0xfc,
    0x96, 0x0, 0xb4, 0x0, 0xff, 0x92, 0xec, 0x80,
    0x1e,

    /* U+25C7 "◇" */
    0x0, 0xf9, 0x98, 0x1, 0xff, 0xc1, 0x61, 0x13,
    0x0, 0x7f, 0xcc, 0x2e, 0xe1, 0x60, 0xf, 0xe6,
    0x17, 0x0, 0x38, 0xb0, 0x7, 0xcc, 0x2e, 0x1,
    0x9c, 0x58, 0x3, 0x98, 0x5c, 0x3, 0xce, 0x2c,
    0x1, 0x30, 0xb8, 0x7, 0xe7, 0x16, 0x6, 0x17,
    0x0, 0xff, 0x38, 0xb1, 0x70, 0x7, 0xff, 0x3,
    0x89, 0x36, 0x40, 0x3f, 0xd3, 0xa8, 0x9, 0xb2,
    0x1, 0xfa, 0x75, 0x0, 0x24, 0xd9, 0x0, 0xf4,
    0xea, 0x0, 0x72, 0x6c, 0x80, 0x69, 0xd4, 0x0,
    0xf9, 0x36, 0x40, 0x13, 0xa8, 0x1, 0xfc, 0x9b,
    0x32, 0xd4, 0x0, 0xff, 0x93, 0x74, 0x80, 0x1e,

    /* U+25C9 "◉" */
    0x0, 0xcf, 0x33, 0xc8, 0x1, 0xe4, 0xa4, 0x99,
    0xe2, 0x91, 0x0, 0x93, 0x28, 0xa3, 0x36, 0x91,
    0xa2, 0xc0, 0x3, 0xb0, 0x7e, 0xe6, 0x4b, 0x70,
    0x31, 0x21, 0x36, 0x1c, 0x20, 0x1c, 0xe8, 0x42,
    0x31, 0x29, 0x0, 0x7d, 0xe1, 0x6e, 0x0, 0xd0,
    0xf, 0xca, 0x7, 0xe0, 0xf, 0x0, 0xff, 0xe1,
    0x20, 0x7, 0xe4, 0x3, 0xf1, 0x23, 0x40, 0xf,
    0xa0, 0x2d, 0xe6, 0xc2, 0x90, 0x3, 0xd, 0x91,
    0x4, 0x6d, 0x81, 0xbb, 0x3b, 0x4f, 0xa0, 0xc4,
    0x80, 0x13, 0x28, 0xd2, 0x25, 0x85, 0xa2, 0xc0,
    0x32, 0x52, 0x4c, 0xf1, 0x48, 0x80, 0x0,

    /* U+25CA "◊" */
    0x0, 0x87, 0xb8, 0x20, 0x1e, 0x83, 0x34, 0x0,
    0x71, 0x37, 0x71, 0x88, 0x3, 0x4a, 0x99, 0x96,
    0x40, 0x25, 0x48, 0x0, 0x42, 0x28, 0x2, 0x1c,
    0x80, 0x4, 0xf0, 0x2, 0x5c, 0x1, 0xb8, 0x84,
    0x51, 0x1, 0x0, 0xc, 0x40, 0x41, 0xce, 0x40,
    0x12, 0x6e, 0x1, 0x4b, 0x91, 0x1e, 0x40, 0x32,
    0x22, 0x64, 0x88, 0x0, 0xe9, 0x44, 0x48, 0x7,
    0x8b, 0x74, 0x40, 0x10,

    /* U+25CB "○" */
    0x0, 0xcf, 0x33, 0xc8, 0x1, 0xe4, 0xa4, 0x99,
    0xe2, 0x91, 0x0, 0x93, 0x28, 0xc0, 0x39, 0xa2,
    0xc0, 0x3, 0xb0, 0x1, 0xf8, 0x62, 0x42, 0x6c,
    0x3, 0xfc, 0x42, 0x31, 0x0, 0x7f, 0xd6, 0xe0,
    0x1f, 0xfc, 0x13, 0xf0, 0xf, 0xfe, 0x81, 0xf8,
    0x90, 0x7, 0xfd, 0x6f, 0x36, 0x1, 0xfe, 0x21,
    0x1b, 0x60, 0x3, 0xf0, 0xc4, 0x80, 0x13, 0x28,
    0xc0, 0x39, 0xa2, 0xc0, 0x32, 0x52, 0x4c, 0xf1,
    0x48, 0x80, 0x0,

    /* U+25CC "◌" */
    0x0, 0xc9, 0x63, 0xc1, 0xa5, 0x86, 0x1, 0xc5,
    0x49, 0x43, 0x81, 0x85, 0xc6, 0x60, 0xc, 0x50,
    0x2, 0x4, 0x2, 0x4, 0x4c, 0x0, 0x9d, 0xc4,
    0x1, 0xf8, 0xb0, 0x2, 0x66, 0x0, 0x7f, 0x8b,
    0x40, 0xec, 0x40, 0x3f, 0xc3, 0xe0, 0x70, 0x1,
    0xff, 0xc0, 0xb4, 0x2a, 0x0, 0xff, 0xe0, 0x52,
    0x87, 0x80, 0x7f, 0xf0, 0x14, 0x49, 0x48, 0x3,
    0xfe, 0xd0, 0x2, 0xa0, 0x7, 0xf9, 0x2c, 0x0,
    0xef, 0x0, 0x7e, 0x1e, 0x0, 0xee, 0x1, 0x2,
    0x1, 0xb, 0x2a, 0x0, 0xc3, 0x29, 0xa3, 0x81,
    0xa5, 0x26, 0x1, 0x0,

    /* U+25CE "◎" */
    0x0, 0xcf, 0x33, 0xc8, 0x1, 0xe4, 0xa4, 0x99,
    0xe2, 0x91, 0x0, 0x93, 0x28, 0x9e, 0x22, 0x36,
    0x8b, 0x0, 0xe, 0xc1, 0x43, 0x44, 0x4a, 0xc3,
    0x12, 0x13, 0x61, 0x72, 0x20, 0x13, 0x1a, 0x10,
    0x8c, 0x4b, 0x40, 0x1e, 0x5c, 0xb, 0x70, 0x1,
    0x18, 0x7, 0xf1, 0xf8, 0x7, 0xff, 0x14, 0xd0,
    0x3, 0xf8, 0xfc, 0x49, 0x34, 0x3, 0xcf, 0x41,
    0x6f, 0x36, 0x11, 0x26, 0x0, 0x17, 0x22, 0x84,
    0x6d, 0x81, 0x96, 0x88, 0x33, 0x14, 0x62, 0x40,
    0x9, 0x94, 0x6b, 0x10, 0x71, 0x68, 0xb0, 0xc,
    0x94, 0x93, 0x3c, 0x52, 0x20, 0x0,

    /* U+25CF "●" */
    0x0, 0xc5, 0x1b, 0xfe, 0xd8, 0x20, 0xf, 0x9f,
    0x5c, 0x80, 0x4, 0xfa, 0xe0, 0x1d, 0x10, 0x0,
    0xfd, 0x10, 0x0, 0x8d, 0xc0, 0x3f, 0xce, 0x60,
    0x8, 0x0, 0xff, 0xe0, 0x40, 0x1, 0x0, 0x3f,
    0xf8, 0x8, 0x4, 0x1, 0xff, 0xc2, 0x20, 0xf,
    0xfe, 0x21, 0x0, 0x7f, 0xf0, 0x88, 0x10, 0x3,
    0xff, 0x80, 0x80, 0x8, 0x0, 0xff, 0xe0, 0x40,
    0x0, 0xdc, 0x3, 0xfc, 0xe6, 0x1, 0x44, 0x0,
    0x3f, 0x44, 0x0, 0x39, 0xf5, 0xc8, 0x0, 0x4f,
    0xae, 0x1, 0x0,

    /* U+25D0 "◐" */
    0x0, 0xc3, 0x1b, 0xee, 0xf0, 0x80, 0x79, 0xb9,
    0xc8, 0x1d, 0xe6, 0x50, 0xc, 0xd2, 0x1, 0xf3,
    0x82, 0x80, 0xa, 0x40, 0x3f, 0x94, 0x84, 0x2c,
    0x3, 0xfe, 0x76, 0x7, 0x0, 0xff, 0xe1, 0x8,
    0x7, 0xff, 0x44, 0x40, 0x3f, 0xf8, 0x4e, 0x1,
    0xff, 0xc2, 0xb0, 0xf, 0xf9, 0xd8, 0xa, 0x40,
    0x3f, 0x90, 0x84, 0x0, 0xd2, 0x1, 0xf3, 0x8a,
    0x80, 0x66, 0xe7, 0x20, 0x77, 0x99, 0x40, 0x0,

    /* U+25D1 "◑" */
    0x0, 0x85, 0xde, 0xfd, 0x81, 0x0, 0xf2, 0xb3,
    0xbc, 0x4, 0xfc, 0xc0, 0x19, 0x41, 0xc0, 0x3e,
    0x96, 0x0, 0x9, 0x28, 0x7, 0xf4, 0x90, 0x33,
    0x80, 0x7f, 0xd6, 0x1, 0xff, 0xc2, 0x70, 0xf,
    0xfe, 0x10, 0x88, 0x3, 0xff, 0xa0, 0x22, 0x0,
    0xff, 0xe0, 0xb8, 0x33, 0x80, 0x7f, 0xd6, 0x2,
    0x4a, 0x1, 0xfd, 0x4, 0x0, 0x50, 0x70, 0xf,
    0xa5, 0xc0, 0x32, 0xb3, 0xbc, 0x4, 0xda, 0xc0,
    0x10,

    /* U+25D2 "◒" */
    0x0, 0x85, 0xdf, 0xc2, 0x1, 0xca, 0xce, 0xfe,
    0x65, 0x0, 0x94, 0x5c, 0x3, 0xce, 0x2a, 0x2,
    0x48, 0x1, 0xf9, 0x8, 0x59, 0xc0, 0x3f, 0xce,
    0xc0, 0x1f, 0xfc, 0x2f, 0x0, 0xff, 0xe0, 0x7b,
    0xff, 0xff, 0xf0, 0x1c, 0x80, 0x3f, 0xf8, 0x4,
    0xa0, 0x1f, 0xfc, 0x5, 0x90, 0xf, 0xfe, 0x4,
    0x8d, 0x0, 0x7f, 0xa8, 0x41, 0x68, 0x3, 0xf5,
    0x28, 0x4, 0xbc, 0xe4, 0x0, 0x27, 0xe5, 0x0,
    0x0,

    /* U+25D3 "◓" */
    0x0, 0x86, 0x37, 0xfd, 0xb0, 0x20, 0x1c, 0xbc,
    0xe4, 0x0, 0x27, 0xe5, 0x0, 0x96, 0x80, 0x3f,
    0x52, 0x80, 0xd0, 0x7, 0xfa, 0x86, 0x40, 0x3f,
    0xf8, 0x12, 0xa0, 0x1f, 0xfc, 0x5, 0x20, 0xf,
    0xfe, 0x1, 0x3f, 0xff, 0xff, 0x1, 0xfc, 0x3,
    0xff, 0x81, 0xe0, 0x1f, 0xfc, 0x26, 0x70, 0xf,
    0xf3, 0xb0, 0x92, 0x0, 0x7e, 0x42, 0x10, 0x51,
    0x70, 0xf, 0x38, 0xa8, 0x4, 0xac, 0xef, 0xe6,
    0x50, 0x0,

    /* U+25E2 "◢" */
    0x0, 0xff, 0xe9, 0xc8, 0x7, 0xff, 0xa, 0x58,
    0x3, 0xff, 0x83, 0x2c, 0x1, 0xff, 0xc1, 0x96,
    0x0, 0xff, 0xe0, 0xcb, 0x0, 0x7f, 0xf0, 0x65,
    0x80, 0x3f, 0xf8, 0x32, 0xc0, 0x1f, 0xfc, 0x19,
    0x60, 0xf, 0xfe, 0xc, 0xb0, 0x7, 0xff, 0x6,
    0x58, 0x3, 0xff, 0x83, 0x2c, 0x1, 0xff, 0xc1,
    0x96, 0x0, 0xff, 0xe0, 0xcb, 0x0, 0x7f, 0xf0,
    0x65, 0x80, 0x3f, 0xf8, 0x32, 0xc0, 0x1f, 0xfc,
    0x17, 0x70, 0x8f, 0xff, 0x8,

    /* U+25E3 "◣" */
    0x0, 0xff, 0xe2, 0x48, 0x7, 0xff, 0xd, 0xa4,
    0x3, 0xff, 0x86, 0xd2, 0x1, 0xff, 0xc3, 0x69,
    0x0, 0xff, 0xe1, 0xb4, 0x80, 0x7f, 0xf0, 0xda,
    0x40, 0x3f, 0xf8, 0x6d, 0x20, 0x1f, 0xfc, 0x36,
    0x90, 0xf, 0xfe, 0x1b, 0x48, 0x7, 0xff, 0xd,
    0xa4, 0x3, 0xff, 0x86, 0xd2, 0x1, 0xff, 0xc3,
    0x69, 0x0, 0xff, 0xe1, 0xb4, 0x80, 0x7f, 0xf0,
    0xda, 0x40, 0x3f, 0xf8, 0x6d, 0x20, 0x23, 0xff,
    0xc2, 0x77, 0x0,

    /* U+25E4 "◤" */
    0x11, 0xff, 0xe2, 0x77, 0x7f, 0xf0, 0xdc, 0x3,
    0xff, 0x85, 0x2c, 0x1, 0xff, 0xc1, 0x96, 0x0,
    0xff, 0xe0, 0xcb, 0x0, 0x7f, 0xf0, 0x65, 0x80,
    0x3f, 0xf8, 0x32, 0xc0, 0x1f, 0xfc, 0x19, 0x60,
    0xf, 0xfe, 0xc, 0xb0, 0x7, 0xff, 0x6, 0x58,
    0x3, 0xff, 0x83, 0x2c, 0x1, 0xff, 0xc1, 0x96,
    0x0, 0xff, 0xe0, 0xcb, 0x0, 0x7f, 0xf0, 0x65,
    0x80, 0x3f, 0xf8, 0x32, 0xc0, 0x1f, 0xfc, 0x19,
    0x60, 0xf, 0xfe, 0xc, 0xb0, 0x7, 0xff, 0x8,

    /* U+25E5 "◥" */
    0x11, 0xff, 0xe2, 0x3f, 0x77, 0xff, 0xd, 0xa4,
    0x3, 0xff, 0x86, 0xd2, 0x1, 0xff, 0xc3, 0x69,
    0x0, 0xff, 0xe1, 0xb4, 0x80, 0x7f, 0xf0, 0xda,
    0x40, 0x3f, 0xf8, 0x6d, 0x20, 0x1f, 0xfc, 0x36,
    0x90, 0xf, 0xfe, 0x1b, 0x48, 0x7, 0xff, 0xd,
    0xa4, 0x3, 0xff, 0x86, 0xd2, 0x1, 0xff, 0xc3,
    0x69, 0x0, 0xff, 0xe1, 0xb4, 0x80, 0x7f, 0xf0,
    0xda, 0x40, 0x3f, 0xf8, 0x6d, 0x20, 0x1f, 0xfc,
    0x36, 0x90,

    /* U+25E6 "◦" */
    0x3, 0x96, 0x2, 0xa9, 0x28, 0xa8, 0x4, 0x20,
    0xc, 0x75, 0x62, 0xa2, 0x51, 0x21, 0x0,

    /* U+25EF "◯" */
    0x0, 0xc7, 0x11, 0xe3, 0x0, 0xfa, 0x16, 0x23,
    0xcb, 0x0, 0x1d, 0x32, 0x60, 0xf, 0x34, 0xc8,
    0x2, 0x7b, 0x10, 0xf, 0xc3, 0x6e, 0x1, 0x10,
    0x7, 0xf8, 0xbc, 0x15, 0x0, 0x3f, 0xf8, 0x16,
    0xa4, 0x60, 0x1f, 0xfc, 0x3, 0x20, 0xf, 0xfe,
    0x21, 0x18, 0x7, 0xff, 0x0, 0xc9, 0x6c, 0x3,
    0xff, 0x81, 0x6a, 0x1e, 0x40, 0x1f, 0xe2, 0xf0,
    0x3, 0xd8, 0x80, 0x7e, 0x1b, 0x70, 0xa, 0x64,
    0xc0, 0x1e, 0x69, 0x90, 0x7, 0x42, 0xc4, 0x79,
    0x60, 0x2,

    /* U+2600 "☀" */
    0x0, 0xfa, 0x3c, 0x3, 0xf9, 0x24, 0x2, 0xe2,
    0x0, 0xa5, 0x0, 0x31, 0xb2, 0xc, 0xd9, 0xda,
    0xa9, 0x88, 0x3, 0x3e, 0x3f, 0xb1, 0xa, 0x57,
    0xe3, 0x0, 0x71, 0xf0, 0x80, 0x72, 0xb0, 0x7,
    0x8c, 0x80, 0x3e, 0xe0, 0x9, 0x3e, 0x94, 0x3,
    0xf2, 0x9f, 0xe3, 0x44, 0x98, 0x7, 0xe2, 0x24,
    0xd1, 0x39, 0xa0, 0x7, 0xe4, 0x16, 0x60, 0x4,
    0x30, 0x1, 0xe1, 0x90, 0xe, 0x1c, 0x38, 0x0,
    0xc7, 0xa8, 0x1, 0xd0, 0x4a, 0xff, 0x76, 0xdc,
    0x7a, 0x90, 0xd, 0x38, 0x20, 0x2, 0xa2, 0x4,
    0x9a, 0x0, 0xe2, 0x0, 0xb8, 0x40, 0x26, 0x30,
    0x0,

    /* U+2601 "☁" */
    0x0, 0xe5, 0x64, 0x0, 0xff, 0x8d, 0xd1, 0x9e,
    0x44, 0x3, 0xf9, 0x1c, 0x40, 0xe2, 0xdd, 0xc4,
    0x1, 0xca, 0xc0, 0x18, 0x75, 0xdc, 0xa6, 0x1,
    0xe, 0x32, 0x80, 0x64, 0x0, 0x3d, 0x80, 0x53,
    0x27, 0x50, 0xc, 0x60, 0x17, 0x80, 0x16, 0x80,
    0x3f, 0xf8, 0x44, 0x40, 0xf, 0xfb, 0xd9, 0x8,
    0x80, 0x5, 0x0, 0xfd, 0x0, 0xaa, 0xa0, 0x3,
    0x20, 0x7, 0xca, 0x42, 0x12, 0xee, 0x4c, 0x71,
    0x0, 0x89, 0xd9, 0x0, 0x2, 0xef, 0x43, 0xab,
    0x34, 0x2e, 0x60, 0x0,

    /* U+2602 "☂" */
    0x0, 0xff, 0xe3, 0x24, 0x4c, 0x28, 0x40, 0x7,
    0x2f, 0x5b, 0xb3, 0xd7, 0x90, 0x6, 0xab, 0x10,
    0xf, 0x2d, 0x0, 0x16, 0x7b, 0x82, 0x1, 0xe5,
    0x80, 0x53, 0x1, 0x60, 0xf, 0x9c, 0x40, 0x39,
    0x68, 0xc0, 0x39, 0x80, 0x35, 0x51, 0xd2, 0x40,
    0x36, 0x0, 0x62, 0xb, 0x84, 0x2, 0x30, 0x60,
    0xe, 0x4f, 0x0, 0x4e, 0xe4, 0x8, 0x7, 0x6b,
    0x1, 0x30, 0x1, 0x98, 0x1, 0x9a, 0x80, 0x3e,
    0xf0, 0x80, 0x1f, 0x30, 0xf, 0xa, 0x9f, 0x5,
    0xd8, 0x3, 0xf8, 0xf2, 0xbc, 0x80, 0x3f, 0xd5,
    0x45, 0x0, 0xff, 0x0,

    /* U+2603 "☃" */
    0x0, 0xf9, 0x61, 0x44, 0x3, 0xfe, 0x4a, 0x7a,
    0xe1, 0x0, 0xff, 0x58, 0x6, 0x30, 0xf, 0xc4,
    0xfb, 0x6e, 0x83, 0x20, 0x1f, 0x95, 0x15, 0x22,
    0x7f, 0x40, 0x3f, 0x9, 0x12, 0xd6, 0xd4, 0x0,
    0x40, 0x1, 0x6, 0x1, 0x3, 0xa4, 0xc4, 0x10,
    0x46, 0x33, 0x3f, 0x2c, 0xab, 0xa2, 0x47, 0x29,
    0xce, 0x64, 0xf9, 0xeb, 0x7f, 0xdc, 0xcc, 0x6,
    0x70, 0x80, 0x43, 0x76, 0xc9, 0x22, 0x20, 0xc,
    0x98, 0x6, 0x31, 0x3, 0x7e, 0xf9, 0x35, 0x13,
    0x0, 0xfe, 0x57, 0xc, 0xa0, 0xf, 0xfe, 0x1,
    0x80, 0x61, 0x0, 0xc4, 0x80, 0x12, 0xa0, 0x4,
    0x86, 0x1, 0x91, 0xd9, 0xa2, 0x36, 0x69, 0xd0,
    0x3, 0x8d, 0x9a, 0x55, 0x33, 0x46, 0x1, 0x0,

    /* U+2605 "★" */
    0x0, 0xff, 0xe5, 0x99, 0x80, 0x3f, 0xf8, 0x55,
    0x40, 0xf, 0xfe, 0x13, 0xb8, 0x3, 0xff, 0x82,
    0x62, 0x23, 0x0, 0xff, 0xe0, 0x58, 0x2, 0xc0,
    0x3c, 0x35, 0x99, 0x9c, 0x0, 0xf9, 0x9a, 0x84,
    0x56, 0xc6, 0x70, 0x6, 0x33, 0x9a, 0xc4, 0x6,
    0xa4, 0x3, 0xf4, 0xd0, 0x80, 0x66, 0xd0, 0xf,
    0x6b, 0x0, 0x7f, 0xf2, 0xd4, 0x0, 0x22, 0x0,
    0x28, 0x7, 0xea, 0x3, 0xff, 0x18, 0x50, 0x7,
    0xc4, 0x47, 0xc1, 0x16, 0x39, 0x10, 0x3, 0xcf,
    0x90, 0x1, 0xa3, 0x1c, 0x3, 0xca, 0x60, 0x1e,
    0x35, 0x0, 0x80,

    /* U+2606 "☆" */
    0x0, 0xff, 0xe5, 0xa2, 0x0, 0x3f, 0xf8, 0x59,
    0x80, 0xf, 0xfe, 0x10, 0x88, 0x3, 0xff, 0x82,
    0x7f, 0xe3, 0x0, 0xff, 0xe0, 0x5b, 0xba, 0xc0,
    0x3c, 0x57, 0x33, 0x84, 0x74, 0xce, 0xb2, 0x25,
    0x6, 0xcc, 0xc0, 0x9, 0x9b, 0x42, 0x88, 0x6,
    0x4a, 0x0, 0x3d, 0x5, 0x22, 0x1, 0x9a, 0xa8,
    0x1, 0xaa, 0x8c, 0x1, 0xfb, 0x40, 0x36, 0x80,
    0x7f, 0x53, 0xc, 0xc8, 0x5a, 0x80, 0x3f, 0x9,
    0x5c, 0x42, 0xc8, 0x40, 0x3e, 0x25, 0xba, 0x11,
    0x55, 0xa9, 0x0, 0x79, 0x22, 0x0, 0x1a, 0x20,
    0x80, 0x1e, 0x64, 0x0, 0xf2, 0x30, 0x4,

    /* U+2609 "☉" */
    0x0, 0x25, 0xf7, 0x2d, 0x0, 0x27, 0x9e, 0xff,
    0x74, 0xb8, 0x1c, 0xe2, 0x88, 0x97, 0x28, 0xe6,
    0x4, 0x3, 0xc, 0x4b, 0xa0, 0x3, 0x30, 0x0,
    0x47, 0x0, 0xca, 0xa0, 0x1, 0x82, 0x20, 0x1,
    0x32, 0x0, 0x22, 0x2e, 0x8, 0x3, 0x14, 0x59,
    0x5e, 0x39, 0x11, 0xf2, 0xc8, 0x17, 0x3b, 0xb6,
    0x28, 0x0,

    /* U+260E "☎" */
    0x0, 0xf0, 0x91, 0x4, 0x3, 0xf0, 0xc6, 0x7f,
    0x6e, 0xbb, 0xf6, 0x4c, 0x2, 0x6e, 0x73, 0x0,
    0xf1, 0x36, 0x48, 0x2, 0x40, 0x7d, 0x8f, 0xfc,
    0xe5, 0xea, 0xc, 0x64, 0x0, 0x14, 0x33, 0x66,
    0x18, 0xc1, 0x40, 0xa, 0xa, 0xf4, 0xea, 0x9f,
    0xcc, 0x2d, 0x70, 0xa6, 0x55, 0x9, 0xc5, 0x66,
    0x50, 0xd2, 0xee, 0xa5, 0x0, 0xb4, 0xa8, 0x3,
    0x50, 0x69, 0x0, 0x67, 0x30, 0xf, 0xc3, 0x20,
    0x1a, 0xc0, 0x14, 0x1, 0xa8, 0x0, 0x82, 0x1,
    0x18, 0x0, 0xac, 0xca, 0x18, 0x2, 0x20, 0x9,
    0x4c, 0xe7, 0xfe, 0x43, 0x3c, 0x40,

    /* U+260F "☏" */
    0x0, 0xc4, 0xac, 0xee, 0x65, 0x30, 0xe, 0x17,
    0x73, 0x3b, 0x3b, 0x99, 0x1d, 0xe1, 0x1, 0x97,
    0x33, 0xa, 0x3b, 0x90, 0x8c, 0x9d, 0x89, 0xe4,
    0x9, 0x90, 0xdd, 0xc6, 0x8e, 0x60, 0xea, 0x22,
    0x4, 0x61, 0x27, 0x71, 0x11, 0xd4, 0x2, 0x27,
    0x72, 0x73, 0x18, 0x0, 0xd7, 0x99, 0xdc, 0x4a,
    0xee, 0x1b, 0x64, 0x77, 0x23, 0x5e, 0xbb, 0x94,
    0x0, 0xa8, 0x42, 0x40, 0x2, 0x12, 0xa6, 0x0,
    0xc4, 0x60, 0x1f, 0x88, 0x3, 0x1a, 0x0, 0x4,
    0x80, 0x4, 0x20, 0x4, 0x50, 0x3, 0x10, 0x1,
    0x91, 0xdc, 0x8c, 0x0, 0x22, 0x0, 0x1d, 0x9d,
    0xe1, 0x0, 0xb, 0xbe, 0x40,

    /* U+2616 "☖" */
    0x0, 0xff, 0xe3, 0xad, 0xd1, 0x80, 0x7e, 0x2a,
    0x3b, 0xab, 0x91, 0x0, 0xe8, 0xab, 0x60, 0x4,
    0x5d, 0x94, 0x2, 0x3f, 0x81, 0x0, 0xc5, 0x5e,
    0x1, 0x31, 0x80, 0x7e, 0x31, 0x0, 0x13, 0x80,
    0x7e, 0xe2, 0x0, 0x71, 0x0, 0x7e, 0x27, 0x0,
    0x18, 0x80, 0x7e, 0x62, 0x0, 0xff, 0xe0, 0x17,
    0x0, 0x7f, 0xf0, 0x4, 0x80, 0x4c, 0x3, 0xff,
    0x80, 0x5c, 0x1, 0xff, 0xc0, 0x62, 0x0, 0xff,
    0x18, 0xf, 0xd5, 0x7f, 0x8c, 0x40,

    /* U+2617 "☗" */
    0x0, 0xff, 0xe3, 0xaf, 0x61, 0x80, 0x7e, 0x2b,
    0xa1, 0x3c, 0x91, 0x0, 0xe8, 0xd4, 0x0, 0xcd,
    0xea, 0x1, 0x1b, 0x80, 0x7c, 0x34, 0x1, 0x30,
    0x7, 0xf8, 0x40, 0x4, 0x1, 0xfe, 0x20, 0x7,
    0x0, 0x7f, 0x9c, 0x0, 0x40, 0x1f, 0xe2, 0x0,
    0x30, 0x7, 0xfb, 0x80, 0x4, 0x1, 0xfe, 0x20,
    0x10, 0xf, 0xf9, 0x80, 0x80, 0x3f, 0xe2, 0x6,
    0x0, 0xff, 0x84, 0x5, 0x57, 0xff, 0x80, 0x20,

    /* U+261C "☜" */
    0x0, 0x89, 0x15, 0x9d, 0xcc, 0x60, 0x1c, 0x8c,
    0xac, 0xee, 0x12, 0x76, 0x6, 0x75, 0x31, 0x1,
    0x23, 0x4b, 0x64, 0x64, 0x36, 0x77, 0x3, 0xa3,
    0xb8, 0xcd, 0x92, 0xd7, 0x68, 0x10, 0x23, 0x0,
    0xf2, 0xd0, 0x38, 0x2e, 0x38, 0x7, 0x93, 0x59,
    0xad, 0x3d, 0xd3, 0x80, 0x7d, 0x7e, 0x48, 0xb6,
    0x0, 0x26, 0x60, 0x7, 0x16, 0x7f, 0xb8, 0x19,
    0xd9, 0xb0, 0x7, 0x2c, 0xd6, 0x3b, 0x3a, 0x0,
    0x40,

    /* U+261D "☝" */
    0x6, 0x80, 0xf, 0x8b, 0xc0, 0x3c, 0x2e, 0xa,
    0xa0, 0xc, 0x44, 0x7, 0x74, 0xb0, 0x1, 0xc5,
    0x68, 0xbf, 0xa4, 0x4, 0x8, 0x11, 0x78, 0x40,
    0x8a, 0xfc, 0x12, 0x40, 0x1, 0x2c, 0x24, 0x9a,
    0x80, 0x89, 0x84, 0xc8, 0xfc, 0x15, 0x6, 0xca,
    0x50, 0x0, 0x64, 0xa, 0x20, 0x1f, 0xa0, 0x11,
    0x40, 0x8, 0x60, 0x80, 0x46, 0x1, 0x5b, 0xbd,
    0x80, 0x0,

    /* U+261E "☞" */
    0x0, 0xe3, 0x67, 0x73, 0x29, 0x90, 0x4, 0x46,
    0xae, 0xc0, 0xce, 0x42, 0x80, 0xcd, 0x1a, 0x2,
    0x3b, 0x1a, 0x32, 0x34, 0x21, 0x88, 0x9c, 0xc,
    0x40, 0x62, 0xec, 0xcc, 0xc2, 0x47, 0x72, 0x0,
    0x51, 0x8a, 0x8, 0xa, 0xa1, 0x0, 0xfa, 0x37,
    0x47, 0xec, 0xed, 0xa6, 0x1, 0x99, 0x84, 0x0,
    0xb4, 0x41, 0xfc, 0x0, 0x66, 0x6c, 0xee, 0xe,
    0xff, 0x60, 0x80, 0x7c, 0x8e, 0xf6, 0x54, 0xa8,
    0x7, 0x0,

    /* U+261F "☟" */
    0x3, 0x86, 0x6a, 0x80, 0x35, 0xb3, 0x58, 0x1,
    0x21, 0x82, 0x82, 0x98, 0x7, 0x48, 0x1a, 0x81,
    0x98, 0x14, 0x40, 0x32, 0xa8, 0x6c, 0xbe, 0x80,
    0x2, 0x26, 0x13, 0x4d, 0xc0, 0x11, 0x2c, 0xa4,
    0x9b, 0x1, 0x81, 0x7d, 0x89, 0x20, 0x8, 0x8f,
    0x8d, 0x7c, 0x41, 0xc5, 0x9, 0x4f, 0x64, 0x8,
    0x80, 0xab, 0x20, 0x0, 0x58, 0x3, 0xf1, 0xf8,
    0x7, 0x80,

    /* U+262F "☯" */
    0x0, 0xc7, 0x3b, 0xfe, 0xa7, 0x30, 0xf, 0xa7,
    0x18, 0x80, 0xb, 0xce, 0xe0, 0xe, 0xb6, 0x0,
    0xf3, 0x3, 0x38, 0x4, 0xe8, 0x1, 0xa1, 0xc0,
    0x6, 0x2c, 0xc0, 0x4, 0x0, 0x74, 0x38, 0x0,
    0x40, 0x40, 0xa, 0x1, 0xfc, 0x4c, 0x0, 0x44,
    0x10, 0x7, 0xc2, 0xd8, 0x1, 0x11, 0x0, 0x38,
    0xb3, 0xfa, 0x44, 0x3, 0x88, 0x2, 0x1c, 0x30,
    0xf, 0x88, 0x8a, 0x1, 0x30, 0x81, 0x10, 0x3,
    0x91, 0x1, 0x0, 0xf, 0x0, 0x44, 0x0, 0x30,
    0x98, 0x1, 0xd0, 0x30, 0x1, 0x54, 0x0, 0x85,
    0x94, 0x2, 0xb6, 0x46, 0x0, 0xe4, 0x67, 0x0,
    0xe9, 0xcf, 0x97, 0x66, 0xce, 0x1, 0x0,

    /* U+2640 "♀" */
    0x0, 0x86, 0xbf, 0xd4, 0x20, 0x1e, 0xd1, 0xcd,
    0xd, 0x0, 0xe4, 0x1b, 0x32, 0xa1, 0x40, 0xc,
    0x6e, 0x1, 0x9c, 0xc0, 0x31, 0xb8, 0x6, 0x73,
    0x0, 0xc8, 0x36, 0x44, 0xa1, 0x40, 0xe, 0xd2,
    0xdd, 0x1e, 0x80, 0x78, 0x65, 0xdd, 0x22, 0x1,
    0x95, 0x71, 0x99, 0x57, 0x0, 0xcc, 0xe5, 0x54,
    0xce, 0x11, 0x66, 0x66, 0x66, 0x66, 0x10, 0xf,
    0xfe, 0xc0,

    /* U+2641 "♁" */
    0x0, 0xe8, 0x80, 0x7, 0xff, 0x74, 0x7b, 0xb3,
    0xbb, 0xbb, 0x8, 0xb3, 0x32, 0xab, 0x33, 0x8,
    0x11, 0x63, 0x31, 0x16, 0x0, 0xc5, 0x8c, 0xcc,
    0x20, 0xf, 0x7a, 0xff, 0x93, 0xc0, 0x39, 0x42,
    0x40, 0x10, 0xa, 0x1, 0x89, 0xc0, 0x33, 0x90,
    0x6, 0x34, 0x0, 0xce, 0x60, 0x19, 0xa, 0x88,
    0x94, 0x28, 0x1, 0xda, 0x1b, 0xa0, 0xd0, 0x8,

    /* U+2642 "♂" */
    0x0, 0xf0, 0xff, 0xf7, 0x0, 0x78, 0x77, 0x67,
    0x0, 0xfe, 0x22, 0x23, 0xc0, 0x7, 0xf3, 0x4d,
    0xa0, 0x7, 0xe6, 0x9b, 0x40, 0xc, 0xb7, 0xb5,
    0x13, 0x68, 0x1, 0x9a, 0xf6, 0x4d, 0xe9, 0x0,
    0x7, 0xc1, 0x14, 0xc9, 0x2b, 0x80, 0x1c, 0x42,
    0x80, 0x17, 0xa8, 0x7, 0x10, 0x10, 0x5, 0xac,
    0x1, 0xe7, 0xf3, 0x16, 0x79, 0x0, 0xf4, 0x2e,
    0x75, 0xd8, 0xc0, 0x3e, 0x8f, 0xf6, 0xa0, 0x7,
    0x80,

    /* U+2660 "♠" */
    0x0, 0xf1, 0x8, 0x7, 0xfc, 0x3f, 0x40, 0x1f,
    0xf6, 0x92, 0x48, 0x7, 0xf5, 0x98, 0x1, 0xa0,
    0x3, 0xeb, 0x40, 0xc, 0xf0, 0x1, 0xd6, 0x80,
    0x1e, 0x79, 0x0, 0xa5, 0x0, 0x3f, 0x33, 0x1,
    0x18, 0x3, 0xfd, 0x23, 0xc0, 0x1f, 0xfc, 0x6,
    0x60, 0x7, 0xff, 0x3, 0x98, 0x3, 0xff, 0x81,
    0xd2, 0x1, 0xc8, 0xa0, 0x18, 0x58, 0xec, 0x80,
    0xf0, 0xe, 0x88, 0xf, 0x44, 0x13, 0x7f, 0x5,
    0x1d, 0x77, 0xf0, 0xc0, 0x38, 0x7c, 0x6, 0xc0,
    0x38,

    /* U+2661 "♡" */
    0x3, 0x99, 0x9c, 0x0, 0xd3, 0x2a, 0x30, 0x1a,
    0x99, 0x8d, 0xdc, 0x73, 0x2a, 0xa1, 0x4c, 0x0,
    0x49, 0xdc, 0x50, 0xa, 0x28, 0x44, 0x1, 0xa2,
    0x0, 0x18, 0x44, 0x1, 0xe1, 0x10, 0x7, 0xbc,
    0xc0, 0x3f, 0xc7, 0xcd, 0x20, 0x1f, 0xe9, 0x70,
    0x99, 0x0, 0x7e, 0x8e, 0x0, 0x1e, 0xc0, 0x7,
    0xa3, 0x50, 0x2, 0x4c, 0x80, 0xd, 0x18, 0xa0,
    0x1c, 0x99, 0x0, 0x7, 0xd4, 0x0, 0xf9, 0x39,
    0x54, 0xa, 0x1, 0xfc, 0xd9, 0x87, 0x0, 0xff,
    0xa6, 0x0, 0x3c,

    /* U+2662 "♢" */
    0x0, 0xe1, 0x10, 0x7, 0xfa, 0x20, 0x1, 0xfc,
    0xbf, 0xe5, 0x0, 0xf8, 0x7d, 0x99, 0xe2, 0x1,
    0xeb, 0xb0, 0x2, 0xec, 0x1, 0xd3, 0x21, 0x0,
    0xc, 0xc8, 0x2, 0x7c, 0x30, 0xc, 0x78, 0xe0,
    0xc0, 0xa0, 0x1e, 0x50, 0x62, 0xe0, 0xf, 0xdc,
    0x49, 0x8e, 0x1, 0xe7, 0xc4, 0x5, 0x5, 0x0,
    0xca, 0xa, 0x1, 0x3e, 0x10, 0x0, 0xbd, 0xc0,
    0x3a, 0x60, 0x1, 0x14, 0x1, 0xf4, 0xc3, 0xc8,
    0x7, 0xe3, 0xf, 0x30, 0xf, 0xe9, 0x90, 0x7,
    0x0,

    /* U+2663 "♣" */
    0x0, 0xe9, 0xff, 0x48, 0x7, 0xf5, 0xb0, 0x1,
    0xac, 0x3, 0xe2, 0x40, 0xc, 0x84, 0x1, 0xe6,
    0x0, 0xf3, 0x0, 0x79, 0x40, 0x3c, 0xa0, 0x1c,
    0xae, 0xa0, 0x19, 0x5d, 0x40, 0x5, 0xd5, 0x2a,
    0x1, 0x96, 0x6b, 0x8a, 0x44, 0x3, 0xfc, 0x32,
    0x80, 0x1f, 0xfc, 0x4, 0x10, 0xf, 0xfe, 0x0,
    0xb0, 0x6, 0x16, 0x60, 0x80, 0x66, 0x87, 0x0,
    0x1e, 0x19, 0x61, 0x80, 0x1e, 0x2, 0x3f, 0xd8,
    0xa, 0x81, 0x9f, 0xe8, 0x0, 0xf7, 0x80, 0x3c,
    0x3, 0x80,

    /* U+2664 "♤" */
    0x0, 0xf1, 0x10, 0x3, 0xfe, 0x18, 0x80, 0x80,
    0x7f, 0xae, 0x2e, 0xc0, 0x1f, 0xd3, 0x4, 0x31,
    0x40, 0x1f, 0x55, 0x90, 0x0, 0xa2, 0x80, 0x3a,
    0xa0, 0x80, 0x31, 0x45, 0x0, 0x53, 0x4, 0x1,
    0xe2, 0x89, 0x3, 0xe2, 0x0, 0xfc, 0x5c, 0x74,
    0xe0, 0x1f, 0xe7, 0xa0, 0xf, 0xfe, 0x10, 0x88,
    0x3, 0x19, 0x80, 0x30, 0x8a, 0xa0, 0x2, 0x89,
    0x94, 0x0, 0x51, 0x45, 0xb3, 0x2a, 0xd3, 0x36,
    0xd4, 0xcb, 0x48, 0x12, 0x65, 0x41, 0x98, 0xa,
    0x99, 0x20, 0x7, 0x15, 0xe6, 0x2c, 0x80, 0x30,

    /* U+2665 "♥" */
    0x3, 0xcf, 0xd6, 0x0, 0x3f, 0x7e, 0x10, 0xe,
    0x18, 0x14, 0xb3, 0xc0, 0x81, 0xe0, 0xc8, 0x7,
    0x44, 0x80, 0x61, 0x63, 0x0, 0xe1, 0x10, 0x7,
    0x68, 0x7, 0xff, 0xb, 0x0, 0x3f, 0xf8, 0x1e,
    0xe2, 0x1, 0xfe, 0x25, 0xd, 0x0, 0xff, 0x78,
    0x0, 0xec, 0x3, 0xf6, 0x10, 0x4, 0x96, 0x1,
    0xec, 0x30, 0xe, 0x4b, 0x0, 0xd6, 0x60, 0x1f,
    0x24, 0x80, 0x29, 0x0, 0x3f, 0x99, 0x59, 0x40,
    0x3f, 0xea, 0x90, 0xf, 0x0,

    /* U+2666 "♦" */
    0x0, 0xe1, 0x10, 0x7, 0xfa, 0xec, 0x1, 0xfc,
    0xab, 0x80, 0x3e, 0x1b, 0x0, 0x58, 0x80, 0x7b,
    0x44, 0x0, 0x3a, 0x1, 0xd2, 0x60, 0x18, 0xe4,
    0x2, 0x76, 0x0, 0xf3, 0x38, 0x2c, 0x0, 0x7e,
    0x85, 0x10, 0xf, 0xf0, 0xa5, 0x0, 0x7e, 0xa4,
    0x5, 0x80, 0xf, 0x42, 0x80, 0x4e, 0xa0, 0x19,
    0x5c, 0x3, 0xa8, 0x80, 0x5, 0x40, 0x1f, 0x70,
    0x3, 0x80, 0x3f, 0x1b, 0xb8, 0xc0, 0x3f, 0xa2,
    0x0, 0x1c,

    /* U+2667 "♧" */
    0x0, 0xe7, 0x99, 0x88, 0x3, 0xf3, 0x9c, 0xcd,
    0x2, 0x1, 0xf6, 0xa0, 0x5, 0xc, 0x1, 0xf1,
    0x0, 0x62, 0xf0, 0xf, 0x88, 0x3, 0x26, 0x80,
    0x61, 0x79, 0x15, 0x0, 0xa3, 0x60, 0x80, 0xed,
    0x66, 0x4c, 0x1, 0x44, 0xca, 0xce, 0x68, 0x80,
    0x8c, 0x2, 0x41, 0x14, 0xc8, 0xc0, 0x3f, 0xf8,
    0x6, 0x1, 0xe3, 0x30, 0x7, 0xb9, 0x0, 0x28,
    0x99, 0x80, 0x24, 0xe7, 0x39, 0x9a, 0xc0, 0xea,
    0x66, 0x37, 0x7, 0x99, 0x9f, 0x2a, 0xe6, 0x67,
    0x0, 0xf4, 0xfd, 0x31, 0x80, 0x60,

    /* U+2668 "♨" */
    0x0, 0xf0, 0xb8, 0x7, 0xf2, 0x40, 0x6a, 0x83,
    0xa0, 0x7, 0xa6, 0x8, 0x8, 0x6d, 0x0, 0x3c,
    0x40, 0x24, 0x4, 0x1, 0xf8, 0x94, 0xc4, 0xc8,
    0xc4, 0x3, 0xd5, 0x0, 0xd0, 0x2b, 0x20, 0x1c,
    0x6e, 0x66, 0xb4, 0x18, 0x62, 0x0, 0xd, 0x80,
    0x11, 0x88, 0x8a, 0x40, 0x36, 0x57, 0xa6, 0xc,
    0x80, 0x5, 0x12, 0x3e, 0x81, 0x0, 0x25, 0xa,
    0x38, 0xb7, 0x81, 0x8e, 0x41, 0xa3, 0x0, 0xd0,
    0x39, 0x9a, 0x31, 0xdd, 0x96, 0xc6, 0xe4, 0x6d,
    0x78, 0xee, 0x9, 0xb1, 0x9c, 0xdd, 0x64, 0x8d,
    0xc8, 0x4, 0x95, 0xfb, 0x98, 0xdf, 0xa4, 0x0,
    0x0,

    /* U+2669 "♩" */
    0x0, 0xd4, 0x1, 0xff, 0xe3, 0x45, 0x10, 0xbb,
    0x52, 0xb2, 0x0, 0x11, 0x44, 0x1a, 0x80,

    /* U+266A "♪" */
    0x0, 0xcc, 0x1, 0xfc, 0xa0, 0x1f, 0xac, 0x80,
    0x3e, 0x3c, 0x30, 0xf, 0x4e, 0xf1, 0x0, 0x78,
    0xe6, 0x0, 0x3e, 0x46, 0x0, 0xfc, 0xe0, 0x1f,
    0x9, 0x80, 0x7c, 0xf2, 0x0, 0x25, 0xf0, 0x2,
    0x8, 0x3e, 0xd3, 0x38, 0x10, 0xc, 0x0, 0x4,
    0xc0, 0x21, 0x30, 0x3d, 0x0, 0xc0,

    /* U+266B "♫" */
    0x0, 0xff, 0xe0, 0x19, 0x80, 0x3e, 0x15, 0x8c,
    0xfc, 0x90, 0xc, 0xd5, 0xdc, 0xa7, 0x30, 0xf,
    0xad, 0x44, 0x0, 0x6d, 0x5a, 0x1, 0xc2, 0xb3,
    0x9f, 0x92, 0xa4, 0x1, 0xcd, 0x4c, 0x60, 0x1f,
    0xff, 0xc7, 0xde, 0x0, 0x91, 0x40, 0x3a, 0x60,
    0x84, 0x87, 0x6e, 0x98, 0x3, 0x28, 0x0, 0xa6,
    0x44, 0x0, 0x40, 0xd, 0xb1, 0x5a, 0x3a, 0x2,
    0xf0, 0x1, 0x85, 0xd4, 0x0,

    /* U+266C "♬" */
    0x0, 0xff, 0x8d, 0xd8, 0x3, 0xc4, 0xb3, 0x9f,
    0x91, 0x80, 0x1a, 0x7b, 0x69, 0x85, 0xa7, 0x40,
    0x39, 0x52, 0x2f, 0xf7, 0x43, 0x0, 0x1c, 0xd0,
    0x3b, 0xaf, 0xb8, 0x40, 0xe, 0x7d, 0x96, 0x16,
    0xad, 0xe0, 0xe, 0x19, 0xcf, 0xc9, 0x52, 0x0,
    0xf3, 0x30, 0xc0, 0x3f, 0xfc, 0x2f, 0xbc, 0x1,
    0x22, 0x80, 0x74, 0xc1, 0x9, 0xe, 0xdd, 0x30,
    0x6, 0x50, 0x1, 0x4c, 0x88, 0x0, 0x80, 0x1b,
    0x62, 0xb4, 0x74, 0x5, 0xe0, 0x3, 0xb, 0xa8,
    0x0,

    /* U+266D "♭" */
    0xa0, 0xf, 0xfe, 0xc1, 0x4d, 0xc0, 0x0, 0xee,
    0xb5, 0xdc, 0x17, 0x26, 0xc1, 0xa1, 0x20, 0x1,
    0xd, 0x1, 0x0, 0x41, 0x38, 0x5, 0x9, 0x80,
    0x15, 0xe, 0x88, 0x2, 0x7a, 0x40, 0x2d, 0x84,
    0x0, 0xc0,

    /* U+266E "♮" */
    0x90, 0xf, 0xfe, 0x18, 0x99, 0x96, 0x77, 0xb8,
    0xd4, 0x88, 0xa7, 0x6e, 0xd9, 0x53, 0x30, 0x80,
    0x7f, 0xf0, 0x9, 0xa5, 0x4b, 0xb6, 0x50, 0xd,
    0xaf, 0xf5, 0x62, 0x8, 0x1, 0xff, 0xc2, 0x10,

    /* U+266F "♯" */
    0x0, 0xa8, 0x1, 0x40, 0x1f, 0xfc, 0xe1, 0x58,
    0x7c, 0xf2, 0x27, 0x7a, 0x53, 0x1a, 0xc9, 0x1b,
    0x52, 0xff, 0x24, 0xb0, 0xc, 0x28, 0x7, 0xff,
    0xc, 0x80, 0x2, 0x8d, 0x16, 0x9f, 0xa4, 0x4e,
    0xb3, 0x51, 0x3a, 0xc2, 0x3b, 0xd5, 0xda, 0x75,
    0x30, 0x14, 0x20, 0xf, 0xfe, 0x5f, 0x80, 0x40,

    /* U+2672 "♲" */
    0x0, 0xc8, 0x85, 0x84, 0x4c, 0x1, 0xf1, 0x3a,
    0x2e, 0x82, 0x21, 0x8c, 0x40, 0x39, 0xcc, 0x0,
    0x20, 0x11, 0x20, 0x7, 0x9, 0x80, 0x11, 0x25,
    0x0, 0x18, 0x80, 0x61, 0x74, 0x57, 0x1, 0x34,
    0x42, 0xa0, 0x0, 0xa1, 0x15, 0xd4, 0xc0, 0x59,
    0x1d, 0x51, 0x0, 0x76, 0x88, 0x60, 0xf, 0x32,
    0x3, 0xa, 0x18, 0x3, 0x48, 0x3, 0x84, 0x0,
    0x4a, 0x20, 0x4, 0x82, 0x0, 0xe4, 0x50, 0x0,
    0xa2, 0x4, 0x3, 0xc6, 0x80, 0xc8, 0xaa, 0x7,
    0x42, 0x44, 0x94, 0x18, 0x11, 0xc4, 0x2, 0x30,
    0x74, 0x48, 0x55, 0x48, 0x90, 0x28, 0x4, 0xe6,
    0x1, 0x98, 0x80, 0x4, 0xc0, 0x18, 0x85, 0x12,
    0x63, 0x77, 0x20, 0x98, 0x7, 0x1a, 0x24, 0x40,
    0xaa, 0x43, 0x0, 0x80,

    /* U+2673 "♳" */
    0x0, 0xf3, 0xf7, 0x1c, 0x3, 0xfe, 0x78, 0x33,
    0x43, 0x80, 0x7f, 0x14, 0x1e, 0xe8, 0xe0, 0x80,
    0x3f, 0x48, 0x70, 0x3, 0x83, 0xe0, 0x3, 0xcc,
    0x8e, 0x40, 0x1, 0x11, 0x58, 0x7, 0x91, 0xa0,
    0xaf, 0x4f, 0xb1, 0x80, 0x31, 0x3c, 0xc8, 0x2d,
    0xc, 0x0, 0xf5, 0x0, 0x13, 0xc2, 0x18, 0x4b,
    0x80, 0x48, 0x6e, 0x40, 0xd, 0x8, 0x70, 0xf,
    0xbc, 0x24, 0x9, 0xd5, 0xd0, 0x1, 0xe0, 0x18,
    0xd9, 0xd, 0x42, 0x0, 0x33, 0xf0, 0x6, 0x80,
    0xbf, 0x4, 0x0, 0xf3, 0xa8, 0x1, 0xc3, 0xe4,
    0x67, 0xff, 0x6a, 0xc5, 0x7f, 0xa4, 0x58, 0x7e,
    0x5d, 0x9a, 0xa4, 0x24, 0x67, 0x9f, 0x10, 0x16,
    0x89, 0x99, 0xc7, 0x22, 0x61, 0x84, 0x0,

    /* U+2674 "♴" */
    0x0, 0xf3, 0xf7, 0x1c, 0x3, 0xfe, 0x88, 0x19,
    0xa1, 0xc0, 0x3f, 0x8d, 0xcf, 0x74, 0x70, 0x40,
    0x1f, 0xbc, 0x38, 0x1, 0xc1, 0xee, 0x1, 0xe7,
    0x38, 0x20, 0x3, 0x9, 0x20, 0x7, 0x91, 0x9e,
    0xbf, 0x9b, 0xb1, 0x4, 0x2, 0x6c, 0xe9, 0xd,
    0xc3, 0xa0, 0x78, 0x80, 0x4, 0x86, 0x44, 0x7,
    0x23, 0xc0, 0x45, 0x62, 0x0, 0x48, 0x58, 0x81,
    0x79, 0x30, 0x2, 0x2, 0x40, 0xd1, 0xd0, 0xc3,
    0x4, 0xe4, 0x0, 0x4e, 0x87, 0x61, 0x40, 0x17,
    0x7f, 0xac, 0x2, 0x90, 0xbf, 0x5, 0x10, 0xe,
    0x85, 0x0, 0x38, 0x7b, 0xc, 0x77, 0xfd, 0xac,
    0xf5, 0xfe, 0x91, 0x61, 0xe9, 0x76, 0x6a, 0x9c,
    0x91, 0x9e, 0x7c, 0x40, 0xd, 0x13, 0x33, 0x8e,
    0x44, 0xc3, 0x8, 0x0,

    /* U+2675 "♵" */
    0x0, 0xf3, 0xf7, 0x1c, 0x3, 0xfe, 0x78, 0x33,
    0x43, 0x80, 0x7f, 0x14, 0x1e, 0xe8, 0xe0, 0x80,
    0x3f, 0x70, 0x70, 0x3, 0x83, 0xdc, 0x3, 0xcc,
    0x6e, 0x40, 0x6, 0x12, 0x40, 0xf, 0x2b, 0x44,
    0x3f, 0x9f, 0xb1, 0x4, 0x2, 0x6c, 0xd9, 0xb,
    0xd0, 0xb0, 0x78, 0x80, 0x4, 0x86, 0x26, 0x7,
    0x3, 0x60, 0x8a, 0xc4, 0x0, 0x90, 0xc0, 0x2,
    0x51, 0xc0, 0x2, 0x2, 0x40, 0xd1, 0xcc, 0xc1,
    0x1e, 0x7c, 0x0, 0x27, 0x43, 0xb0, 0xa0, 0xb,
    0x3b, 0x8a, 0x1, 0x48, 0x5f, 0x82, 0x88, 0x4,
    0x22, 0x85, 0x0, 0x38, 0x7b, 0xc, 0x77, 0xfd,
    0xac, 0xf5, 0xfe, 0x91, 0x61, 0xe9, 0x76, 0x6a,
    0x9c, 0x91, 0x9e, 0x7c, 0x40, 0xd, 0x13, 0x33,
    0x8e, 0x44, 0xc3, 0x8, 0x0,

    /* U+2676 "♶" */
    0x0, 0xf3, 0xf7, 0x1c, 0x3, 0xfe, 0x78, 0x33,
    0x43, 0x80, 0x7f, 0x14, 0x1e, 0xe8, 0xe0, 0x80,
    0x3f, 0x70, 0x70, 0x3, 0x83, 0xdc, 0x3, 0xcc,
    0x6e, 0x40, 0x6, 0x12, 0x40, 0xf, 0x2b, 0x40,
    0x67, 0x2f, 0x62, 0x8, 0x4, 0xd9, 0xb2, 0xc,
    0x2, 0x0, 0x78, 0x80, 0x4, 0x86, 0x26, 0x11,
    0x0, 0x9, 0x15, 0x88, 0x1, 0x21, 0x60, 0xa1,
    0x41, 0xa0, 0x8, 0x9, 0x3, 0x46, 0x43, 0x5e,
    0xc0, 0xd0, 0x1, 0x3a, 0x1d, 0x85, 0x80, 0x62,
    0xf1, 0x0, 0xa4, 0x2f, 0xc1, 0x44, 0x3, 0xa1,
    0x40, 0xe, 0x1e, 0xc3, 0x1d, 0xff, 0x6b, 0x3d,
    0x7f, 0xa4, 0x58, 0x7a, 0x5d, 0x9a, 0xa7, 0x24,
    0x67, 0x9f, 0x10, 0x3, 0x44, 0xcc, 0xe3, 0x91,
    0x30, 0xc2, 0x0,

    /* U+2677 "♷" */
    0x0, 0xf3, 0xf7, 0x1c, 0x3, 0xfe, 0x88, 0x19,
    0xa1, 0xc0, 0x3f, 0x8d, 0xcf, 0x74, 0x90, 0x40,
    0x1f, 0xbc, 0x38, 0x1, 0x21, 0xee, 0x1, 0xe7,
    0x38, 0x20, 0x3, 0x9, 0x20, 0x7, 0x91, 0x9e,
    0x3f, 0xc5, 0xdb, 0x62, 0x1, 0x3e, 0xea, 0x40,
    0x92, 0x9c, 0x5, 0xe0, 0x2, 0x52, 0x13, 0x2,
    0xa, 0x50, 0x35, 0x63, 0x0, 0x48, 0x60, 0x3,
    0x2c, 0xb4, 0x1, 0x61, 0x0, 0x68, 0xe6, 0x61,
    0x9f, 0x2a, 0x0, 0xb, 0xa1, 0xd8, 0x50, 0x0,
    0x77, 0x5e, 0x60, 0x14, 0x85, 0xf8, 0x28, 0x80,
    0x44, 0x10, 0xa0, 0x7, 0xf, 0x61, 0x8e, 0xff,
    0xb5, 0x9e, 0xbf, 0xd2, 0x2c, 0x3d, 0x2e, 0xcd,
    0x53, 0x92, 0x33, 0xcf, 0x88, 0x1, 0xa2, 0x66,
    0x71, 0xc8, 0x98, 0x61, 0x0,

    /* U+2678 "♸" */
    0x0, 0xf3, 0xf7, 0x1c, 0x3, 0xfe, 0x78, 0x33,
    0x43, 0x80, 0x7f, 0x14, 0x1e, 0xe8, 0xe0, 0x40,
    0x3f, 0x48, 0x78, 0x3, 0x83, 0x5c, 0x3, 0xca,
    0x8c, 0x60, 0x6, 0x3, 0x40, 0xf, 0x9, 0xc9,
    0xe6, 0x8f, 0x5b, 0x0, 0x66, 0xb9, 0xc0, 0xe5,
    0xe4, 0x10, 0xa8, 0x0, 0x91, 0x4, 0x62, 0x4f,
    0x8c, 0x8, 0x87, 0x20, 0x4, 0x86, 0x0, 0x85,
    0xbe, 0x0, 0x24, 0x20, 0xd, 0x1c, 0xcc, 0x11,
    0x4f, 0xc0, 0x2, 0x75, 0x3b, 0xa, 0x0, 0x9f,
    0xb8, 0xa0, 0x14, 0x85, 0xf8, 0x28, 0x80, 0x42,
    0x27, 0x50, 0x3, 0x87, 0xb0, 0xc7, 0x7f, 0xda,
    0xd1, 0x5f, 0xe9, 0x16, 0x1e, 0x97, 0x66, 0xa9,
    0xc9, 0x19, 0xe7, 0xc4, 0x0, 0xd1, 0x33, 0x38,
    0xe4, 0x4c, 0x30, 0x80,

    /* U+2679 "♹" */
    0x0, 0xf3, 0xf7, 0x1c, 0x3, 0xfe, 0x88, 0x19,
    0xa1, 0xc0, 0x3f, 0x8d, 0xcf, 0x74, 0x90, 0x40,
    0x1f, 0xbc, 0x38, 0x1, 0x21, 0xee, 0x1, 0xe7,
    0x38, 0x20, 0x3, 0x9, 0x20, 0x7, 0x91, 0x9f,
    0xbf, 0xee, 0xdb, 0x10, 0x9, 0xf7, 0x52, 0x1b,
    0x61, 0xe0, 0x2f, 0x0, 0x12, 0x90, 0x98, 0x1e,
    0x1a, 0x1, 0xab, 0x18, 0x2, 0x43, 0x0, 0x26,
    0x40, 0xa, 0xc2, 0x0, 0xd1, 0xcc, 0xc0, 0x21,
    0xa0, 0x10, 0xba, 0x1d, 0x85, 0x0, 0x43, 0xca,
    0x2, 0x0, 0x90, 0xbf, 0x5, 0x10, 0xe, 0x84,
    0x0, 0x38, 0x7b, 0xc, 0x77, 0xfd, 0xac, 0xf5,
    0xfe, 0x91, 0x61, 0xe9, 0x76, 0x6a, 0x9c, 0x91,
    0x9e, 0x7c, 0x40, 0xd, 0x13, 0x33, 0x8e, 0x44,
    0xc3, 0x8, 0x0,

    /* U+267A "♺" */
    0x0, 0xf9, 0x10, 0x1, 0xff, 0xc0, 0x1c, 0xbb,
    0x60, 0x7, 0xfd, 0x67, 0x32, 0x3a, 0x0, 0xfe,
    0x35, 0x66, 0xca, 0x60, 0x1f, 0xbc, 0x60, 0x1,
    0x3, 0xae, 0x1, 0xe5, 0x38, 0x10, 0x1, 0x18,
    0xb0, 0x7, 0xc8, 0xc0, 0x11, 0xee, 0xa0, 0x3,
    0x2e, 0x4d, 0x80, 0x79, 0x99, 0x0, 0x12, 0x19,
    0xc0, 0x1e, 0x45, 0x71, 0x0, 0x58, 0x68, 0x80,
    0x7d, 0x1, 0x60, 0x4a, 0xe4, 0x40, 0xf, 0x89,
    0xd4, 0x94, 0x24, 0x3, 0xfd, 0x20, 0xa2, 0xe,
    0x1, 0xe8, 0x20, 0x3, 0x80, 0xb1, 0x4f, 0xff,
    0x23, 0xef, 0xfa, 0x49, 0xc3, 0x6a, 0x1d, 0xf2,
    0x13, 0x3c, 0x56, 0x88, 0x1, 0x5e, 0x23, 0x7,
    0xc4, 0x1d, 0x40, 0x0,

    /* U+267B "♻" */
    0x0, 0xcd, 0xf9, 0x5f, 0xf3, 0x80, 0x7c, 0x32,
    0x6, 0x61, 0x0, 0x41, 0x90, 0x7, 0x58, 0x5,
    0xf0, 0x1, 0x61, 0x80, 0x73, 0x80, 0x9, 0x98,
    0x40, 0x7, 0x10, 0xe, 0xd9, 0x1e, 0x2, 0xa6,
    0x59, 0x50, 0x1, 0x67, 0xf9, 0x78, 0xc0, 0x9e,
    0x65, 0xb4, 0xe0, 0x66, 0x0, 0x40, 0x7, 0xb0,
    0xc2, 0x6, 0x40, 0x27, 0x20, 0xe, 0x80, 0xa,
    0x38, 0x0, 0x38, 0x40, 0x1c, 0xe4, 0x0, 0xe6,
    0x20, 0xb0, 0xe, 0x43, 0x9, 0x68, 0x70, 0x93,
    0xef, 0xf9, 0x86, 0xb3, 0xed, 0x88, 0x0, 0x92,
    0x80, 0x1a, 0x4, 0x2, 0x35, 0x0, 0x9c, 0x3,
    0xb0, 0x3, 0x78, 0x6, 0x2b, 0x77, 0x95, 0x66,
    0x7b, 0x30, 0xe, 0x48, 0x88, 0xc2, 0xe2, 0x8,
    0x1, 0x0,

    /* U+267C "♼" */
    0x0, 0xc7, 0x3b, 0xfe, 0xd9, 0x30, 0xf, 0xa7,
    0x9, 0x10, 0xea, 0x19, 0x40, 0x1d, 0x6c, 0x97,
    0x3d, 0x10, 0x96, 0x4c, 0x0, 0x9d, 0x2, 0x40,
    0x7, 0x20, 0x9, 0x53, 0x90, 0x4, 0x0, 0xb8,
    0xc, 0xb8, 0x81, 0xa0, 0x30, 0xa8, 0x34, 0xee,
    0x50, 0xf, 0xec, 0x5a, 0x3, 0x90, 0x53, 0xc0,
    0x20, 0x0, 0x5e, 0xd2, 0x43, 0xc1, 0xc, 0x0,
    0xa0, 0x19, 0x48, 0x9, 0x80, 0x94, 0x1, 0xc,
    0x1, 0x10, 0x48, 0xa, 0x7a, 0x8c, 0xf, 0x4c,
    0x94, 0x3e, 0x75, 0xa8, 0x9c, 0x21, 0xdc, 0xcd,
    0x64, 0x93, 0x31, 0x10, 0xc2, 0xe, 0x90, 0x84,
    0x4e, 0xb1, 0x23, 0xf3, 0x90, 0xa, 0xde, 0xf7,
    0x4e, 0x55, 0xb8, 0xf8, 0x1, 0xd3, 0xac, 0x40,
    0x6, 0x66, 0x50, 0x4,

    /* U+267D "♽" */
    0x0, 0xc6, 0xcd, 0xe3, 0x0, 0xf9, 0xdc, 0x60,
    0x42, 0x23, 0x7, 0x0, 0xe7, 0x70, 0x54, 0xf4,
    0x42, 0x99, 0x5c, 0x2, 0x66, 0x4, 0x80, 0x36,
    0x40, 0x14, 0xc, 0xc0, 0x13, 0x11, 0x20, 0x13,
    0xa0, 0x1, 0x88, 0x4c, 0x51, 0xf, 0x61, 0xde,
    0x5, 0xff, 0x69, 0xa2, 0xc, 0x6d, 0x59, 0x48,
    0x2, 0x79, 0x2e, 0x13, 0x3, 0x30, 0x8, 0x80,
    0x33, 0x90, 0x12, 0x1, 0x91, 0x2, 0xd4, 0x2,
    0x30, 0x93, 0x55, 0x1a, 0x22, 0x4e, 0x7b, 0x8e,
    0x5b, 0xd4, 0x52, 0x88, 0x13, 0x5a, 0x31, 0x17,
    0xc0, 0x8c, 0xa4, 0x62, 0xc, 0xc4, 0x10, 0xa,
    0x40, 0x3, 0xc, 0xc0, 0x9, 0xd6, 0xbf, 0xd0,
    0x77, 0xf4, 0x8e, 0x1, 0xce, 0xe6, 0x6c, 0x4c,
    0xee, 0x0, 0x80,

    /* U+26A0 "⚠" */
    0x0, 0xf2, 0x77, 0x14, 0x3, 0xfe, 0x2a, 0xcc,
    0x41, 0x0, 0x7f, 0xa6, 0xc8, 0x93, 0xc0, 0x1f,
    0xca, 0xea, 0x7e, 0x8e, 0xa0, 0x1f, 0xa3, 0xc0,
    0x34, 0xc0, 0x7, 0xce, 0x86, 0x2, 0x20, 0x25,
    0x80, 0xe, 0x19, 0x80, 0x1, 0x98, 0x1, 0xa,
    0x40, 0x1a, 0xe0, 0x40, 0x21, 0x0, 0xa2, 0x40,
    0x23, 0x76, 0x0, 0x87, 0x40, 0x25, 0x74, 0x0,
    0x7f, 0x0, 0x65, 0xc2, 0x0, 0xbe, 0x40, 0x84,
    0xc0, 0x31, 0x90, 0x6, 0x31, 0x20, 0x32, 0x0,
    0xcd, 0xe4, 0x1, 0x9, 0x1, 0x5f, 0xf7, 0xff,
    0xfa, 0x48,

    /* U+26BD "⚽" */
    0x0, 0xc7, 0x3b, 0xfe, 0xc8, 0x10, 0xf, 0xa5,
    0xa2, 0x84, 0xe6, 0x66, 0x0, 0xea, 0xb5, 0x17,
    0x8c, 0x51, 0x83, 0x80, 0xa, 0x8, 0x80, 0x1f,
    0x95, 0x48, 0x2, 0xe4, 0x1, 0xb8, 0x80, 0x31,
    0xf8, 0x20, 0x38, 0x80, 0x25, 0xf5, 0x40, 0x6,
    0x28, 0x3a, 0x1c, 0xad, 0xac, 0x0, 0xaa, 0x30,
    0x40, 0x10, 0x59, 0xa3, 0x0, 0x76, 0xb1, 0xbb,
    0x6, 0xa0, 0x4, 0xa0, 0x19, 0x40, 0x2c, 0x24,
    0x40, 0x5, 0x60, 0x11, 0x10, 0x3, 0x8, 0x80,
    0x32, 0x6f, 0x72, 0x50, 0x0, 0x2c, 0x0, 0x4b,
    0xca, 0x62, 0x11, 0x21, 0x4e, 0x31, 0x80, 0x56,
    0xca, 0xc0, 0x1a, 0x9a, 0xdc, 0x3, 0xab, 0x39,
    0xde, 0x84, 0xe7, 0x0, 0x80,

    /* U+26BE "⚾" */
    0x0, 0xcf, 0x33, 0xc8, 0x1, 0xe4, 0xa5, 0x99,
    0xe2, 0xb1, 0x0, 0x90, 0xf4, 0x80, 0x38, 0xfe,
    0xc0, 0x3, 0xae, 0xf0, 0x80, 0x4e, 0x88, 0x88,
    0x4, 0xc0, 0x1, 0x4c, 0x2, 0x31, 0x2, 0x1,
    0x18, 0x0, 0x54, 0x0, 0x47, 0x0, 0xad, 0xc0,
    0x3a, 0xc0, 0xc, 0x40, 0x11, 0xf8, 0x7, 0x20,
    0x1, 0x8c, 0x3, 0xfc, 0x40, 0x6, 0x0, 0xc7,
    0xe2, 0x40, 0x3, 0x70, 0x1, 0x20, 0x5, 0x6f,
    0x36, 0x0, 0x62, 0x0, 0x8c, 0x40, 0x84, 0x6d,
    0x88, 0x28, 0x6, 0x57, 0x59, 0x90, 0x1, 0x30,
    0xcc, 0x1, 0xee, 0xa0, 0xc, 0x96, 0x93, 0x3c,
    0x56, 0x20, 0x0,

    /* U+2702 "✂" */
    0x5, 0x99, 0x30, 0x7, 0xff, 0x3, 0x26, 0x5c,
    0x40, 0x1f, 0xf1, 0xa0, 0x63, 0x80, 0x78, 0x67,
    0x8, 0x28, 0x6b, 0xb4, 0x3, 0x14, 0xff, 0xb0,
    0x80, 0xb, 0x5e, 0xae, 0x7, 0x5a, 0x3e, 0xc0,
    0x1e, 0x5d, 0x4b, 0xc0, 0xd8, 0x10, 0xf, 0xc3,
    0x2f, 0x46, 0xc0, 0x1f, 0x86, 0x3f, 0xd8, 0x83,
    0x76, 0x20, 0xc, 0x31, 0x0, 0x95, 0x1, 0x8e,
    0xcc, 0x48, 0x80, 0x2e, 0xa7, 0xc, 0x3, 0xb,
    0xf7, 0xd1, 0x0, 0x8, 0x35, 0x40, 0x3e, 0x6b,
    0x20, 0x99, 0xb4, 0x40, 0x3f, 0xc0,

    /* U+2713 "✓" */
    0x0, 0xff, 0xe4, 0xd5, 0x80, 0x7f, 0x42, 0xc0,
    0x7, 0xe4, 0x7b, 0x30, 0xf, 0xd5, 0x8, 0x1,
    0xfa, 0x49, 0xc0, 0x3f, 0x13, 0x70, 0x6, 0x41,
    0x0, 0xa5, 0xc8, 0x3, 0x7d, 0x80, 0x9, 0x24,
    0x3, 0xa5, 0x4c, 0x2d, 0xc4, 0x3, 0x89, 0xa0,
    0x1a, 0x80, 0x3e, 0x84, 0x73, 0x20, 0xf, 0x85,
    0x62, 0x80, 0x3f, 0xa2, 0xd8, 0x3, 0xe0,

    /* U+271A "✚" */
    0x0, 0xee, 0xff, 0x40, 0x7, 0xff, 0xc7, 0xbf,
    0xf0, 0x80, 0x1f, 0xff, 0x38, 0x7, 0xff, 0x7,
    0xc0, 0x3f, 0xf8, 0x51, 0x1c, 0x1, 0x24, 0x46,
    0xb6, 0x77, 0xc2, 0x0, 0x37, 0x7c, 0x60, 0x1f,
    0xfe, 0x38, 0x8a, 0xc0, 0x38,

    /* U+273D "✽" */
    0x0, 0xe9, 0x90, 0x7, 0xf8, 0xcc, 0x1, 0xe6,
    0x10, 0x1, 0x10, 0x0, 0x2a, 0x3, 0x3e, 0x61,
    0xda, 0x7, 0xf4, 0x3, 0xd3, 0xcc, 0x4c, 0xfd,
    0x3c, 0x0, 0x17, 0xd2, 0x22, 0x9e, 0xb8, 0x80,
    0x64, 0xd0, 0x6, 0x98, 0x6, 0x6d, 0x88, 0x19,
    0x5f, 0x6b, 0x0, 0xca, 0x60, 0x91, 0x5a, 0x92,
    0x3, 0xf2, 0x0, 0xef, 0x0, 0x4f, 0x80, 0x78,
    0x88, 0x1, 0xfe, 0xee, 0x0, 0x70,

    /* U+273F "✿" */
    0x0, 0xe4, 0xfa, 0x6d, 0xa0, 0xf, 0xf3, 0x82,
    0xc9, 0x0, 0x7f, 0xc6, 0x1, 0xb4, 0x3, 0xc7,
    0xf4, 0x20, 0x80, 0x12, 0x83, 0x75, 0x80, 0x1c,
    0x17, 0xd3, 0xc0, 0x8, 0x57, 0x22, 0x1, 0x8,
    0x0, 0x6c, 0x14, 0x27, 0x10, 0x0, 0xe0, 0x54,
    0x1, 0xaa, 0x32, 0xcc, 0x2, 0x38, 0x62, 0x0,
    0x89, 0x8c, 0xd8, 0x80, 0x18, 0x93, 0x7f, 0xee,
    0x1b, 0x4e, 0xdf, 0xfd, 0x40, 0x1a, 0x71, 0x9c,
    0x52, 0x75, 0x0, 0x38, 0x75, 0x80, 0xc, 0x20,
    0x2, 0xb6, 0x0, 0xd8, 0x40, 0x11, 0xa8, 0x6,
    0x94, 0x0, 0xa1, 0x4, 0x1, 0x62, 0x60, 0x3,
    0x75, 0x0, 0x96, 0xec, 0x6, 0x60, 0x90, 0x3c,
    0x81, 0x0, 0xe5, 0x7f, 0x0, 0x2b, 0x70, 0x6,

    /* U+2740 "❀" */
    0x0, 0xe7, 0x79, 0x9d, 0xc0, 0x1f, 0xe1, 0x77,
    0x33, 0x88, 0x7, 0x8d, 0xc4, 0x15, 0x0, 0x8,
    0xa0, 0x2e, 0x60, 0x4, 0x66, 0x29, 0xe0, 0x3,
    0xd, 0x59, 0x88, 0x0, 0x10, 0x76, 0x7c, 0x33,
    0x63, 0x8b, 0x80, 0x80, 0xf0, 0x81, 0xa1, 0x22,
    0x9, 0x10, 0x3, 0xc3, 0x32, 0x0, 0xd8, 0xee,
    0xc0, 0xd, 0x33, 0x3b, 0xf4, 0x91, 0x25, 0xdf,
    0xa4, 0x59, 0xdc, 0x98, 0xca, 0xa6, 0xc4, 0x77,
    0x30, 0x80, 0x4e, 0xd0, 0xa0, 0x5, 0x86, 0x70,
    0xe, 0x75, 0x50, 0x0, 0x44, 0x0, 0x55, 0x38,
    0x4, 0x5e, 0x60, 0x4, 0x55, 0x20, 0x0, 0xfc,
    0x40, 0x5, 0x2f, 0x1, 0x86, 0x6c, 0x7, 0x74,
    0x88, 0x4, 0x2d, 0xad, 0xa0, 0xd, 0x62, 0x61,
    0x0, 0xf2, 0xac, 0x0, 0x55, 0x80, 0x30,

    /* U+2756 "❖" */
    0x0, 0xf9, 0x10, 0x1, 0xff, 0xc1, 0x4b, 0xb2,
    0x0, 0x7f, 0xc9, 0x60, 0xb, 0x40, 0xf, 0xf1,
    0x80, 0x63, 0x0, 0xff, 0x3b, 0x80, 0xe, 0xe0,
    0xf, 0x92, 0x80, 0x10, 0xee, 0x80, 0x5, 0x20,
    0x4, 0x96, 0xb4, 0x0, 0x88, 0x0, 0x29, 0x6d,
    0x1, 0x2c, 0x0, 0xb4, 0x1, 0xa9, 0x40, 0x16,
    0x8c, 0x20, 0x11, 0x0, 0x62, 0x0, 0x85, 0x8b,
    0x4, 0x1e, 0x0, 0x34, 0x38, 0xe, 0x10, 0x16,
    0x44, 0x0, 0x15, 0x40, 0x4, 0x43, 0x8, 0x2,
    0x27, 0x0, 0x52, 0xaa, 0x80, 0xe, 0x40, 0x1f,
    0x4a, 0x80, 0x16, 0x40, 0x3f, 0xd6, 0x20, 0x1,
    0xb0, 0xf, 0xf1, 0x60, 0x8b, 0x8, 0x3, 0xfe,
    0x2c, 0xc1, 0x0, 0x78,

    /* U+2776 "❶" */
    0x0, 0xc3, 0x1b, 0xfe, 0xea, 0x30, 0xf, 0x9b,
    0x9c, 0x80, 0x2, 0xb9, 0x40, 0x1c, 0xf2, 0x1,
    0xf9, 0x70, 0x2, 0x38, 0x0, 0x91, 0xf0, 0x3,
    0x1c, 0x0, 0x20, 0x3, 0x23, 0x18, 0x80, 0x67,
    0x11, 0x20, 0x7, 0xff, 0x5, 0x8, 0x3, 0xff,
    0x85, 0xa0, 0x1f, 0xfc, 0x42, 0x0, 0xff, 0xe1,
    0x68, 0xa0, 0x7, 0xff, 0x5, 0x2, 0x0, 0x38,
    0x58, 0x40, 0x33, 0x88, 0x1c, 0x0, 0x74, 0x80,
    0x63, 0x80, 0x9, 0xe4, 0x3, 0xf2, 0xe0, 0x7,
    0x37, 0x39, 0x0, 0x5, 0x72, 0x80, 0x20,

    /* U+2777 "❷" */
    0x0, 0xc3, 0x19, 0xfe, 0xea, 0x40, 0xf, 0x9b,
    0x9c, 0xc0, 0x2, 0xb7, 0x61, 0x0, 0xcf, 0x20,
    0x1f, 0x93, 0x4, 0x0, 0x70, 0x0, 0x3a, 0xaa,
    0xc8, 0x0, 0x56, 0x0, 0x80, 0x8, 0x7a, 0xa9,
    0x9c, 0x1, 0x29, 0xa, 0x0, 0x44, 0x80, 0x1,
    0x20, 0xc, 0xa4, 0x1, 0xfa, 0xd0, 0x3, 0x68,
    0x7, 0xea, 0xb, 0x0, 0xe2, 0x0, 0xf5, 0x3f,
    0x88, 0x6, 0xd1, 0x40, 0xd, 0x6f, 0xe4, 0x1,
    0xca, 0x10, 0x1, 0x29, 0x25, 0xcc, 0x8c, 0x0,
    0xa4, 0x7, 0x0, 0x5, 0x99, 0xe3, 0x2, 0xb0,
    0x9, 0xe4, 0x3, 0xf2, 0x60, 0x80, 0x66, 0xe7,
    0x30, 0x0, 0xad, 0xd8, 0x40, 0x0,

    /* U+2778 "❸" */
    0x0, 0xc5, 0x1b, 0xfe, 0xea, 0x30, 0xf, 0x9f,
    0x5c, 0x80, 0x2, 0xb9, 0x40, 0x1d, 0x10, 0x0,
    0xfc, 0xb8, 0x1, 0x23, 0x80, 0xa, 0xbb, 0x96,
    0x40, 0x3, 0x90, 0x4, 0x80, 0x43, 0xfd, 0xc0,
    0x90, 0x9, 0x84, 0x88, 0x1, 0x1a, 0x80, 0x42,
    0x1, 0x9d, 0x80, 0x3d, 0x7c, 0x14, 0x1, 0xbc,
    0x3, 0xe9, 0xb7, 0xa0, 0xe, 0x60, 0xf, 0x12,
    0xfa, 0x88, 0x5, 0xe4, 0x40, 0xa, 0x10, 0x1,
    0x64, 0x20, 0x13, 0x84, 0x80, 0x59, 0xb7, 0x60,
    0xc0, 0x9, 0x84, 0x11, 0xc0, 0x9, 0x37, 0x68,
    0x10, 0x1, 0xc8, 0x5, 0x10, 0x0, 0xfc, 0xb8,
    0x1, 0xcf, 0xce, 0x40, 0x1, 0x5c, 0xa0, 0x8,

    /* U+2779 "❹" */
    0x0, 0xc9, 0x5d, 0xfe, 0xc7, 0x10, 0xf, 0xd,
    0xd9, 0x44, 0x0, 0x71, 0xe8, 0x1, 0x87, 0x10,
    0x3, 0xe1, 0xb5, 0x0, 0xac, 0x80, 0x31, 0xe2,
    0x0, 0x54, 0x20, 0x4a, 0x1, 0x87, 0x48, 0x40,
    0x34, 0x2, 0x80, 0x75, 0x39, 0x0, 0x73, 0x86,
    0x80, 0x67, 0x69, 0x0, 0xf0, 0x80, 0x72, 0x4f,
    0x80, 0x7f, 0x68, 0x6, 0xa3, 0x10, 0x30, 0xc,
    0x20, 0xa0, 0x12, 0x20, 0x44, 0x6, 0x1, 0x9c,
    0x9, 0x40, 0x3d, 0x6c, 0x1, 0xa0, 0x1, 0x64,
    0x1, 0xce, 0x60, 0x15, 0x8, 0x0, 0x71, 0x0,
    0x3e, 0x1b, 0x50, 0xc, 0x37, 0x65, 0x10, 0x1,
    0xc7, 0x20, 0x4,

    /* U+277A "❺" */
    0x0, 0xc5, 0x3b, 0xfe, 0xd9, 0x30, 0xf, 0xa3,
    0x58, 0x80, 0x4, 0xd9, 0x20, 0x1d, 0x2e, 0x1,
    0xf9, 0xac, 0x2, 0x56, 0x0, 0xb3, 0x34, 0x80,
    0x12, 0x0, 0x10, 0x1, 0x8e, 0x3b, 0x96, 0x1,
    0x38, 0x99, 0x0, 0x42, 0xa, 0x4, 0x40, 0xc,
    0x8c, 0x1, 0x8c, 0x2a, 0x7d, 0x80, 0x36, 0x80,
    0x71, 0x7d, 0xda, 0x64, 0x20, 0x19, 0x80, 0x3f,
    0x20, 0x18, 0x5, 0xa6, 0x40, 0x13, 0xa0, 0x2,
    0xcc, 0x80, 0x24, 0x8, 0x0, 0x93, 0x6e, 0xdd,
    0x80, 0x13, 0x88, 0x2b, 0x0, 0xe, 0x6e, 0xce,
    0x1, 0x24, 0x0, 0x52, 0xe0, 0x1f, 0x9a, 0xc0,
    0x3a, 0x35, 0xc8, 0x0, 0x4d, 0x92, 0x1, 0x0,

    /* U+277B "❻" */
    0x0, 0xc5, 0x3b, 0xfe, 0xd9, 0x30, 0xf, 0xa3,
    0x58, 0x80, 0x4, 0xd9, 0x20, 0x1d, 0x4e, 0x1,
    0xf9, 0xac, 0x2, 0x65, 0x0, 0x9f, 0x7f, 0x10,
    0x0, 0x8e, 0x0, 0x80, 0xa, 0x2b, 0xfe, 0x50,
    0xa, 0x0, 0xc4, 0x2, 0x7e, 0x20, 0x31, 0x0,
    0xc8, 0xa0, 0x11, 0x85, 0xef, 0x61, 0x0, 0x63,
    0x0, 0xf7, 0xef, 0x3c, 0x80, 0x72, 0x80, 0x44,
    0xa, 0x0, 0xd6, 0x0, 0xc6, 0x61, 0x0, 0xb,
    0x40, 0x3, 0x54, 0x3, 0x20, 0x40, 0x5, 0x39,
    0x54, 0xd8, 0x0, 0xa0, 0x0, 0xca, 0x1, 0x35,
    0x51, 0x80, 0x24, 0x70, 0xa, 0x9c, 0x3, 0xf3,
    0x58, 0x7, 0x46, 0xb1, 0x0, 0x9, 0xb6, 0x40,
    0x20,

    /* U+277C "❼" */
    0x0, 0xc3, 0x19, 0xfe, 0xea, 0x40, 0xf, 0x9b,
    0x9c, 0xc0, 0x2, 0xb7, 0x61, 0x0, 0xcf, 0x20,
    0x1f, 0x93, 0x4, 0x0, 0x70, 0x0, 0x23, 0x3a,
    0x28, 0x0, 0x56, 0x0, 0x80, 0x8, 0x8c, 0xc2,
    0xf2, 0x1, 0x29, 0xa, 0x0, 0x7a, 0x58, 0xc0,
    0x32, 0x90, 0x7, 0x89, 0x2c, 0x3, 0xb4, 0x3,
    0xe5, 0x22, 0x0, 0x78, 0x80, 0x3d, 0x88, 0x1,
    0xed, 0x14, 0x0, 0xe6, 0x10, 0xf, 0x28, 0x40,
    0x7, 0x2e, 0x0, 0x72, 0x90, 0x1c, 0x0, 0x68,
    0x40, 0xc, 0x56, 0x1, 0x3c, 0x80, 0x7e, 0x4c,
    0x10, 0xc, 0xdc, 0xe6, 0x0, 0x15, 0xbb, 0x8,
    0x0,

    /* U+277D "❽" */
    0x0, 0xc5, 0x3b, 0xfe, 0xd9, 0x20, 0xf, 0xa7,
    0x58, 0x80, 0x4, 0xdb, 0x20, 0x1d, 0x4c, 0x1,
    0xf9, 0xa8, 0x2, 0x65, 0x0, 0xc, 0xb3, 0x24,
    0x40, 0xa, 0xc0, 0x8, 0x0, 0xa0, 0x19, 0x9d,
    0x0, 0x14, 0x2, 0x8, 0x5, 0xc8, 0x41, 0xa2,
    0x1, 0xa, 0x10, 0x6, 0x76, 0xdc, 0x68, 0x0,
    0xc4, 0x1, 0xd0, 0x3d, 0x25, 0x0, 0x1c, 0x40,
    0x19, 0xe0, 0x57, 0x5c, 0x3, 0x12, 0x8, 0x4,
    0x4a, 0x0, 0x43, 0x0, 0x85, 0x2, 0x0, 0x2c,
    0xfa, 0xa7, 0xe8, 0x5, 0x0, 0x6, 0x50, 0x0,
    0xc5, 0x52, 0x4, 0x0, 0xac, 0x1, 0x53, 0x80,
    0x7e, 0x7a, 0x0, 0xe8, 0xd6, 0x20, 0x1, 0x36,
    0xc0, 0x4,

    /* U+277E "❾" */
    0x0, 0xc5, 0x3b, 0xfe, 0xd9, 0x20, 0xf, 0xa7,
    0x58, 0x80, 0x4, 0xdb, 0x20, 0x1d, 0x4c, 0x1,
    0xf9, 0xa8, 0x2, 0x65, 0x0, 0xa7, 0xb9, 0x20,
    0x12, 0xb0, 0x2, 0x0, 0x29, 0x5e, 0xe1, 0x58,
    0x5, 0x0, 0x82, 0x1, 0x2d, 0x80, 0x25, 0x4,
    0x0, 0x28, 0x40, 0x19, 0x6c, 0x89, 0x60, 0x40,
    0x11, 0x0, 0x74, 0xa7, 0x46, 0x80, 0x80, 0x62,
    0x0, 0xe8, 0xca, 0x1, 0x20, 0x8, 0x90, 0x40,
    0x21, 0x30, 0x19, 0x80, 0x8, 0x50, 0x20, 0x2,
    0x29, 0xbb, 0x4b, 0x0, 0x50, 0x0, 0x65, 0x0,
    0x1d, 0x5d, 0x20, 0x4, 0xac, 0x1, 0x53, 0x80,
    0x7e, 0x7a, 0x0, 0xe8, 0xd6, 0x20, 0x1, 0x36,
    0xc0, 0x4,

    /* U+277F "❿" */
    0x0, 0xc3, 0x19, 0xfe, 0xea, 0x40, 0xf, 0x9b,
    0x9c, 0xc0, 0x2, 0xb7, 0x61, 0x0, 0xcf, 0x20,
    0x1f, 0x93, 0x4, 0x0, 0x70, 0x97, 0xc2, 0x7,
    0x73, 0x0, 0x56, 0x0, 0x80, 0x5f, 0x10, 0x6,
    0xc4, 0x9a, 0x82, 0x90, 0xa0, 0xa, 0x80, 0x10,
    0x4c, 0x33, 0x80, 0xa, 0x40, 0x1e, 0x21, 0x0,
    0xb, 0x80, 0x34, 0x3, 0xe3, 0x10, 0x0, 0x80,
    0x62, 0x0, 0xf3, 0x0, 0x87, 0xb0, 0x3, 0x45,
    0x0, 0x38, 0xcc, 0xc0, 0xbc, 0x0, 0x50, 0x80,
    0x9, 0x44, 0x37, 0x57, 0x8, 0xa, 0x40, 0x70,
    0x3, 0x40, 0x1, 0xab, 0x50, 0x2b, 0x0, 0x9e,
    0x40, 0x3f, 0x26, 0x8, 0x6, 0x6e, 0x73, 0x0,
    0xa, 0xdd, 0x84, 0x0,

    /* U+2780 "➀" */
    0x0, 0xc7, 0x11, 0xe3, 0x0, 0xfa, 0x16, 0x23,
    0xcb, 0x0, 0x1d, 0x32, 0x60, 0x0, 0xa0, 0x1,
    0xa6, 0x40, 0x13, 0xd8, 0x80, 0x27, 0xa8, 0x2,
    0x1b, 0x70, 0x7, 0x90, 0x4, 0x44, 0x0, 0xe2,
    0xf0, 0x5b, 0x0, 0xd7, 0x60, 0xf, 0x5a, 0x91,
    0x80, 0x7f, 0xf0, 0xc, 0x80, 0x3f, 0xf8, 0x84,
    0x60, 0x1f, 0xfc, 0x3, 0x25, 0xb0, 0xf, 0xfe,
    0x2, 0x28, 0x79, 0x0, 0x63, 0x0, 0xe2, 0x0,
    0x9e, 0xc4, 0x2, 0x5e, 0x0, 0x86, 0x9c, 0x2,
    0x99, 0x30, 0x7, 0x99, 0x90, 0x1, 0xd0, 0xb1,
    0x1e, 0x47, 0x0, 0x80,

    /* U+2781 "➁" */
    0x0, 0xc7, 0x11, 0xe3, 0x0, 0xfa, 0x16, 0x23,
    0xcb, 0x0, 0x1d, 0x32, 0x60, 0x2, 0x18, 0x1,
    0xa6, 0x40, 0x13, 0xd8, 0x83, 0x7c, 0x6f, 0x10,
    0xd, 0xb8, 0x3, 0xc8, 0x0, 0x7b, 0x9c, 0x56,
    0x0, 0x2f, 0x5, 0xb0, 0x9, 0x48, 0x0, 0xc0,
    0x1a, 0xd4, 0x8c, 0x3, 0xc2, 0xba, 0x1, 0x19,
    0x0, 0x7c, 0x38, 0xe8, 0x1, 0xc4, 0x60, 0x18,
    0x71, 0x20, 0x3, 0x19, 0x2d, 0x80, 0x45, 0x8f,
    0x64, 0x40, 0x9, 0x14, 0x3c, 0x80, 0x1c, 0x4b,
    0xbb, 0x8, 0x10, 0x4, 0xf6, 0x21, 0x9f, 0xfc,
    0x22, 0xa7, 0x0, 0xa6, 0x4c, 0x1, 0xe6, 0x64,
    0x0, 0x74, 0x2c, 0x47, 0x91, 0xc0, 0x20,

    /* U+2782 "➂" */
    0x0, 0xc7, 0x11, 0xe3, 0x0, 0xfa, 0x16, 0x23,
    0xcb, 0x0, 0x1d, 0x32, 0x60, 0x14, 0x30, 0x3,
    0x4c, 0x80, 0x27, 0xb1, 0x5, 0xe8, 0xde, 0x20,
    0x1b, 0x70, 0x7, 0x90, 0x1, 0xf7, 0x38, 0xe8,
    0x0, 0x5e, 0xb, 0x60, 0x11, 0x10, 0x8, 0xf4,
    0x2, 0xb5, 0x23, 0x0, 0xc5, 0xba, 0x65, 0x0,
    0x8c, 0x80, 0x3c, 0x5f, 0x2c, 0xc0, 0xe, 0x23,
    0x0, 0xe2, 0x66, 0x58, 0x4, 0x64, 0xb6, 0x1,
    0x49, 0x80, 0x11, 0x80, 0x24, 0x50, 0xf2, 0x0,
    0x76, 0x77, 0x84, 0x80, 0x8, 0x2, 0x7b, 0x10,
    0x7f, 0xce, 0xc2, 0x1, 0xa7, 0x0, 0xa6, 0x4c,
    0x0, 0x21, 0x0, 0x33, 0x20, 0x3, 0xa1, 0x62,
    0x3c, 0x8e, 0x1, 0x0,

    /* U+2783 "➃" */
    0x0, 0xc7, 0x11, 0xe3, 0x0, 0xfa, 0x16, 0x23,
    0xcb, 0x0, 0x1d, 0x32, 0x60, 0x8, 0x44, 0xd,
    0x32, 0x0, 0x9e, 0xc4, 0x2, 0x2e, 0xc0, 0x0,
    0xdb, 0x80, 0x3c, 0x80, 0x37, 0x98, 0x6, 0x2f,
    0x5, 0xb0, 0xd, 0x2d, 0x40, 0x1d, 0x6a, 0x46,
    0x1, 0x2b, 0xd0, 0x7, 0x8c, 0x80, 0x31, 0x5d,
    0x0, 0x98, 0x80, 0x71, 0x18, 0x1, 0x46, 0xfa,
    0x7, 0x84, 0x0, 0x64, 0xb6, 0x0, 0x7f, 0xfa,
    0x4b, 0xc4, 0x0, 0x8a, 0x1e, 0x40, 0x1f, 0xe2,
    0x0, 0x9e, 0xc4, 0x3, 0x3f, 0x80, 0x6, 0x9c,
    0x2, 0x99, 0x30, 0x4, 0x24, 0xc, 0xc8, 0x0,
    0xe8, 0x58, 0x8f, 0x23, 0x80, 0x40,

    /* U+2784 "➄" */
    0x0, 0xc7, 0x11, 0xe3, 0x0, 0xfa, 0x16, 0x23,
    0xcb, 0x0, 0x1d, 0x32, 0x60, 0x22, 0xc2, 0xd3,
    0x20, 0x9, 0xec, 0x40, 0x1b, 0xba, 0x80, 0x6d,
    0xc0, 0x1e, 0x40, 0x1b, 0x7f, 0xd6, 0x0, 0x2f,
    0x5, 0xb0, 0x8, 0x40, 0xc8, 0x3, 0xad, 0x48,
    0xc0, 0x22, 0xc, 0xfe, 0x50, 0x8, 0xc8, 0x3,
    0x8f, 0x76, 0x9a, 0x10, 0xc, 0x46, 0x1, 0x88,
    0x0, 0xa0, 0x60, 0x3, 0x25, 0xb0, 0x9, 0xd0,
    0x1, 0x62, 0x40, 0x4, 0x50, 0xf2, 0x0, 0x15,
    0x77, 0xa6, 0x80, 0x8, 0x2, 0x7b, 0x10, 0x5e,
    0xce, 0xd3, 0x1, 0xa7, 0x0, 0xa6, 0x4c, 0x0,
    0x21, 0x0, 0x33, 0x20, 0x3, 0xa1, 0x62, 0x3c,
    0x8e, 0x1, 0x0,

    /* U+2785 "➅" */
    0x0, 0xc7, 0x11, 0xe3, 0x0, 0xfa, 0x16, 0x23,
    0xcb, 0x0, 0x1d, 0x32, 0x60, 0x1, 0xa0, 0x83,
    0x4c, 0x80, 0x27, 0xb1, 0x1, 0xcd, 0x9e, 0x40,
    0x1b, 0x70, 0x7, 0x90, 0x2, 0x9f, 0xb7, 0x48,
    0x0, 0x2f, 0x5, 0xb0, 0x1, 0x24, 0x80, 0x90,
    0x6, 0xb5, 0x23, 0x0, 0x30, 0x5f, 0x73, 0x48,
    0x2, 0x32, 0x0, 0xc2, 0x19, 0xde, 0x36, 0x1,
    0xc4, 0x60, 0x6, 0x4, 0x0, 0x22, 0x80, 0x46,
    0x4b, 0x60, 0x3, 0x28, 0x0, 0x22, 0x0, 0x24,
    0x50, 0xf2, 0x0, 0x7a, 0x77, 0xbc, 0x0, 0x8,
    0x2, 0x7b, 0x10, 0x2d, 0xfe, 0xb0, 0x0, 0xd3,
    0x80, 0x53, 0x26, 0x0, 0x8, 0x80, 0xc, 0xc8,
    0x0, 0xe8, 0x58, 0x8f, 0x23, 0x80, 0x40,

    /* U+2786 "➆" */
    0x0, 0xc7, 0x11, 0xe3, 0x0, 0xfa, 0x16, 0x23,
    0xcb, 0x0, 0x1d, 0x32, 0x62, 0x2f, 0x34, 0xc8,
    0x2, 0x7b, 0x10, 0xcd, 0xdd, 0xc0, 0x36, 0xe0,
    0xf, 0x20, 0x7, 0x7f, 0xb8, 0x7c, 0x0, 0x5e,
    0xb, 0x60, 0x1e, 0xa6, 0x30, 0xa, 0xd4, 0x8c,
    0x3, 0x8d, 0x20, 0x3, 0x19, 0x0, 0x7d, 0x4a,
    0x1, 0xf1, 0x18, 0x7, 0x3e, 0x0, 0x71, 0x92,
    0xd8, 0x6, 0x11, 0x10, 0x7, 0x22, 0x87, 0x90,
    0x4, 0x60, 0xc0, 0x18, 0x80, 0x27, 0xb1, 0x0,
    0x16, 0x90, 0x4, 0x34, 0xe0, 0x14, 0xc9, 0x80,
    0x4, 0x1, 0x33, 0x20, 0x3, 0xa1, 0x62, 0x3c,
    0x8e, 0x1, 0x0,

    /* U+2787 "➇" */
    0x0, 0xc7, 0x11, 0xe3, 0x0, 0xfa, 0x16, 0x23,
    0xcb, 0x0, 0x1d, 0x32, 0x60, 0x5b, 0xb3, 0x3,
    0x4c, 0x80, 0x27, 0xb1, 0x6, 0x8f, 0xf5, 0xb8,
    0xd, 0xb8, 0x3, 0xc8, 0x1, 0xaa, 0x88, 0xbc,
    0x0, 0x17, 0x82, 0xd8, 0x5, 0xac, 0x81, 0xb8,
    0x1, 0x5a, 0x91, 0x80, 0x4c, 0xb7, 0xee, 0xe0,
    0x8, 0xc8, 0x3, 0xa4, 0x7e, 0x86, 0x40, 0x38,
    0x8c, 0x0, 0x2d, 0x60, 0xbc, 0xc2, 0x0, 0x32,
    0x5b, 0x0, 0x8, 0x38, 0x1, 0x44, 0x40, 0x4,
    0x50, 0xf2, 0x0, 0x5d, 0xbb, 0x6e, 0x80, 0x4,
    0x1, 0x3d, 0x88, 0x26, 0xfe, 0x6a, 0x0, 0xd3,
    0x80, 0x53, 0x26, 0x0, 0x8, 0x80, 0xc, 0xc8,
    0x0, 0xe8, 0x58, 0x8f, 0x23, 0x80, 0x40,

    /* U+2788 "➈" */
    0x0, 0xc7, 0x11, 0xe3, 0x0, 0xfa, 0x16, 0x23,
    0xcb, 0x0, 0x1d, 0x32, 0x60, 0x5b, 0xa4, 0x6,
    0x99, 0x0, 0x4f, 0x62, 0xd, 0x7b, 0x94, 0xa0,
    0x36, 0xe0, 0xf, 0x20, 0x5, 0xcb, 0x32, 0x2c,
    0x0, 0x5e, 0xb, 0x60, 0x18, 0x40, 0xa, 0x22,
    0x0, 0x5a, 0x91, 0x80, 0x49, 0x66, 0x9e, 0x6,
    0x0, 0x32, 0x0, 0xe9, 0x5f, 0xe9, 0x3, 0x0,
    0xc4, 0x60, 0x1a, 0x32, 0x8c, 0x44, 0x0, 0x32,
    0x5b, 0x0, 0x88, 0xc0, 0xa2, 0x40, 0x24, 0x50,
    0xf2, 0x0, 0x3e, 0x76, 0xb3, 0x80, 0x8, 0x2,
    0x7b, 0x10, 0x5f, 0xcf, 0x80, 0x0, 0xd3, 0x80,
    0x53, 0x26, 0x0, 0x10, 0x4, 0xcc, 0x80, 0xe,
    0x85, 0x88, 0xf2, 0x38, 0x4,

    /* U+2789 "➉" */
    0x0, 0xc7, 0x11, 0xe3, 0x0, 0xfa, 0x16, 0x23,
    0xcb, 0x0, 0x1d, 0x32, 0x61, 0x0, 0x8c, 0xcd,
    0x32, 0x0, 0x9e, 0xd3, 0x7c, 0x1, 0x1b, 0xa8,
    0x1b, 0x70, 0x7, 0x90, 0xa0, 0x0, 0x9f, 0x30,
    0xe2, 0x5e, 0xb, 0x60, 0x98, 0x0, 0x42, 0x2c,
    0x81, 0x6a, 0x46, 0x1, 0xc2, 0x20, 0x0, 0x90,
    0x19, 0x0, 0x7f, 0xf1, 0x8, 0xc0, 0x38, 0x88,
    0x0, 0x22, 0x1, 0x92, 0xd8, 0x7, 0x20, 0x99,
    0x85, 0x1, 0x14, 0x3c, 0x80, 0x30, 0xce, 0x62,
    0x44, 0x80, 0x27, 0xb1, 0x5e, 0x0, 0x37, 0x71,
    0x86, 0x9c, 0x2, 0x99, 0x30, 0x6, 0x11, 0x33,
    0x20, 0x3, 0xa1, 0x62, 0x3c, 0x8e, 0x1, 0x0,

    /* U+278A "➊" */
    0x0, 0xc3, 0x1b, 0xfe, 0xea, 0x30, 0xf, 0x9b,
    0x9c, 0x80, 0x2, 0xb9, 0x40, 0x1c, 0xf2, 0x1,
    0xf9, 0x70, 0x2, 0x38, 0x0, 0x91, 0xf0, 0x3,
    0x1c, 0x0, 0x20, 0x3, 0x23, 0x18, 0x80, 0x67,
    0x11, 0x20, 0x7, 0xff, 0x5, 0x8, 0x3, 0xff,
    0x85, 0xa0, 0x1f, 0xfc, 0x42, 0x0, 0xff, 0xe1,
    0x68, 0xa0, 0x7, 0xff, 0x5, 0x2, 0x0, 0x38,
    0x58, 0x40, 0x33, 0x88, 0x1c, 0x0, 0x74, 0x80,
    0x63, 0x80, 0x9, 0xe4, 0x3, 0xf2, 0xe0, 0x7,
    0x37, 0x39, 0x0, 0x5, 0x72, 0x80, 0x20,

    /* U+278B "➋" */
    0x0, 0xc3, 0x19, 0xfe, 0xea, 0x40, 0xf, 0x9b,
    0x9c, 0xc0, 0x2, 0xb7, 0x61, 0x0, 0xcf, 0x20,
    0x1f, 0x93, 0x4, 0x0, 0x70, 0x0, 0x3a, 0xaa,
    0xc8, 0x0, 0x56, 0x0, 0x80, 0x8, 0x7a, 0xa9,
    0x9c, 0x1, 0x29, 0xa, 0x0, 0x44, 0x80, 0x1,
    0x20, 0xc, 0xa4, 0x1, 0xfa, 0xd0, 0x3, 0x68,
    0x7, 0xea, 0xb, 0x0, 0xe2, 0x0, 0xf5, 0x3f,
    0x88, 0x6, 0xd1, 0x40, 0xd, 0x6f, 0xe4, 0x1,
    0xca, 0x10, 0x1, 0x29, 0x25, 0xcc, 0x8c, 0x0,
    0xa4, 0x7, 0x0, 0x5, 0x99, 0xe3, 0x2, 0xb0,
    0x9, 0xe4, 0x3, 0xf2, 0x60, 0x80, 0x66, 0xe7,
    0x30, 0x0, 0xad, 0xd8, 0x40, 0x0,

    /* U+278C "➌" */
    0x0, 0xc5, 0x1b, 0xfe, 0xea, 0x30, 0xf, 0x9f,
    0x5c, 0x80, 0x2, 0xb9, 0x40, 0x1d, 0x10, 0x0,
    0xfc, 0xb8, 0x1, 0x23, 0x80, 0xa, 0xbb, 0x96,
    0x40, 0x3, 0x90, 0x4, 0x80, 0x43, 0xfd, 0xc0,
    0x90, 0x9, 0x84, 0x88, 0x1, 0x1a, 0x80, 0x42,
    0x1, 0x9d, 0x80, 0x3d, 0x7c, 0x14, 0x1, 0xbc,
    0x3, 0xe9, 0xb7, 0xa0, 0xe, 0x60, 0xf, 0x12,
    0xfa, 0x88, 0x5, 0xe4, 0x40, 0xa, 0x10, 0x1,
    0x64, 0x20, 0x13, 0x84, 0x80, 0x59, 0xb7, 0x60,
    0xc0, 0x9, 0x84, 0x11, 0xc0, 0x9, 0x37, 0x68,
    0x10, 0x1, 0xc8, 0x5, 0x10, 0x0, 0xfc, 0xb8,
    0x1, 0xcf, 0xce, 0x40, 0x1, 0x5c, 0xa0, 0x8,

    /* U+278D "➍" */
    0x0, 0xc9, 0x5d, 0xfe, 0xc7, 0x10, 0xf, 0xd,
    0xd9, 0x44, 0x0, 0x71, 0xe8, 0x1, 0x87, 0x10,
    0x3, 0xe1, 0xb5, 0x0, 0xac, 0x80, 0x31, 0xe2,
    0x0, 0x54, 0x20, 0x4a, 0x1, 0x87, 0x48, 0x40,
    0x34, 0x2, 0x80, 0x75, 0x39, 0x0, 0x73, 0x86,
    0x80, 0x67, 0x69, 0x0, 0xf0, 0x80, 0x72, 0x4f,
    0x80, 0x7f, 0x68, 0x6, 0xa3, 0x10, 0x30, 0xc,
    0x20, 0xa0, 0x12, 0x20, 0x44, 0x6, 0x1, 0x9c,
    0x9, 0x40, 0x3d, 0x6c, 0x1, 0xa0, 0x1, 0x64,
    0x1, 0xce, 0x60, 0x15, 0x8, 0x0, 0x71, 0x0,
    0x3e, 0x1b, 0x50, 0xc, 0x37, 0x65, 0x10, 0x1,
    0xc7, 0x20, 0x4,

    /* U+278E "➎" */
    0x0, 0xc5, 0x3b, 0xfe, 0xd9, 0x30, 0xf, 0xa3,
    0x58, 0x80, 0x4, 0xd9, 0x20, 0x1d, 0x2e, 0x1,
    0xf9, 0xac, 0x2, 0x56, 0x0, 0xb3, 0x34, 0x80,
    0x12, 0x0, 0x10, 0x1, 0x8e, 0x3b, 0x96, 0x1,
    0x38, 0x99, 0x0, 0x42, 0xa, 0x4, 0x40, 0xc,
    0x8c, 0x1, 0x8c, 0x2a, 0x7d, 0x80, 0x36, 0x80,
    0x71, 0x7d, 0xda, 0x64, 0x20, 0x19, 0x80, 0x3f,
    0x20, 0x18, 0x5, 0xa6, 0x40, 0x13, 0xa0, 0x2,
    0xcc, 0x80, 0x24, 0x8, 0x0, 0x93, 0x6e, 0xdd,
    0x80, 0x13, 0x88, 0x2b, 0x0, 0xe, 0x6e, 0xce,
    0x1, 0x24, 0x0, 0x52, 0xe0, 0x1f, 0x9a, 0xc0,
    0x3a, 0x35, 0xc8, 0x0, 0x4d, 0x92, 0x1, 0x0,

    /* U+278F "➏" */
    0x0, 0xc5, 0x3b, 0xfe, 0xd9, 0x30, 0xf, 0xa3,
    0x58, 0x80, 0x4, 0xd9, 0x20, 0x1d, 0x4e, 0x1,
    0xf9, 0xac, 0x2, 0x65, 0x0, 0x9f, 0x7f, 0x10,
    0x0, 0x8e, 0x0, 0x80, 0xa, 0x2b, 0xfe, 0x50,
    0xa, 0x0, 0xc4, 0x2, 0x7e, 0x20, 0x31, 0x0,
    0xc8, 0xa0, 0x11, 0x85, 0xef, 0x61, 0x0, 0x63,
    0x0, 0xf7, 0xef, 0x3c, 0x80, 0x72, 0x80, 0x44,
    0xa, 0x0, 0xd6, 0x0, 0xc6, 0x61, 0x0, 0xb,
    0x40, 0x3, 0x54, 0x3, 0x20, 0x40, 0x5, 0x39,
    0x54, 0xd8, 0x0, 0xa0, 0x0, 0xca, 0x1, 0x35,
    0x51, 0x80, 0x24, 0x70, 0xa, 0x9c, 0x3, 0xf3,
    0x58, 0x7, 0x46, 0xb1, 0x0, 0x9, 0xb6, 0x40,
    0x20,

    /* U+2790 "➐" */
    0x0, 0xc3, 0x19, 0xfe, 0xea, 0x40, 0xf, 0x9b,
    0x9c, 0xc0, 0x2, 0xb7, 0x61, 0x0, 0xcf, 0x20,
    0x1f, 0x93, 0x4, 0x0, 0x70, 0x0, 0x23, 0x3a,
    0x28, 0x0, 0x56, 0x0, 0x80, 0x8, 0x8c, 0xc2,
    0xf2, 0x1, 0x29, 0xa, 0x0, 0x7a, 0x58, 0xc0,
    0x32, 0x90, 0x7, 0x89, 0x2c, 0x3, 0xb4, 0x3,
    0xe5, 0x22, 0x0, 0x78, 0x80, 0x3d, 0x88, 0x1,
    0xed, 0x14, 0x0, 0xe6, 0x10, 0xf, 0x28, 0x40,
    0x7, 0x2e, 0x0, 0x72, 0x90, 0x1c, 0x0, 0x68,
    0x40, 0xc, 0x56, 0x1, 0x3c, 0x80, 0x7e, 0x4c,
    0x10, 0xc, 0xdc, 0xe6, 0x0, 0x15, 0xbb, 0x8,
    0x0,

    /* U+2791 "➑" */
    0x0, 0xc5, 0x3b, 0xfe, 0xd9, 0x20, 0xf, 0xa7,
    0x58, 0x80, 0x4, 0xdb, 0x20, 0x1d, 0x4c, 0x1,
    0xf9, 0xa8, 0x2, 0x65, 0x0, 0xc, 0xb3, 0x24,
    0x40, 0xa, 0xc0, 0x8, 0x0, 0xa0, 0x19, 0x9d,
    0x0, 0x14, 0x2, 0x8, 0x5, 0xc8, 0x41, 0xa2,
    0x1, 0xa, 0x10, 0x6, 0x76, 0xdc, 0x68, 0x0,
    0xc4, 0x1, 0xd0, 0x3d, 0x25, 0x0, 0x1c, 0x40,
    0x19, 0xe0, 0x57, 0x5c, 0x3, 0x12, 0x8, 0x4,
    0x4a, 0x0, 0x43, 0x0, 0x85, 0x2, 0x0, 0x2c,
    0xfa, 0xa7, 0xe8, 0x5, 0x0, 0x6, 0x50, 0x0,
    0xc5, 0x52, 0x4, 0x0, 0xac, 0x1, 0x53, 0x80,
    0x7e, 0x7a, 0x0, 0xe8, 0xd6, 0x20, 0x1, 0x36,
    0xc0, 0x4,

    /* U+2792 "➒" */
    0x0, 0xc5, 0x3b, 0xfe, 0xd9, 0x20, 0xf, 0xa7,
    0x58, 0x80, 0x4, 0xdb, 0x20, 0x1d, 0x4c, 0x1,
    0xf9, 0xa8, 0x2, 0x65, 0x0, 0xa7, 0xb9, 0x20,
    0x12, 0xb0, 0x2, 0x0, 0x29, 0x5e, 0xe1, 0x58,
    0x5, 0x0, 0x82, 0x1, 0x2d, 0x80, 0x25, 0x4,
    0x0, 0x28, 0x40, 0x19, 0x6c, 0x89, 0x60, 0x40,
    0x11, 0x0, 0x74, 0xa7, 0x46, 0x80, 0x80, 0x62,
    0x0, 0xe8, 0xca, 0x1, 0x20, 0x8, 0x90, 0x40,
    0x21, 0x30, 0x19, 0x80, 0x8, 0x50, 0x20, 0x2,
    0x29, 0xbb, 0x4b, 0x0, 0x50, 0x0, 0x65, 0x0,
    0x1d, 0x5d, 0x20, 0x4, 0xac, 0x1, 0x53, 0x80,
    0x7e, 0x7a, 0x0, 0xe8, 0xd6, 0x20, 0x1, 0x36,
    0xc0, 0x4,

    /* U+2793 "➓" */
    0x0, 0xc3, 0x19, 0xfe, 0xea, 0x40, 0xf, 0x9b,
    0x9c, 0xc0, 0x2, 0xb7, 0x61, 0x0, 0xcf, 0x20,
    0x1f, 0x93, 0x4, 0x0, 0x70, 0x97, 0xc2, 0x7,
    0x73, 0x0, 0x56, 0x0, 0x80, 0x5f, 0x10, 0x6,
    0xc4, 0x9a, 0x82, 0x90, 0xa0, 0xa, 0x80, 0x10,
    0x4c, 0x33, 0x80, 0xa, 0x40, 0x1e, 0x21, 0x0,
    0xb, 0x80, 0x34, 0x3, 0xe3, 0x10, 0x0, 0x80,
    0x62, 0x0, 0xf3, 0x0, 0x87, 0xb0, 0x3, 0x45,
    0x0, 0x38, 0xcc, 0xc0, 0xbc, 0x0, 0x50, 0x80,
    0x9, 0x44, 0x37, 0x57, 0x8, 0xa, 0x40, 0x70,
    0x3, 0x40, 0x1, 0xab, 0x50, 0x2b, 0x0, 0x9e,
    0x40, 0x3f, 0x26, 0x8, 0x6, 0x6e, 0x73, 0x0,
    0xa, 0xdd, 0x84, 0x0,

    /* U+27A1 "➡" */
    0x0, 0xfe, 0x50, 0xf, 0xfe, 0x1c, 0x50, 0x7,
    0xff, 0xd, 0x6c, 0x3, 0x1f, 0xff, 0xe2, 0x4,
    0xd1, 0x0, 0xff, 0xe1, 0x17, 0x90, 0x7, 0xff,
    0x8, 0x74, 0x80, 0x3f, 0xf8, 0x4e, 0x40, 0x1f,
    0xfc, 0x19, 0x80, 0x2a, 0xaf, 0xc2, 0x0, 0xb6,
    0x0, 0xa, 0xaf, 0xe3, 0x1c, 0x40, 0xf, 0xfe,
    0x3, 0xe1, 0x80, 0x7f, 0xf0, 0x68, 0x80, 0x38,

    /* U+2934 "⤴" */
    0x0, 0xff, 0x98, 0x3, 0xff, 0x84, 0x73, 0x40,
    0x1f, 0xfc, 0x2, 0xd0, 0x58, 0x0, 0xff, 0x16,
    0x49, 0x4b, 0x40, 0x7, 0xf7, 0x4b, 0x81, 0x62,
    0xa0, 0x7, 0xed, 0x70, 0x37, 0x2c, 0x40, 0xf,
    0xc2, 0x0, 0x12, 0x1, 0x0, 0xff, 0x8c, 0x44,
    0x1, 0xff, 0xc1, 0xb4, 0x0, 0xff, 0xe0, 0x8b,
    0x48, 0x7, 0xff, 0x6, 0xd0, 0xc0, 0x3f, 0xf8,
    0x12, 0xf6, 0x1, 0xff, 0x2e, 0xae, 0x8, 0x7,
    0x9, 0x1b, 0x4f, 0x5d, 0xb0, 0x40, 0x3d, 0x1b,
    0xda, 0x35, 0xcc, 0x1, 0xfa, 0x7f, 0x6e, 0x10,
    0x3, 0xfc,

    /* U+2935 "⤵" */
    0x0, 0xff, 0xe2, 0x4f, 0xed, 0xc2, 0x0, 0x7f,
    0xa7, 0x7b, 0x46, 0xb9, 0x80, 0x3f, 0x88, 0xda,
    0x7a, 0xed, 0x82, 0x1, 0xff, 0xc0, 0x5d, 0x5c,
    0x10, 0xf, 0xfe, 0xc, 0xbd, 0x0, 0x7f, 0xf0,
    0xa9, 0x4c, 0x3, 0xff, 0x84, 0xd2, 0x1, 0xff,
    0xc2, 0xb4, 0x0, 0xff, 0xe1, 0x18, 0x88, 0x3,
    0xfe, 0x10, 0x0, 0x90, 0x8, 0x7, 0xf6, 0xc0,
    0x1b, 0x97, 0xa0, 0x7, 0xee, 0x68, 0x2, 0xc9,
    0x40, 0xf, 0xc5, 0x8c, 0x52, 0xce, 0x1, 0xfe,
    0x2d, 0x5, 0x80, 0xf, 0xfe, 0x1, 0xd5, 0x0,
    0x20,

    /* U+29BF "⦿" */
    0x0, 0xcf, 0x33, 0xc8, 0x1, 0xe4, 0xa4, 0x99,
    0xe2, 0x91, 0x0, 0x93, 0x28, 0xc0, 0x39, 0xa2,
    0xc0, 0x3, 0xb0, 0x1, 0xf8, 0x62, 0x42, 0x6c,
    0x2, 0x3b, 0xd7, 0x0, 0x88, 0x46, 0x20, 0x0,
    0xe2, 0x14, 0x38, 0x5, 0x6e, 0x1, 0x9c, 0x3,
    0x58, 0x4, 0x7e, 0x1, 0x88, 0x3, 0x38, 0x7,
    0xf2, 0x20, 0x0, 0x30, 0x1, 0x1f, 0x89, 0x0,
    0x57, 0x6a, 0xf3, 0x0, 0xad, 0xe6, 0xc0, 0x32,
    0x28, 0x80, 0x44, 0x23, 0x6c, 0x0, 0x7e, 0x18,
    0x90, 0x2, 0x65, 0x18, 0x7, 0x34, 0x58, 0x6,
    0x4a, 0x49, 0x9e, 0x29, 0x10, 0x0,

    /* U+29FA "⧺" */
    0x0, 0xff, 0xe1, 0xc4, 0x80, 0x26, 0x0, 0x3f,
    0xfc, 0xf3, 0x54, 0x54, 0xaa, 0x22, 0xd5, 0x27,
    0xb7, 0x42, 0x2d, 0xd0, 0x8b, 0x75, 0xce, 0xf2,
    0x2b, 0xb9, 0x51, 0xde, 0x0, 0xff, 0xed, 0xf8,
    0x80, 0x7, 0xc0, 0x20,

    /* U+29FB "⧻" */
    0x0, 0xff, 0xe1, 0x44, 0x84, 0x40, 0x26, 0x0,
    0x3f, 0xfc, 0xd3, 0x4a, 0x94, 0xaa, 0xa4, 0x5a,
    0x9e, 0xd1, 0x16, 0x88, 0xb4, 0x45, 0xbc, 0xee,
    0x45, 0x74, 0x43, 0xaa, 0x3b, 0x80, 0x3f, 0xfb,
    0x5e, 0x21, 0xfe, 0x1, 0xf0, 0x0,

    /* U+2B05 "⬅" */
    0x0, 0xf2, 0x80, 0x7f, 0xf0, 0xaa, 0x0, 0x3f,
    0xf8, 0x36, 0xa0, 0x1f, 0xfc, 0x1, 0xd4, 0x2,
    0xff, 0xfc, 0x60, 0x5e, 0x40, 0x1f, 0xfc, 0x2,
    0xd1, 0x0, 0xff, 0xe0, 0x93, 0x80, 0x7f, 0xf0,
    0xe2, 0x40, 0x3f, 0xf8, 0x6d, 0x60, 0x1, 0xaa,
    0xfc, 0x40, 0x12, 0x60, 0x9a, 0xaf, 0xe1, 0x0,
    0xc7, 0x8e, 0x1, 0xff, 0xc2, 0x2a, 0x0, 0xfe,

    /* U+2B06 "⬆" */
    0x0, 0xe4, 0x10, 0xf, 0xe3, 0xbd, 0x0, 0xfc,
    0x5a, 0x7, 0x40, 0x1e, 0x1c, 0x10, 0x2, 0xc0,
    0x7, 0x68, 0x80, 0x67, 0x60, 0xa, 0xcc, 0x3,
    0xd2, 0x80, 0x84, 0xc0, 0x1c, 0x6d, 0xa0, 0x93,
    0x21, 0x0, 0xd7, 0x32, 0x0, 0xff, 0xff, 0x80,
    0x7f, 0x80,

    /* U+2B07 "⬇" */
    0x0, 0xbb, 0xff, 0x38, 0x7, 0xff, 0xfc, 0x3,
    0xff, 0x80, 0x93, 0x21, 0x0, 0xd7, 0x32, 0x4,
    0x26, 0x0, 0xe3, 0x6d, 0x0, 0x59, 0x80, 0x7a,
    0x50, 0x2, 0xd1, 0x0, 0xce, 0xc0, 0x18, 0x70,
    0x2, 0x58, 0x0, 0xf1, 0x58, 0x1d, 0x0, 0x7e,
    0x4b, 0xd0, 0xe,

    /* U+2B1A "⬚" */
    0xc3, 0x34, 0x3, 0x28, 0xc0, 0xa3, 0x83, 0xc7,
    0x99, 0xa0, 0x19, 0x46, 0x5, 0x1c, 0x1e, 0xc0,
    0x3f, 0xf8, 0x68, 0x1, 0xff, 0xc1, 0x47, 0x0,
    0xff, 0xe0, 0xbc, 0x0, 0x7f, 0xf0, 0x62, 0x80,
    0x3f, 0xf8, 0x34, 0x20, 0x1f, 0xfc, 0x11, 0x40,
    0xf, 0xfe, 0xa, 0x38, 0x7, 0xff, 0x5, 0xdc,
    0x1, 0xff, 0xc1, 0x74, 0x0, 0xff, 0xe0, 0xa0,
    0x7, 0xff, 0xf, 0xcc, 0xd0, 0xc, 0xa3, 0x2,
    0x8e, 0xf, 0x60,

    /* U+2B95 "⮕" */
    0x0, 0xfe, 0x50, 0xf, 0xfe, 0x1c, 0x50, 0x7,
    0xff, 0xd, 0x6c, 0x3, 0x1f, 0xff, 0xe2, 0x4,
    0xd1, 0x0, 0xff, 0xe1, 0x17, 0x90, 0x7, 0xff,
    0x8, 0x74, 0x80, 0x3f, 0xf8, 0x4e, 0x40, 0x1f,
    0xfc, 0x19, 0x80, 0x2a, 0xaf, 0xc2, 0x0, 0xb6,
    0x0, 0xa, 0xaf, 0xe3, 0x1c, 0x40, 0xf, 0xfe,
    0x3, 0xe1, 0x80, 0x7f, 0xf0, 0x68, 0x80, 0x38,

    /* U+2E3A "⸺" */
    0x4f, 0xff, 0xfe, 0x68, 0x80,

    /* U+2E3B "⸻" */
    0x4f, 0xff, 0xfe, 0xcc, 0x80
};


/*---------------------
 *  GLYPH DESCRIPTION
 *--------------------*/

static const lv_font_fmt_txt_glyph_dsc_t glyph_dsc[] = {
    {.bitmap_index = 0, .adv_w = 0, .box_w = 0, .box_h = 0, .ofs_x = 0, .ofs_y = 0} /* id = 0 reserved */,
    {.bitmap_index = 0, .adv_w = 57, .box_w = 0, .box_h = 0, .ofs_x = 0, .ofs_y = 0},
    {.bitmap_index = 0, .adv_w = 83, .box_w = 3, .box_h = 12, .ofs_x = 1, .ofs_y = 0},
    {.bitmap_index = 16, .adv_w = 121, .box_w = 6, .box_h = 5, .ofs_x = 1, .ofs_y = 8},
    {.bitmap_index = 30, .adv_w = 142, .box_w = 9, .box_h = 12, .ofs_x = 0, .ofs_y = 0},
    {.bitmap_index = 85, .adv_w = 142, .box_w = 8, .box_h = 16, .ofs_x = 0, .ofs_y = -2},
    {.bitmap_index = 139, .adv_w = 236, .box_w = 15, .box_h = 12, .ofs_x = 0, .ofs_y = 0},
    {.bitmap_index = 221, .adv_w = 174, .box_w = 11, .box_h = 12, .ofs_x = 0, .ofs_y = 0},
    {.bitmap_index = 281, .adv_w = 71, .box_w = 2, .box_h = 5, .ofs_x = 1, .ofs_y = 8},
    {.bitmap_index = 287, .adv_w = 87, .box_w = 4, .box_h = 18, .ofs_x = 1, .ofs_y = -4},
    {.bitmap_index = 322, .adv_w = 87, .box_w = 4, .box_h = 18, .ofs_x = 0, .ofs_y = -4},
    {.bitmap_index = 359, .adv_w = 120, .box_w = 6, .box_h = 6, .ofs_x = 1, .ofs_y = 7},
    {.bitmap_index = 378, .adv_w = 142, .box_w = 9, .box_h = 9, .ofs_x = 0, .ofs_y = 2},
    {.bitmap_index = 402, .adv_w = 71, .box_w = 4, .box_h = 7, .ofs_x = 0, .ofs_y = -4},
    {.bitmap_index = 415, .adv_w = 89, .box_w = 5, .box_h = 2, .ofs_x = 0, .ofs_y = 3},
    {.bitmap_index = 420, .adv_w = 71, .box_w = 3, .box_h = 3, .ofs_x = 1, .ofs_y = 0},
    {.bitmap_index = 425, .adv_w = 100, .box_w = 7, .box_h = 16, .ofs_x = 0, .ofs_y = -3},
    {.bitmap_index = 468, .adv_w = 142, .box_w = 9, .box_h = 12, .ofs_x = 0, .ofs_y = 0},
    {.bitmap_index = 519, .adv_w = 142, .box_w = 7, .box_h = 12, .ofs_x = 1, .ofs_y = 0},
    {.bitmap_index = 537, .adv_w = 142, .box_w = 9, .box_h = 12, .ofs_x = 0, .ofs_y = 0},
    {.bitmap_index = 584, .adv_w = 142, .box_w = 8, .box_h = 12, .ofs_x = 0, .ofs_y = 0},
    {.bitmap_index = 629, .adv_w = 142, .box_w = 9, .box_h = 12, .ofs_x = 0, .ofs_y = 0},
    {.bitmap_index = 670, .adv_w = 142, .box_w = 9, .box_h = 12, .ofs_x = 0, .ofs_y = 0},
    {.bitmap_index = 717, .adv_w = 142, .box_w = 9, .box_h = 12, .ofs_x = 0, .ofs_y = 0},
    {.bitmap_index = 768, .adv_w = 142, .box_w = 9, .box_h = 12, .ofs_x = 0, .ofs_y = 0},
    {.bitmap_index = 806, .adv_w = 142, .box_w = 9, .box_h = 12, .ofs_x = 0, .ofs_y = 0},
    {.bitmap_index = 858, .adv_w = 142, .box_w = 9, .box_h = 12, .ofs_x = 0, .ofs_y = 0},
    {.bitmap_index = 910, .adv_w = 71, .box_w = 3, .box_h = 9, .ofs_x = 1, .ofs_y = 0},
    {.bitmap_index = 922, .adv_w = 71, .box_w = 4, .box_h = 13, .ofs_x = 0, .ofs_y = -4},
    {.bitmap_index = 944, .adv_w = 142, .box_w = 9, .box_h = 8, .ofs_x = 0, .ofs_y = 2},
    {.bitmap_index = 974, .adv_w = 142, .box_w = 9, .box_h = 6, .ofs_x = 0, .ofs_y = 3},
    {.bitmap_index = 990, .adv_w = 142, .box_w = 9, .box_h = 8, .ofs_x = 0, .ofs_y = 2},
    {.bitmap_index = 1020, .adv_w = 121, .box_w = 7, .box_h = 12, .ofs_x = 0, .ofs_y = 0},
    {.bitmap_index = 1057, .adv_w = 242, .box_w = 15, .box_h = 14, .ofs_x = 0, .ofs_y = -2},
    {.bitmap_index = 1156, .adv_w = 156, .box_w = 10, .box_h = 12, .ofs_x = 0, .ofs_y = 0},
    {.bitmap_index = 1209, .adv_w = 168, .box_w = 9, .box_h = 12, .ofs_x = 1, .ofs_y = 0},
    {.bitmap_index = 1257, .adv_w = 163, .box_w = 10, .box_h = 12, .ofs_x = 0, .ofs_y = 0},
    {.bitmap_index = 1303, .adv_w = 176, .box_w = 10, .box_h = 12, .ofs_x = 1, .ofs_y = 0},
    {.bitmap_index = 1345, .adv_w = 151, .box_w = 8, .box_h = 12, .ofs_x = 1, .ofs_y = 0},
    {.bitmap_index = 1377, .adv_w = 141, .box_w = 8, .box_h = 12, .ofs_x = 1, .ofs_y = 0},
    {.bitmap_index = 1402, .adv_w = 176, .box_w = 10, .box_h = 12, .ofs_x = 0, .ofs_y = 0},
    {.bitmap_index = 1454, .adv_w = 186, .box_w = 10, .box_h = 12, .ofs_x = 1, .ofs_y = 0},
    {.bitmap_index = 1477, .adv_w = 75, .box_w = 3, .box_h = 12, .ofs_x = 1, .ofs_y = 0},
    {.bitmap_index = 1482, .adv_w = 137, .box_w = 8, .box_h = 12, .ofs_x = 0, .ofs_y = 0},
    {.bitmap_index = 1499, .adv_w = 165, .box_w = 10, .box_h = 12, .ofs_x = 1, .ofs_y = 0},
    {.bitmap_index = 1544, .adv_w = 139, .box_w = 8, .box_h = 12, .ofs_x = 1, .ofs_y = 0},
    {.bitmap_index = 1556, .adv_w = 208, .box_w = 11, .box_h = 12, .ofs_x = 1, .ofs_y = 0},
    {.bitmap_index = 1609, .adv_w = 185, .box_w = 9, .box_h = 12, .ofs_x = 1, .ofs_y = 0},
    {.bitmap_index = 1647, .adv_w = 190, .box_w = 11, .box_h = 12, .ofs_x = 0, .ofs_y = 0},
    {.bitmap_index = 1704, .adv_w = 162, .box_w = 9, .box_h = 12, .ofs_x = 1, .ofs_y = 0},
    {.bitmap_index = 1741, .adv_w = 190, .box_w = 12, .box_h = 16, .ofs_x = 0, .ofs_y = -4},
    {.bitmap_index = 1820, .adv_w = 163, .box_w = 9, .box_h = 12, .ofs_x = 1, .ofs_y = 0},
    {.bitmap_index = 1865, .adv_w = 153, .box_w = 9, .box_h = 12, .ofs_x = 0, .ofs_y = 0},
    {.bitmap_index = 1916, .adv_w = 153, .box_w = 10, .box_h = 12, .ofs_x = 0, .ofs_y = 0},
    {.bitmap_index = 1934, .adv_w = 185, .box_w = 9, .box_h = 12, .ofs_x = 1, .ofs_y = 0},
    {.bitmap_index = 1961, .adv_w = 147, .box_w = 10, .box_h = 12, .ofs_x = 0, .ofs_y = 0},
    {.bitmap_index = 2013, .adv_w = 225, .box_w = 14, .box_h = 12, .ofs_x = 0, .ofs_y = 0},
    {.bitmap_index = 2097, .adv_w = 147, .box_w = 9, .box_h = 12, .ofs_x = 0, .ofs_y = 0},
    {.bitmap_index = 2147, .adv_w = 136, .box_w = 10, .box_h = 12, .ofs_x = -1, .ofs_y = 0},
    {.bitmap_index = 2184, .adv_w = 154, .box_w = 9, .box_h = 12, .ofs_x = 0, .ofs_y = 0},
    {.bitmap_index = 2225, .adv_w = 87, .box_w = 4, .box_h = 16, .ofs_x = 1, .ofs_y = -3},
    {.bitmap_index = 2234, .adv_w = 100, .box_w = 7, .box_h = 16, .ofs_x = 0, .ofs_y = -3},
    {.bitmap_index = 2276, .adv_w = 87, .box_w = 4, .box_h = 16, .ofs_x = 0, .ofs_y = -3},
    {.bitmap_index = 2285, .adv_w = 142, .box_w = 7, .box_h = 7, .ofs_x = 1, .ofs_y = 5},
    {.bitmap_index = 2309, .adv_w = 143, .box_w = 9, .box_h = 1, .ofs_x = 0, .ofs_y = -2},
    {.bitmap_index = 2312, .adv_w = 155, .box_w = 4, .box_h = 5, .ofs_x = 2, .ofs_y = 10},
    {.bitmap_index = 2322, .adv_w = 144, .box_w = 8, .box_h = 9, .ofs_x = 0, .ofs_y = 0},
    {.bitmap_index = 2359, .adv_w = 158, .box_w = 9, .box_h = 13, .ofs_x = 1, .ofs_y = 0},
    {.bitmap_index = 2400, .adv_w = 131, .box_w = 8, .box_h = 9, .ofs_x = 0, .ofs_y = 0},
    {.bitmap_index = 2433, .adv_w = 159, .box_w = 9, .box_h = 13, .ofs_x = 0, .ofs_y = 0},
    {.bitmap_index = 2474, .adv_w = 142, .box_w = 9, .box_h = 9, .ofs_x = 0, .ofs_y = 0},
    {.bitmap_index = 2513, .adv_w = 83, .box_w = 6, .box_h = 13, .ofs_x = 0, .ofs_y = 0},
    {.bitmap_index = 2537, .adv_w = 144, .box_w = 9, .box_h = 13, .ofs_x = 0, .ofs_y = -4},
    {.bitmap_index = 2595, .adv_w = 155, .box_w = 8, .box_h = 13, .ofs_x = 1, .ofs_y = 0},
    {.bitmap_index = 2621, .adv_w = 70, .box_w = 3, .box_h = 13, .ofs_x = 1, .ofs_y = 0},
    {.bitmap_index = 2631, .adv_w = 70, .box_w = 5, .box_h = 17, .ofs_x = -1, .ofs_y = -4},
    {.bitmap_index = 2651, .adv_w = 141, .box_w = 8, .box_h = 13, .ofs_x = 1, .ofs_y = 0},
    {.bitmap_index = 2684, .adv_w = 73, .box_w = 3, .box_h = 13, .ofs_x = 1, .ofs_y = 0},
    {.bitmap_index = 2692, .adv_w = 237, .box_w = 13, .box_h = 9, .ofs_x = 1, .ofs_y = 0},
    {.bitmap_index = 2722, .adv_w = 156, .box_w = 8, .box_h = 9, .ofs_x = 1, .ofs_y = 0},
    {.bitmap_index = 2742, .adv_w = 155, .box_w = 9, .box_h = 9, .ofs_x = 0, .ofs_y = 0},
    {.bitmap_index = 2782, .adv_w = 159, .box_w = 9, .box_h = 13, .ofs_x = 1, .ofs_y = -4},
    {.bitmap_index = 2824, .adv_w = 159, .box_w = 9, .box_h = 13, .ofs_x = 0, .ofs_y = -4},
    {.bitmap_index = 2867, .adv_w = 99, .box_w = 6, .box_h = 10, .ofs_x = 1, .ofs_y = 0},
    {.bitmap_index = 2882, .adv_w = 120, .box_w = 7, .box_h = 9, .ofs_x = 0, .ofs_y = 0},
    {.bitmap_index = 2913, .adv_w = 97, .box_w = 6, .box_h = 12, .ofs_x = 0, .ofs_y = 0},
    {.bitmap_index = 2941, .adv_w = 155, .box_w = 8, .box_h = 9, .ofs_x = 1, .ofs_y = 0},
    {.bitmap_index = 2961, .adv_w = 133, .box_w = 9, .box_h = 9, .ofs_x = 0, .ofs_y = 0},
    {.bitmap_index = 2999, .adv_w = 205, .box_w = 13, .box_h = 9, .ofs_x = 0, .ofs_y = 0},
    {.bitmap_index = 3059, .adv_w = 127, .box_w = 8, .box_h = 9, .ofs_x = 0, .ofs_y = 0},
    {.bitmap_index = 3095, .adv_w = 133, .box_w = 9, .box_h = 13, .ofs_x = 0, .ofs_y = -4},
    {.bitmap_index = 3146, .adv_w = 122, .box_w = 8, .box_h = 9, .ofs_x = 0, .ofs_y = 0},
    {.bitmap_index = 3177, .adv_w = 87, .box_w = 5, .box_h = 16, .ofs_x = 0, .ofs_y = -3},
    {.bitmap_index = 3209, .adv_w = 69, .box_w = 2, .box_h = 18, .ofs_x = 1, .ofs_y = -5},
    {.bitmap_index = 3214, .adv_w = 87, .box_w = 5, .box_h = 16, .ofs_x = 0, .ofs_y = -3},
    {.bitmap_index = 3247, .adv_w = 142, .box_w = 9, .box_h = 4, .ofs_x = 0, .ofs_y = 4},
    {.bitmap_index = 3266, .adv_w = 57, .box_w = 0, .box_h = 0, .ofs_x = 0, .ofs_y = 0},
    {.bitmap_index = 3266, .adv_w = 83, .box_w = 3, .box_h = 13, .ofs_x = 1, .ofs_y = -4},
    {.bitmap_index = 3284, .adv_w = 142, .box_w = 8, .box_h = 13, .ofs_x = 1, .ofs_y = -1},
    {.bitmap_index = 3328, .adv_w = 142, .box_w = 9, .box_h = 12, .ofs_x = 0, .ofs_y = 0},
    {.bitmap_index = 3374, .adv_w = 142, .box_w = 9, .box_h = 9, .ofs_x = 0, .ofs_y = 2},
    {.bitmap_index = 3414, .adv_w = 142, .box_w = 9, .box_h = 12, .ofs_x = 0, .ofs_y = 0},
    {.bitmap_index = 3462, .adv_w = 69, .box_w = 2, .box_h = 18, .ofs_x = 1, .ofs_y = -5},
    {.bitmap_index = 3473, .adv_w = 256, .box_w = 8, .box_h = 14, .ofs_x = 4, .ofs_y = -1},
    {.bitmap_index = 3528, .adv_w = 155, .box_w = 6, .box_h = 2, .ofs_x = 2, .ofs_y = 11},
    {.bitmap_index = 3534, .adv_w = 213, .box_w = 13, .box_h = 12, .ofs_x = 0, .ofs_y = 0},
    {.bitmap_index = 3608, .adv_w = 99, .box_w = 6, .box_h = 6, .ofs_x = 0, .ofs_y = 7},
    {.bitmap_index = 3627, .adv_w = 123, .box_w = 7, .box_h = 7, .ofs_x = 0, .ofs_y = 1},
    {.bitmap_index = 3652, .adv_w = 142, .box_w = 9, .box_h = 5, .ofs_x = 0, .ofs_y = 2},
    {.bitmap_index = 3665, .adv_w = 89, .box_w = 5, .box_h = 2, .ofs_x = 0, .ofs_y = 3},
    {.bitmap_index = 3670, .adv_w = 121, .box_w = 8, .box_h = 7, .ofs_x = 0, .ofs_y = 6},
    {.bitmap_index = 3698, .adv_w = 155, .box_w = 6, .box_h = 2, .ofs_x = 2, .ofs_y = 10},
    {.bitmap_index = 3703, .adv_w = 95, .box_w = 6, .box_h = 5, .ofs_x = 0, .ofs_y = 8},
    {.bitmap_index = 3719, .adv_w = 256, .box_w = 12, .box_h = 13, .ofs_x = 2, .ofs_y = 0},
    {.bitmap_index = 3750, .adv_w = 105, .box_w = 6, .box_h = 7, .ofs_x = 0, .ofs_y = 7},
    {.bitmap_index = 3772, .adv_w = 105, .box_w = 6, .box_h = 7, .ofs_x = 0, .ofs_y = 7},
    {.bitmap_index = 3794, .adv_w = 155, .box_w = 5, .box_h = 5, .ofs_x = 3, .ofs_y = 10},
    {.bitmap_index = 3805, .adv_w = 161, .box_w = 9, .box_h = 13, .ofs_x = 1, .ofs_y = -4},
    {.bitmap_index = 3839, .adv_w = 256, .box_w = 9, .box_h = 13, .ofs_x = 3, .ofs_y = -1},
    {.bitmap_index = 3870, .adv_w = 256, .box_w = 4, .box_h = 4, .ofs_x = 6, .ofs_y = 4},
    {.bitmap_index = 3879, .adv_w = 155, .box_w = 4, .box_h = 5, .ofs_x = 3, .ofs_y = -4},
    {.bitmap_index = 3890, .adv_w = 105, .box_w = 4, .box_h = 7, .ofs_x = 1, .ofs_y = 7},
    {.bitmap_index = 3899, .adv_w = 104, .box_w = 6, .box_h = 6, .ofs_x = 0, .ofs_y = 7},
    {.bitmap_index = 3916, .adv_w = 123, .box_w = 7, .box_h = 7, .ofs_x = 0, .ofs_y = 1},
    {.bitmap_index = 3941, .adv_w = 223, .box_w = 13, .box_h = 13, .ofs_x = 1, .ofs_y = 0},
    {.bitmap_index = 4007, .adv_w = 231, .box_w = 13, .box_h = 13, .ofs_x = 1, .ofs_y = -1},
    {.bitmap_index = 4077, .adv_w = 228, .box_w = 14, .box_h = 12, .ofs_x = 0, .ofs_y = 0},
    {.bitmap_index = 4151, .adv_w = 121, .box_w = 7, .box_h = 13, .ofs_x = 0, .ofs_y = -4},
    {.bitmap_index = 4188, .adv_w = 156, .box_w = 10, .box_h = 16, .ofs_x = 0, .ofs_y = 0},
    {.bitmap_index = 4254, .adv_w = 156, .box_w = 10, .box_h = 16, .ofs_x = 0, .ofs_y = 0},
    {.bitmap_index = 4319, .adv_w = 156, .box_w = 10, .box_h = 15, .ofs_x = 0, .ofs_y = 0},
    {.bitmap_index = 4385, .adv_w = 156, .box_w = 10, .box_h = 15, .ofs_x = 0, .ofs_y = 0},
    {.bitmap_index = 4453, .adv_w = 156, .box_w = 10, .box_h = 15, .ofs_x = 0, .ofs_y = 0},
    {.bitmap_index = 4519, .adv_w = 156, .box_w = 10, .box_h = 16, .ofs_x = 0, .ofs_y = 0},
    {.bitmap_index = 4585, .adv_w = 235, .box_w = 14, .box_h = 12, .ofs_x = 0, .ofs_y = 0},
    {.bitmap_index = 4650, .adv_w = 163, .box_w = 10, .box_h = 16, .ofs_x = 0, .ofs_y = -4},
    {.bitmap_index = 4711, .adv_w = 151, .box_w = 8, .box_h = 16, .ofs_x = 1, .ofs_y = 0},
    {.bitmap_index = 4756, .adv_w = 151, .box_w = 8, .box_h = 16, .ofs_x = 1, .ofs_y = 0},
    {.bitmap_index = 4801, .adv_w = 151, .box_w = 8, .box_h = 15, .ofs_x = 1, .ofs_y = 0},
    {.bitmap_index = 4846, .adv_w = 151, .box_w = 8, .box_h = 15, .ofs_x = 1, .ofs_y = 0},
    {.bitmap_index = 4890, .adv_w = 75, .box_w = 5, .box_h = 16, .ofs_x = -1, .ofs_y = 0},
    {.bitmap_index = 4906, .adv_w = 75, .box_w = 4, .box_h = 16, .ofs_x = 1, .ofs_y = 0},
    {.bitmap_index = 4919, .adv_w = 75, .box_w = 7, .box_h = 15, .ofs_x = -1, .ofs_y = 0},
    {.bitmap_index = 4937, .adv_w = 75, .box_w = 7, .box_h = 15, .ofs_x = -1, .ofs_y = 0},
    {.bitmap_index = 4955, .adv_w = 182, .box_w = 11, .box_h = 12, .ofs_x = 0, .ofs_y = 0},
    {.bitmap_index = 5008, .adv_w = 185, .box_w = 9, .box_h = 15, .ofs_x = 1, .ofs_y = 0},
    {.bitmap_index = 5061, .adv_w = 190, .box_w = 11, .box_h = 16, .ofs_x = 0, .ofs_y = 0},
    {.bitmap_index = 5131, .adv_w = 190, .box_w = 11, .box_h = 16, .ofs_x = 0, .ofs_y = 0},
    {.bitmap_index = 5201, .adv_w = 190, .box_w = 11, .box_h = 16, .ofs_x = 0, .ofs_y = 0},
    {.bitmap_index = 5274, .adv_w = 190, .box_w = 11, .box_h = 15, .ofs_x = 0, .ofs_y = 0},
    {.bitmap_index = 5345, .adv_w = 190, .box_w = 11, .box_h = 15, .ofs_x = 0, .ofs_y = 0},
    {.bitmap_index = 5416, .adv_w = 256, .box_w = 12, .box_h = 12, .ofs_x = 2, .ofs_y = 0},
    {.bitmap_index = 5478, .adv_w = 190, .box_w = 12, .box_h = 14, .ofs_x = 0, .ofs_y = -1},
    {.bitmap_index = 5557, .adv_w = 185, .box_w = 9, .box_h = 16, .ofs_x = 1, .ofs_y = 0},
    {.bitmap_index = 5598, .adv_w = 185, .box_w = 9, .box_h = 16, .ofs_x = 1, .ofs_y = 0},
    {.bitmap_index = 5639, .adv_w = 185, .box_w = 9, .box_h = 16, .ofs_x = 1, .ofs_y = 0},
    {.bitmap_index = 5682, .adv_w = 185, .box_w = 9, .box_h = 15, .ofs_x = 1, .ofs_y = 0},
    {.bitmap_index = 5723, .adv_w = 136, .box_w = 10, .box_h = 16, .ofs_x = -1, .ofs_y = 0},
    {.bitmap_index = 5774, .adv_w = 167, .box_w = 9, .box_h = 12, .ofs_x = 1, .ofs_y = 0},
    {.bitmap_index = 5817, .adv_w = 165, .box_w = 9, .box_h = 13, .ofs_x = 1, .ofs_y = 0},
    {.bitmap_index = 5868, .adv_w = 144, .box_w = 8, .box_h = 15, .ofs_x = 0, .ofs_y = 0},
    {.bitmap_index = 5920, .adv_w = 144, .box_w = 8, .box_h = 15, .ofs_x = 0, .ofs_y = 0},
    {.bitmap_index = 5972, .adv_w = 144, .box_w = 8, .box_h = 14, .ofs_x = 0, .ofs_y = 0},
    {.bitmap_index = 6027, .adv_w = 144, .box_w = 8, .box_h = 13, .ofs_x = 0, .ofs_y = 0},
    {.bitmap_index = 6078, .adv_w = 144, .box_w = 8, .box_h = 13, .ofs_x = 0, .ofs_y = 0},
    {.bitmap_index = 6128, .adv_w = 144, .box_w = 8, .box_h = 14, .ofs_x = 0, .ofs_y = 0},
    {.bitmap_index = 6181, .adv_w = 225, .box_w = 13, .box_h = 9, .ofs_x = 1, .ofs_y = 0},
    {.bitmap_index = 6238, .adv_w = 131, .box_w = 8, .box_h = 13, .ofs_x = 0, .ofs_y = -4},
    {.bitmap_index = 6285, .adv_w = 142, .box_w = 9, .box_h = 15, .ofs_x = 0, .ofs_y = 0},
    {.bitmap_index = 6341, .adv_w = 142, .box_w = 9, .box_h = 15, .ofs_x = 0, .ofs_y = 0},
    {.bitmap_index = 6397, .adv_w = 142, .box_w = 9, .box_h = 14, .ofs_x = 0, .ofs_y = 0},
    {.bitmap_index = 6455, .adv_w = 142, .box_w = 9, .box_h = 13, .ofs_x = 0, .ofs_y = 0},
    {.bitmap_index = 6509, .adv_w = 70, .box_w = 5, .box_h = 15, .ofs_x = -1, .ofs_y = 0},
    {.bitmap_index = 6528, .adv_w = 70, .box_w = 4, .box_h = 15, .ofs_x = 1, .ofs_y = 0},
    {.bitmap_index = 6545, .adv_w = 70, .box_w = 6, .box_h = 14, .ofs_x = -1, .ofs_y = 0},
    {.bitmap_index = 6566, .adv_w = 70, .box_w = 6, .box_h = 13, .ofs_x = -1, .ofs_y = 0},
    {.bitmap_index = 6581, .adv_w = 156, .box_w = 9, .box_h = 14, .ofs_x = 0, .ofs_y = 0},
    {.bitmap_index = 6639, .adv_w = 156, .box_w = 8, .box_h = 13, .ofs_x = 1, .ofs_y = 0},
    {.bitmap_index = 6675, .adv_w = 155, .box_w = 9, .box_h = 15, .ofs_x = 0, .ofs_y = 0},
    {.bitmap_index = 6731, .adv_w = 155, .box_w = 9, .box_h = 15, .ofs_x = 0, .ofs_y = 0},
    {.bitmap_index = 6787, .adv_w = 155, .box_w = 9, .box_h = 14, .ofs_x = 0, .ofs_y = 0},
    {.bitmap_index = 6846, .adv_w = 155, .box_w = 9, .box_h = 13, .ofs_x = 0, .ofs_y = 0},
    {.bitmap_index = 6902, .adv_w = 155, .box_w = 9, .box_h = 13, .ofs_x = 0, .ofs_y = 0},
    {.bitmap_index = 6956, .adv_w = 256, .box_w = 12, .box_h = 11, .ofs_x = 2, .ofs_y = 1},
    {.bitmap_index = 6995, .adv_w = 155, .box_w = 9, .box_h = 11, .ofs_x = 0, .ofs_y = -1},
    {.bitmap_index = 7042, .adv_w = 155, .box_w = 8, .box_h = 15, .ofs_x = 1, .ofs_y = 0},
    {.bitmap_index = 7079, .adv_w = 155, .box_w = 8, .box_h = 15, .ofs_x = 1, .ofs_y = 0},
    {.bitmap_index = 7116, .adv_w = 155, .box_w = 8, .box_h = 14, .ofs_x = 1, .ofs_y = 0},
    {.bitmap_index = 7154, .adv_w = 155, .box_w = 8, .box_h = 13, .ofs_x = 1, .ofs_y = 0},
    {.bitmap_index = 7187, .adv_w = 133, .box_w = 9, .box_h = 19, .ofs_x = 0, .ofs_y = -4},
    {.bitmap_index = 7256, .adv_w = 159, .box_w = 9, .box_h = 17, .ofs_x = 1, .ofs_y = -4},
    {.bitmap_index = 7303, .adv_w = 133, .box_w = 9, .box_h = 17, .ofs_x = 0, .ofs_y = -4},
    {.bitmap_index = 7368, .adv_w = 156, .box_w = 10, .box_h = 14, .ofs_x = 0, .ofs_y = 0},
    {.bitmap_index = 7429, .adv_w = 144, .box_w = 8, .box_h = 12, .ofs_x = 0, .ofs_y = 0},
    {.bitmap_index = 7475, .adv_w = 156, .box_w = 10, .box_h = 16, .ofs_x = 0, .ofs_y = 0},
    {.bitmap_index = 7545, .adv_w = 144, .box_w = 8, .box_h = 14, .ofs_x = 0, .ofs_y = 0},
    {.bitmap_index = 7599, .adv_w = 182, .box_w = 11, .box_h = 12, .ofs_x = 0, .ofs_y = 0},
    {.bitmap_index = 7652, .adv_w = 159, .box_w = 10, .box_h = 13, .ofs_x = 0, .ofs_y = 0},
    {.bitmap_index = 7702, .adv_w = 151, .box_w = 8, .box_h = 14, .ofs_x = 1, .ofs_y = 0},
    {.bitmap_index = 7742, .adv_w = 142, .box_w = 9, .box_h = 12, .ofs_x = 0, .ofs_y = 0},
    {.bitmap_index = 7791, .adv_w = 151, .box_w = 8, .box_h = 16, .ofs_x = 1, .ofs_y = 0},
    {.bitmap_index = 7839, .adv_w = 142, .box_w = 9, .box_h = 14, .ofs_x = 0, .ofs_y = 0},
    {.bitmap_index = 7897, .adv_w = 75, .box_w = 7, .box_h = 15, .ofs_x = -1, .ofs_y = 0},
    {.bitmap_index = 7915, .adv_w = 70, .box_w = 7, .box_h = 13, .ofs_x = -1, .ofs_y = 0},
    {.bitmap_index = 7934, .adv_w = 75, .box_w = 6, .box_h = 14, .ofs_x = -1, .ofs_y = 0},
    {.bitmap_index = 7945, .adv_w = 70, .box_w = 6, .box_h = 12, .ofs_x = -1, .ofs_y = 0},
    {.bitmap_index = 7957, .adv_w = 185, .box_w = 9, .box_h = 16, .ofs_x = 1, .ofs_y = 0},
    {.bitmap_index = 8009, .adv_w = 156, .box_w = 8, .box_h = 15, .ofs_x = 1, .ofs_y = 0},
    {.bitmap_index = 8047, .adv_w = 185, .box_w = 9, .box_h = 16, .ofs_x = 1, .ofs_y = 0},
    {.bitmap_index = 8102, .adv_w = 156, .box_w = 8, .box_h = 14, .ofs_x = 1, .ofs_y = 0},
    {.bitmap_index = 8141, .adv_w = 190, .box_w = 11, .box_h = 15, .ofs_x = 0, .ofs_y = 0},
    {.bitmap_index = 8209, .adv_w = 155, .box_w = 9, .box_h = 12, .ofs_x = 0, .ofs_y = 0},
    {.bitmap_index = 8259, .adv_w = 190, .box_w = 11, .box_h = 16, .ofs_x = 0, .ofs_y = 0},
    {.bitmap_index = 8334, .adv_w = 155, .box_w = 9, .box_h = 14, .ofs_x = 0, .ofs_y = 0},
    {.bitmap_index = 8392, .adv_w = 242, .box_w = 15, .box_h = 12, .ofs_x = 0, .ofs_y = 0},
    {.bitmap_index = 8458, .adv_w = 240, .box_w = 15, .box_h = 9, .ofs_x = 0, .ofs_y = 0},
    {.bitmap_index = 8522, .adv_w = 185, .box_w = 9, .box_h = 15, .ofs_x = 1, .ofs_y = 0},
    {.bitmap_index = 8564, .adv_w = 155, .box_w = 8, .box_h = 13, .ofs_x = 1, .ofs_y = 0},
    {.bitmap_index = 8599, .adv_w = 185, .box_w = 9, .box_h = 15, .ofs_x = 1, .ofs_y = 0},
    {.bitmap_index = 8637, .adv_w = 155, .box_w = 8, .box_h = 12, .ofs_x = 1, .ofs_y = 0},
    {.bitmap_index = 8667, .adv_w = 185, .box_w = 9, .box_h = 16, .ofs_x = 1, .ofs_y = 0},
    {.bitmap_index = 8711, .adv_w = 155, .box_w = 8, .box_h = 14, .ofs_x = 1, .ofs_y = 0},
    {.bitmap_index = 8748, .adv_w = 142, .box_w = 9, .box_h = 15, .ofs_x = 0, .ofs_y = -3},
    {.bitmap_index = 8801, .adv_w = 190, .box_w = 12, .box_h = 15, .ofs_x = 0, .ofs_y = 0},
    {.bitmap_index = 8872, .adv_w = 155, .box_w = 10, .box_h = 12, .ofs_x = 0, .ofs_y = 0},
    {.bitmap_index = 8926, .adv_w = 188, .box_w = 12, .box_h = 16, .ofs_x = 1, .ofs_y = 0},
    {.bitmap_index = 8973, .adv_w = 155, .box_w = 9, .box_h = 13, .ofs_x = 1, .ofs_y = 0},
    {.bitmap_index = 9007, .adv_w = 156, .box_w = 10, .box_h = 16, .ofs_x = 0, .ofs_y = 0},
    {.bitmap_index = 9076, .adv_w = 144, .box_w = 8, .box_h = 14, .ofs_x = 0, .ofs_y = 0},
    {.bitmap_index = 9131, .adv_w = 75, .box_w = 7, .box_h = 16, .ofs_x = -1, .ofs_y = 0},
    {.bitmap_index = 9152, .adv_w = 70, .box_w = 6, .box_h = 14, .ofs_x = -1, .ofs_y = 0},
    {.bitmap_index = 9172, .adv_w = 190, .box_w = 11, .box_h = 16, .ofs_x = 0, .ofs_y = 0},
    {.bitmap_index = 9246, .adv_w = 155, .box_w = 9, .box_h = 14, .ofs_x = 0, .ofs_y = 0},
    {.bitmap_index = 9304, .adv_w = 185, .box_w = 9, .box_h = 16, .ofs_x = 1, .ofs_y = 0},
    {.bitmap_index = 9348, .adv_w = 155, .box_w = 8, .box_h = 14, .ofs_x = 1, .ofs_y = 0},
    {.bitmap_index = 9386, .adv_w = 185, .box_w = 9, .box_h = 17, .ofs_x = 1, .ofs_y = 0},
    {.bitmap_index = 9434, .adv_w = 155, .box_w = 8, .box_h = 15, .ofs_x = 1, .ofs_y = 0},
    {.bitmap_index = 9474, .adv_w = 185, .box_w = 9, .box_h = 18, .ofs_x = 1, .ofs_y = 0},
    {.bitmap_index = 9524, .adv_w = 155, .box_w = 8, .box_h = 15, .ofs_x = 1, .ofs_y = 0},
    {.bitmap_index = 9565, .adv_w = 185, .box_w = 9, .box_h = 18, .ofs_x = 1, .ofs_y = 0},
    {.bitmap_index = 9618, .adv_w = 155, .box_w = 8, .box_h = 16, .ofs_x = 1, .ofs_y = 0},
    {.bitmap_index = 9662, .adv_w = 185, .box_w = 9, .box_h = 18, .ofs_x = 1, .ofs_y = 0},
    {.bitmap_index = 9711, .adv_w = 155, .box_w = 8, .box_h = 15, .ofs_x = 1, .ofs_y = 0},
    {.bitmap_index = 9752, .adv_w = 185, .box_w = 9, .box_h = 16, .ofs_x = 1, .ofs_y = 0},
    {.bitmap_index = 9804, .adv_w = 156, .box_w = 8, .box_h = 15, .ofs_x = 1, .ofs_y = 0},
    {.bitmap_index = 9842, .adv_w = 160, .box_w = 10, .box_h = 9, .ofs_x = 0, .ofs_y = 0},
    {.bitmap_index = 9881, .adv_w = 159, .box_w = 9, .box_h = 13, .ofs_x = 0, .ofs_y = -4},
    {.bitmap_index = 9933, .adv_w = 71, .box_w = 3, .box_h = 5, .ofs_x = 1, .ofs_y = 8},
    {.bitmap_index = 9941, .adv_w = 154, .box_w = 9, .box_h = 7, .ofs_x = 0, .ofs_y = 6},
    {.bitmap_index = 9969, .adv_w = 256, .box_w = 8, .box_h = 1, .ofs_x = 4, .ofs_y = 11},
    {.bitmap_index = 9972, .adv_w = 154, .box_w = 7, .box_h = 6, .ofs_x = 1, .ofs_y = 8},
    {.bitmap_index = 9991, .adv_w = 154, .box_w = 7, .box_h = 7, .ofs_x = 1, .ofs_y = 7},
    {.bitmap_index = 10010, .adv_w = 128, .box_w = 4, .box_h = 4, .ofs_x = 2, .ofs_y = 5},
    {.bitmap_index = 10018, .adv_w = 154, .box_w = 6, .box_h = 9, .ofs_x = 2, .ofs_y = 5},
    {.bitmap_index = 10030, .adv_w = 154, .box_w = 6, .box_h = 10, .ofs_x = 2, .ofs_y = 4},
    {.bitmap_index = 10050, .adv_w = 0, .box_w = 7, .box_h = 6, .ofs_x = 1, .ofs_y = 6},
    {.bitmap_index = 10069, .adv_w = 0, .box_w = 7, .box_h = 7, .ofs_x = 1, .ofs_y = 6},
    {.bitmap_index = 10090, .adv_w = 0, .box_w = 6, .box_h = 2, .ofs_x = -3, .ofs_y = 10},
    {.bitmap_index = 10095, .adv_w = 0, .box_w = 4, .box_h = 4, .ofs_x = 3, .ofs_y = 11},
    {.bitmap_index = 10103, .adv_w = 0, .box_w = 9, .box_h = 7, .ofs_x = 0, .ofs_y = 5},
    {.bitmap_index = 10132, .adv_w = 156, .box_w = 10, .box_h = 12, .ofs_x = 0, .ofs_y = 0},
    {.bitmap_index = 10185, .adv_w = 168, .box_w = 9, .box_h = 12, .ofs_x = 1, .ofs_y = 0},
    {.bitmap_index = 10233, .adv_w = 143, .box_w = 8, .box_h = 12, .ofs_x = 1, .ofs_y = 0},
    {.bitmap_index = 10246, .adv_w = 168, .box_w = 10, .box_h = 12, .ofs_x = 0, .ofs_y = 0},
    {.bitmap_index = 10298, .adv_w = 151, .box_w = 8, .box_h = 12, .ofs_x = 1, .ofs_y = 0},
    {.bitmap_index = 10330, .adv_w = 154, .box_w = 9, .box_h = 12, .ofs_x = 0, .ofs_y = 0},
    {.bitmap_index = 10371, .adv_w = 186, .box_w = 10, .box_h = 12, .ofs_x = 1, .ofs_y = 0},
    {.bitmap_index = 10394, .adv_w = 190, .box_w = 11, .box_h = 12, .ofs_x = 0, .ofs_y = 0},
    {.bitmap_index = 10454, .adv_w = 75, .box_w = 3, .box_h = 12, .ofs_x = 1, .ofs_y = 0},
    {.bitmap_index = 10459, .adv_w = 165, .box_w = 10, .box_h = 12, .ofs_x = 1, .ofs_y = 0},
    {.bitmap_index = 10504, .adv_w = 147, .box_w = 10, .box_h = 12, .ofs_x = 0, .ofs_y = 0},
    {.bitmap_index = 10556, .adv_w = 208, .box_w = 11, .box_h = 12, .ofs_x = 1, .ofs_y = 0},
    {.bitmap_index = 10609, .adv_w = 185, .box_w = 9, .box_h = 12, .ofs_x = 1, .ofs_y = 0},
    {.bitmap_index = 10647, .adv_w = 152, .box_w = 9, .box_h = 12, .ofs_x = 0, .ofs_y = 0},
    {.bitmap_index = 10677, .adv_w = 190, .box_w = 11, .box_h = 12, .ofs_x = 0, .ofs_y = 0},
    {.bitmap_index = 10734, .adv_w = 185, .box_w = 9, .box_h = 12, .ofs_x = 1, .ofs_y = 0},
    {.bitmap_index = 10749, .adv_w = 162, .box_w = 9, .box_h = 12, .ofs_x = 1, .ofs_y = 0},
    {.bitmap_index = 10786, .adv_w = 154, .box_w = 9, .box_h = 12, .ofs_x = 0, .ofs_y = 0},
    {.bitmap_index = 10828, .adv_w = 153, .box_w = 10, .box_h = 12, .ofs_x = 0, .ofs_y = 0},
    {.bitmap_index = 10846, .adv_w = 136, .box_w = 10, .box_h = 12, .ofs_x = -1, .ofs_y = 0},
    {.bitmap_index = 10883, .adv_w = 206, .box_w = 12, .box_h = 13, .ofs_x = 0, .ofs_y = 0},
    {.bitmap_index = 10948, .adv_w = 147, .box_w = 9, .box_h = 12, .ofs_x = 0, .ofs_y = 0},
    {.bitmap_index = 10998, .adv_w = 200, .box_w = 11, .box_h = 12, .ofs_x = 1, .ofs_y = 0},
    {.bitmap_index = 11037, .adv_w = 194, .box_w = 12, .box_h = 12, .ofs_x = 0, .ofs_y = 0},
    {.bitmap_index = 11100, .adv_w = 160, .box_w = 10, .box_h = 9, .ofs_x = 0, .ofs_y = 0},
    {.bitmap_index = 11144, .adv_w = 162, .box_w = 9, .box_h = 16, .ofs_x = 1, .ofs_y = -3},
    {.bitmap_index = 11207, .adv_w = 138, .box_w = 9, .box_h = 13, .ofs_x = 0, .ofs_y = -3},
    {.bitmap_index = 11255, .adv_w = 152, .box_w = 9, .box_h = 13, .ofs_x = 0, .ofs_y = 0},
    {.bitmap_index = 11310, .adv_w = 128, .box_w = 8, .box_h = 9, .ofs_x = 0, .ofs_y = 0},
    {.bitmap_index = 11346, .adv_w = 121, .box_w = 8, .box_h = 17, .ofs_x = 0, .ofs_y = -4},
    {.bitmap_index = 11402, .adv_w = 155, .box_w = 8, .box_h = 12, .ofs_x = 1, .ofs_y = -3},
    {.bitmap_index = 11429, .adv_w = 149, .box_w = 8, .box_h = 13, .ofs_x = 1, .ofs_y = 0},
    {.bitmap_index = 11480, .adv_w = 75, .box_w = 4, .box_h = 9, .ofs_x = 1, .ofs_y = 0},
    {.bitmap_index = 11491, .adv_w = 141, .box_w = 8, .box_h = 11, .ofs_x = 1, .ofs_y = -1},
    {.bitmap_index = 11531, .adv_w = 141, .box_w = 9, .box_h = 14, .ofs_x = 0, .ofs_y = -1},
    {.bitmap_index = 11585, .adv_w = 161, .box_w = 9, .box_h = 12, .ofs_x = 1, .ofs_y = -3},
    {.bitmap_index = 11617, .adv_w = 135, .box_w = 9, .box_h = 10, .ofs_x = 0, .ofs_y = 0},
    {.bitmap_index = 11657, .adv_w = 123, .box_w = 8, .box_h = 17, .ofs_x = 0, .ofs_y = -4},
    {.bitmap_index = 11716, .adv_w = 153, .box_w = 9, .box_h = 9, .ofs_x = 0, .ofs_y = 0},
    {.bitmap_index = 11756, .adv_w = 167, .box_w = 11, .box_h = 9, .ofs_x = 0, .ofs_y = 0},
    {.bitmap_index = 11796, .adv_w = 157, .box_w = 8, .box_h = 12, .ofs_x = 1, .ofs_y = -3},
    {.bitmap_index = 11837, .adv_w = 124, .box_w = 8, .box_h = 13, .ofs_x = 0, .ofs_y = -4},
    {.bitmap_index = 11881, .adv_w = 156, .box_w = 10, .box_h = 9, .ofs_x = 0, .ofs_y = 0},
    {.bitmap_index = 11924, .adv_w = 132, .box_w = 8, .box_h = 9, .ofs_x = 0, .ofs_y = 0},
    {.bitmap_index = 11944, .adv_w = 146, .box_w = 8, .box_h = 10, .ofs_x = 1, .ofs_y = 0},
    {.bitmap_index = 11979, .adv_w = 195, .box_w = 12, .box_h = 15, .ofs_x = 0, .ofs_y = -3},
    {.bitmap_index = 12044, .adv_w = 137, .box_w = 9, .box_h = 14, .ofs_x = 0, .ofs_y = -4},
    {.bitmap_index = 12101, .adv_w = 197, .box_w = 11, .box_h = 15, .ofs_x = 1, .ofs_y = -3},
    {.bitmap_index = 12157, .adv_w = 200, .box_w = 12, .box_h = 10, .ofs_x = 0, .ofs_y = 0},
    {.bitmap_index = 12213, .adv_w = 151, .box_w = 8, .box_h = 15, .ofs_x = 1, .ofs_y = 0},
    {.bitmap_index = 12257, .adv_w = 156, .box_w = 10, .box_h = 12, .ofs_x = 0, .ofs_y = 0},
    {.bitmap_index = 12310, .adv_w = 166, .box_w = 9, .box_h = 12, .ofs_x = 1, .ofs_y = 0},
    {.bitmap_index = 12351, .adv_w = 168, .box_w = 9, .box_h = 12, .ofs_x = 1, .ofs_y = 0},
    {.bitmap_index = 12399, .adv_w = 143, .box_w = 8, .box_h = 12, .ofs_x = 1, .ofs_y = 0},
    {.bitmap_index = 12412, .adv_w = 182, .box_w = 11, .box_h = 16, .ofs_x = 0, .ofs_y = -4},
    {.bitmap_index = 12468, .adv_w = 151, .box_w = 8, .box_h = 12, .ofs_x = 1, .ofs_y = 0},
    {.bitmap_index = 12500, .adv_w = 230, .box_w = 15, .box_h = 12, .ofs_x = 0, .ofs_y = 0},
    {.bitmap_index = 12573, .adv_w = 159, .box_w = 10, .box_h = 12, .ofs_x = 0, .ofs_y = 0},
    {.bitmap_index = 12627, .adv_w = 188, .box_w = 10, .box_h = 12, .ofs_x = 1, .ofs_y = 0},
    {.bitmap_index = 12669, .adv_w = 188, .box_w = 10, .box_h = 15, .ofs_x = 1, .ofs_y = 0},
    {.bitmap_index = 12725, .adv_w = 166, .box_w = 10, .box_h = 13, .ofs_x = 1, .ofs_y = 0},
    {.bitmap_index = 12770, .adv_w = 180, .box_w = 10, .box_h = 12, .ofs_x = 0, .ofs_y = 0},
    {.bitmap_index = 12811, .adv_w = 208, .box_w = 11, .box_h = 12, .ofs_x = 1, .ofs_y = 0},
    {.bitmap_index = 12864, .adv_w = 186, .box_w = 10, .box_h = 12, .ofs_x = 1, .ofs_y = 0},
    {.bitmap_index = 12887, .adv_w = 190, .box_w = 11, .box_h = 12, .ofs_x = 0, .ofs_y = 0},
    {.bitmap_index = 12944, .adv_w = 185, .box_w = 9, .box_h = 12, .ofs_x = 1, .ofs_y = 0},
    {.bitmap_index = 12959, .adv_w = 162, .box_w = 9, .box_h = 12, .ofs_x = 1, .ofs_y = 0},
    {.bitmap_index = 12996, .adv_w = 163, .box_w = 10, .box_h = 12, .ofs_x = 0, .ofs_y = 0},
    {.bitmap_index = 13042, .adv_w = 153, .box_w = 10, .box_h = 12, .ofs_x = 0, .ofs_y = 0},
    {.bitmap_index = 13060, .adv_w = 147, .box_w = 10, .box_h = 12, .ofs_x = 0, .ofs_y = 0},
    {.bitmap_index = 13110, .adv_w = 209, .box_w = 13, .box_h = 12, .ofs_x = 0, .ofs_y = 0},
    {.bitmap_index = 13176, .adv_w = 147, .box_w = 9, .box_h = 12, .ofs_x = 0, .ofs_y = 0},
    {.bitmap_index = 13226, .adv_w = 184, .box_w = 11, .box_h = 16, .ofs_x = 1, .ofs_y = -4},
    {.bitmap_index = 13254, .adv_w = 171, .box_w = 9, .box_h = 12, .ofs_x = 1, .ofs_y = 0},
    {.bitmap_index = 13283, .adv_w = 247, .box_w = 13, .box_h = 12, .ofs_x = 1, .ofs_y = 0},
    {.bitmap_index = 13306, .adv_w = 250, .box_w = 15, .box_h = 16, .ofs_x = 1, .ofs_y = -4},
    {.bitmap_index = 13342, .adv_w = 206, .box_w = 13, .box_h = 12, .ofs_x = 0, .ofs_y = 0},
    {.bitmap_index = 13388, .adv_w = 228, .box_w = 12, .box_h = 12, .ofs_x = 1, .ofs_y = 0},
    {.bitmap_index = 13426, .adv_w = 166, .box_w = 9, .box_h = 12, .ofs_x = 1, .ofs_y = 0},
    {.bitmap_index = 13460, .adv_w = 163, .box_w = 10, .box_h = 12, .ofs_x = 0, .ofs_y = 0},
    {.bitmap_index = 13512, .adv_w = 260, .box_w = 15, .box_h = 12, .ofs_x = 1, .ofs_y = 0},
    {.bitmap_index = 13585, .adv_w = 166, .box_w = 9, .box_h = 12, .ofs_x = 0, .ofs_y = 0},
    {.bitmap_index = 13632, .adv_w = 144, .box_w = 8, .box_h = 9, .ofs_x = 0, .ofs_y = 0},
    {.bitmap_index = 13669, .adv_w = 156, .box_w = 9, .box_h = 14, .ofs_x = 0, .ofs_y = 0},
    {.bitmap_index = 13729, .adv_w = 145, .box_w = 8, .box_h = 9, .ofs_x = 1, .ofs_y = 0},
    {.bitmap_index = 13763, .adv_w = 118, .box_w = 6, .box_h = 9, .ofs_x = 1, .ofs_y = 0},
    {.bitmap_index = 13774, .adv_w = 152, .box_w = 10, .box_h = 12, .ofs_x = 0, .ofs_y = -3},
    {.bitmap_index = 13818, .adv_w = 142, .box_w = 9, .box_h = 9, .ofs_x = 0, .ofs_y = 0},
    {.bitmap_index = 13857, .adv_w = 195, .box_w = 12, .box_h = 9, .ofs_x = 0, .ofs_y = 0},
    {.bitmap_index = 13906, .adv_w = 131, .box_w = 8, .box_h = 9, .ofs_x = 0, .ofs_y = 0},
    {.bitmap_index = 13941, .adv_w = 162, .box_w = 8, .box_h = 9, .ofs_x = 1, .ofs_y = 0},
    {.bitmap_index = 13970, .adv_w = 162, .box_w = 8, .box_h = 13, .ofs_x = 1, .ofs_y = 0},
    {.bitmap_index = 14016, .adv_w = 142, .box_w = 8, .box_h = 9, .ofs_x = 1, .ofs_y = 0},
    {.bitmap_index = 14046, .adv_w = 152, .box_w = 9, .box_h = 9, .ofs_x = 0, .ofs_y = 0},
    {.bitmap_index = 14077, .adv_w = 181, .box_w = 9, .box_h = 9, .ofs_x = 1, .ofs_y = 0},
    {.bitmap_index = 14114, .adv_w = 161, .box_w = 8, .box_h = 9, .ofs_x = 1, .ofs_y = 0},
    {.bitmap_index = 14132, .adv_w = 155, .box_w = 9, .box_h = 9, .ofs_x = 0, .ofs_y = 0},
    {.bitmap_index = 14172, .adv_w = 158, .box_w = 8, .box_h = 9, .ofs_x = 1, .ofs_y = 0},
    {.bitmap_index = 14183, .adv_w = 159, .box_w = 9, .box_h = 13, .ofs_x = 1, .ofs_y = -4},
    {.bitmap_index = 14225, .adv_w = 131, .box_w = 8, .box_h = 9, .ofs_x = 0, .ofs_y = 0},
    {.bitmap_index = 14258, .adv_w = 132, .box_w = 8, .box_h = 9, .ofs_x = 0, .ofs_y = 0},
    {.bitmap_index = 14273, .adv_w = 133, .box_w = 9, .box_h = 13, .ofs_x = 0, .ofs_y = -4},
    {.bitmap_index = 14324, .adv_w = 210, .box_w = 13, .box_h = 17, .ofs_x = 0, .ofs_y = -4},
    {.bitmap_index = 14394, .adv_w = 127, .box_w = 8, .box_h = 9, .ofs_x = 0, .ofs_y = 0},
    {.bitmap_index = 14430, .adv_w = 158, .box_w = 9, .box_h = 13, .ofs_x = 1, .ofs_y = -4},
    {.bitmap_index = 14455, .adv_w = 146, .box_w = 7, .box_h = 9, .ofs_x = 1, .ofs_y = 0},
    {.bitmap_index = 14478, .adv_w = 214, .box_w = 11, .box_h = 9, .ofs_x = 1, .ofs_y = 0},
    {.bitmap_index = 14497, .adv_w = 216, .box_w = 13, .box_h = 12, .ofs_x = 1, .ofs_y = -3},
    {.bitmap_index = 14530, .adv_w = 170, .box_w = 10, .box_h = 9, .ofs_x = 0, .ofs_y = 0},
    {.bitmap_index = 14562, .adv_w = 193, .box_w = 10, .box_h = 9, .ofs_x = 1, .ofs_y = 0},
    {.bitmap_index = 14591, .adv_w = 140, .box_w = 8, .box_h = 9, .ofs_x = 1, .ofs_y = 0},
    {.bitmap_index = 14615, .adv_w = 131, .box_w = 8, .box_h = 9, .ofs_x = 0, .ofs_y = 0},
    {.bitmap_index = 14651, .adv_w = 211, .box_w = 12, .box_h = 9, .ofs_x = 1, .ofs_y = 0},
    {.bitmap_index = 14702, .adv_w = 147, .box_w = 8, .box_h = 9, .ofs_x = 0, .ofs_y = 0},
    {.bitmap_index = 14736, .adv_w = 142, .box_w = 9, .box_h = 12, .ofs_x = 0, .ofs_y = 0},
    {.bitmap_index = 14788, .adv_w = 208, .box_w = 11, .box_h = 16, .ofs_x = 1, .ofs_y = 0},
    {.bitmap_index = 14857, .adv_w = 237, .box_w = 13, .box_h = 15, .ofs_x = 1, .ofs_y = 0},
    {.bitmap_index = 14909, .adv_w = 156, .box_w = 10, .box_h = 16, .ofs_x = 0, .ofs_y = -4},
    {.bitmap_index = 14975, .adv_w = 144, .box_w = 8, .box_h = 13, .ofs_x = 0, .ofs_y = -4},
    {.bitmap_index = 15023, .adv_w = 156, .box_w = 10, .box_h = 16, .ofs_x = 0, .ofs_y = 0},
    {.bitmap_index = 15089, .adv_w = 144, .box_w = 8, .box_h = 14, .ofs_x = 0, .ofs_y = 0},
    {.bitmap_index = 15140, .adv_w = 156, .box_w = 10, .box_h = 16, .ofs_x = 0, .ofs_y = 0},
    {.bitmap_index = 15209, .adv_w = 144, .box_w = 9, .box_h = 15, .ofs_x = 0, .ofs_y = 0},
    {.bitmap_index = 15270, .adv_w = 156, .box_w = 10, .box_h = 16, .ofs_x = 0, .ofs_y = 0},
    {.bitmap_index = 15338, .adv_w = 144, .box_w = 8, .box_h = 15, .ofs_x = 0, .ofs_y = 0},
    {.bitmap_index = 15395, .adv_w = 156, .box_w = 10, .box_h = 16, .ofs_x = 0, .ofs_y = 0},
    {.bitmap_index = 15465, .adv_w = 144, .box_w = 9, .box_h = 15, .ofs_x = 0, .ofs_y = 0},
    {.bitmap_index = 15527, .adv_w = 156, .box_w = 10, .box_h = 17, .ofs_x = 0, .ofs_y = 0},
    {.bitmap_index = 15602, .adv_w = 144, .box_w = 8, .box_h = 15, .ofs_x = 0, .ofs_y = 0},
    {.bitmap_index = 15662, .adv_w = 156, .box_w = 10, .box_h = 19, .ofs_x = 0, .ofs_y = -4},
    {.bitmap_index = 15741, .adv_w = 144, .box_w = 8, .box_h = 17, .ofs_x = 0, .ofs_y = -4},
    {.bitmap_index = 15804, .adv_w = 156, .box_w = 10, .box_h = 18, .ofs_x = 0, .ofs_y = 0},
    {.bitmap_index = 15879, .adv_w = 144, .box_w = 8, .box_h = 15, .ofs_x = 0, .ofs_y = 0},
    {.bitmap_index = 15937, .adv_w = 156, .box_w = 10, .box_h = 18, .ofs_x = 0, .ofs_y = 0},
    {.bitmap_index = 16012, .adv_w = 144, .box_w = 8, .box_h = 15, .ofs_x = 0, .ofs_y = 0},
    {.bitmap_index = 16070, .adv_w = 156, .box_w = 10, .box_h = 17, .ofs_x = 0, .ofs_y = 0},
    {.bitmap_index = 16143, .adv_w = 144, .box_w = 8, .box_h = 16, .ofs_x = 0, .ofs_y = 0},
    {.bitmap_index = 16206, .adv_w = 156, .box_w = 10, .box_h = 17, .ofs_x = 0, .ofs_y = 0},
    {.bitmap_index = 16281, .adv_w = 144, .box_w = 8, .box_h = 15, .ofs_x = 0, .ofs_y = 0},
    {.bitmap_index = 16342, .adv_w = 156, .box_w = 10, .box_h = 19, .ofs_x = 0, .ofs_y = -4},
    {.bitmap_index = 16421, .adv_w = 144, .box_w = 8, .box_h = 17, .ofs_x = 0, .ofs_y = -4},
    {.bitmap_index = 16485, .adv_w = 151, .box_w = 8, .box_h = 16, .ofs_x = 1, .ofs_y = -4},
    {.bitmap_index = 16527, .adv_w = 142, .box_w = 9, .box_h = 13, .ofs_x = 0, .ofs_y = -4},
    {.bitmap_index = 16579, .adv_w = 151, .box_w = 8, .box_h = 16, .ofs_x = 1, .ofs_y = 0},
    {.bitmap_index = 16625, .adv_w = 142, .box_w = 9, .box_h = 14, .ofs_x = 0, .ofs_y = 0},
    {.bitmap_index = 16680, .adv_w = 151, .box_w = 8, .box_h = 15, .ofs_x = 1, .ofs_y = 0},
    {.bitmap_index = 16725, .adv_w = 142, .box_w = 9, .box_h = 13, .ofs_x = 0, .ofs_y = 0},
    {.bitmap_index = 16780, .adv_w = 151, .box_w = 9, .box_h = 16, .ofs_x = 1, .ofs_y = 0},
    {.bitmap_index = 16831, .adv_w = 142, .box_w = 9, .box_h = 15, .ofs_x = 0, .ofs_y = 0},
    {.bitmap_index = 16892, .adv_w = 151, .box_w = 8, .box_h = 16, .ofs_x = 1, .ofs_y = 0},
    {.bitmap_index = 16940, .adv_w = 142, .box_w = 9, .box_h = 15, .ofs_x = 0, .ofs_y = 0},
    {.bitmap_index = 17001, .adv_w = 151, .box_w = 8, .box_h = 16, .ofs_x = 1, .ofs_y = 0},
    {.bitmap_index = 17050, .adv_w = 142, .box_w = 9, .box_h = 15, .ofs_x = 0, .ofs_y = 0},
    {.bitmap_index = 17112, .adv_w = 151, .box_w = 8, .box_h = 17, .ofs_x = 1, .ofs_y = 0},
    {.bitmap_index = 17165, .adv_w = 142, .box_w = 9, .box_h = 15, .ofs_x = 0, .ofs_y = 0},
    {.bitmap_index = 17228, .adv_w = 151, .box_w = 8, .box_h = 19, .ofs_x = 1, .ofs_y = -4},
    {.bitmap_index = 17283, .adv_w = 142, .box_w = 9, .box_h = 17, .ofs_x = 0, .ofs_y = -4},
    {.bitmap_index = 17351, .adv_w = 75, .box_w = 3, .box_h = 16, .ofs_x = 1, .ofs_y = 0},
    {.bitmap_index = 17362, .adv_w = 70, .box_w = 3, .box_h = 14, .ofs_x = 1, .ofs_y = 0},
    {.bitmap_index = 17374, .adv_w = 75, .box_w = 3, .box_h = 16, .ofs_x = 1, .ofs_y = -4},
    {.bitmap_index = 17385, .adv_w = 70, .box_w = 3, .box_h = 17, .ofs_x = 1, .ofs_y = -4},
    {.bitmap_index = 17401, .adv_w = 190, .box_w = 11, .box_h = 16, .ofs_x = 0, .ofs_y = -4},
    {.bitmap_index = 17471, .adv_w = 155, .box_w = 9, .box_h = 13, .ofs_x = 0, .ofs_y = -4},
    {.bitmap_index = 17523, .adv_w = 190, .box_w = 11, .box_h = 16, .ofs_x = 0, .ofs_y = 0},
    {.bitmap_index = 17594, .adv_w = 155, .box_w = 9, .box_h = 14, .ofs_x = 0, .ofs_y = 0},
    {.bitmap_index = 17649, .adv_w = 190, .box_w = 11, .box_h = 17, .ofs_x = 0, .ofs_y = 0},
    {.bitmap_index = 17725, .adv_w = 155, .box_w = 10, .box_h = 15, .ofs_x = 0, .ofs_y = 0},
    {.bitmap_index = 17792, .adv_w = 190, .box_w = 11, .box_h = 17, .ofs_x = 0, .ofs_y = 0},
    {.bitmap_index = 17868, .adv_w = 155, .box_w = 9, .box_h = 15, .ofs_x = 0, .ofs_y = 0},
    {.bitmap_index = 17930, .adv_w = 190, .box_w = 11, .box_h = 17, .ofs_x = 0, .ofs_y = 0},
    {.bitmap_index = 18009, .adv_w = 155, .box_w = 9, .box_h = 15, .ofs_x = 0, .ofs_y = 0},
    {.bitmap_index = 18072, .adv_w = 190, .box_w = 11, .box_h = 17, .ofs_x = 0, .ofs_y = 0},
    {.bitmap_index = 18151, .adv_w = 155, .box_w = 9, .box_h = 15, .ofs_x = 0, .ofs_y = 0},
    {.bitmap_index = 18216, .adv_w = 190, .box_w = 11, .box_h = 19, .ofs_x = 0, .ofs_y = -4},
    {.bitmap_index = 18299, .adv_w = 155, .box_w = 9, .box_h = 17, .ofs_x = 0, .ofs_y = -4},
    {.bitmap_index = 18367, .adv_w = 190, .box_w = 12, .box_h = 16, .ofs_x = 0, .ofs_y = 0},
    {.bitmap_index = 18446, .adv_w = 155, .box_w = 10, .box_h = 15, .ofs_x = 0, .ofs_y = 0},
    {.bitmap_index = 18513, .adv_w = 190, .box_w = 12, .box_h = 16, .ofs_x = 0, .ofs_y = 0},
    {.bitmap_index = 18593, .adv_w = 155, .box_w = 10, .box_h = 15, .ofs_x = 0, .ofs_y = 0},
    {.bitmap_index = 18661, .adv_w = 190, .box_w = 12, .box_h = 16, .ofs_x = 0, .ofs_y = 0},
    {.bitmap_index = 18742, .adv_w = 155, .box_w = 10, .box_h = 14, .ofs_x = 0, .ofs_y = 0},
    {.bitmap_index = 18806, .adv_w = 190, .box_w = 12, .box_h = 15, .ofs_x = 0, .ofs_y = 0},
    {.bitmap_index = 18886, .adv_w = 155, .box_w = 10, .box_h = 13, .ofs_x = 0, .ofs_y = 0},
    {.bitmap_index = 18949, .adv_w = 190, .box_w = 12, .box_h = 19, .ofs_x = 0, .ofs_y = -4},
    {.bitmap_index = 19033, .adv_w = 155, .box_w = 10, .box_h = 16, .ofs_x = 0, .ofs_y = -4},
    {.bitmap_index = 19099, .adv_w = 185, .box_w = 9, .box_h = 16, .ofs_x = 1, .ofs_y = -4},
    {.bitmap_index = 19139, .adv_w = 155, .box_w = 8, .box_h = 13, .ofs_x = 1, .ofs_y = -4},
    {.bitmap_index = 19170, .adv_w = 185, .box_w = 9, .box_h = 16, .ofs_x = 1, .ofs_y = 0},
    {.bitmap_index = 19212, .adv_w = 155, .box_w = 8, .box_h = 14, .ofs_x = 1, .ofs_y = 0},
    {.bitmap_index = 19247, .adv_w = 188, .box_w = 12, .box_h = 16, .ofs_x = 1, .ofs_y = 0},
    {.bitmap_index = 19303, .adv_w = 155, .box_w = 9, .box_h = 15, .ofs_x = 1, .ofs_y = 0},
    {.bitmap_index = 19349, .adv_w = 188, .box_w = 12, .box_h = 16, .ofs_x = 1, .ofs_y = 0},
    {.bitmap_index = 19404, .adv_w = 155, .box_w = 9, .box_h = 15, .ofs_x = 1, .ofs_y = 0},
    {.bitmap_index = 19450, .adv_w = 188, .box_w = 12, .box_h = 16, .ofs_x = 1, .ofs_y = 0},
    {.bitmap_index = 19507, .adv_w = 155, .box_w = 9, .box_h = 14, .ofs_x = 1, .ofs_y = 0},
    {.bitmap_index = 19551, .adv_w = 188, .box_w = 12, .box_h = 15, .ofs_x = 1, .ofs_y = 0},
    {.bitmap_index = 19606, .adv_w = 155, .box_w = 9, .box_h = 13, .ofs_x = 1, .ofs_y = 0},
    {.bitmap_index = 19647, .adv_w = 188, .box_w = 12, .box_h = 20, .ofs_x = 1, .ofs_y = -4},
    {.bitmap_index = 19706, .adv_w = 155, .box_w = 9, .box_h = 17, .ofs_x = 1, .ofs_y = -4},
    {.bitmap_index = 19752, .adv_w = 136, .box_w = 10, .box_h = 16, .ofs_x = -1, .ofs_y = 0},
    {.bitmap_index = 19803, .adv_w = 133, .box_w = 9, .box_h = 19, .ofs_x = 0, .ofs_y = -4},
    {.bitmap_index = 19872, .adv_w = 136, .box_w = 10, .box_h = 16, .ofs_x = -1, .ofs_y = -4},
    {.bitmap_index = 19919, .adv_w = 133, .box_w = 9, .box_h = 13, .ofs_x = 0, .ofs_y = -4},
    {.bitmap_index = 19971, .adv_w = 136, .box_w = 10, .box_h = 16, .ofs_x = -1, .ofs_y = 0},
    {.bitmap_index = 20022, .adv_w = 133, .box_w = 9, .box_h = 18, .ofs_x = 0, .ofs_y = -4},
    {.bitmap_index = 20089, .adv_w = 136, .box_w = 10, .box_h = 15, .ofs_x = -1, .ofs_y = 0},
    {.bitmap_index = 20141, .adv_w = 133, .box_w = 9, .box_h = 17, .ofs_x = 0, .ofs_y = -4},
    {.bitmap_index = 20209, .adv_w = 128, .box_w = 0, .box_h = 0, .ofs_x = 0, .ofs_y = 0},
    {.bitmap_index = 20209, .adv_w = 256, .box_w = 0, .box_h = 0, .ofs_x = 0, .ofs_y = 0},
    {.bitmap_index = 20209, .adv_w = 256, .box_w = 4, .box_h = 1, .ofs_x = 6, .ofs_y = 6},
    {.bitmap_index = 20211, .adv_w = 89, .box_w = 5, .box_h = 2, .ofs_x = 0, .ofs_y = 3},
    {.bitmap_index = 20216, .adv_w = 137, .box_w = 8, .box_h = 1, .ofs_x = 0, .ofs_y = 4},
    {.bitmap_index = 20219, .adv_w = 137, .box_w = 8, .box_h = 1, .ofs_x = 0, .ofs_y = 4},
    {.bitmap_index = 20222, .adv_w = 229, .box_w = 14, .box_h = 1, .ofs_x = 0, .ofs_y = 4},
    {.bitmap_index = 20227, .adv_w = 256, .box_w = 14, .box_h = 1, .ofs_x = 1, .ofs_y = 6},
    {.bitmap_index = 20232, .adv_w = 256, .box_w = 4, .box_h = 16, .ofs_x = 6, .ofs_y = -2},
    {.bitmap_index = 20238, .adv_w = 256, .box_w = 4, .box_h = 5, .ofs_x = 12, .ofs_y = 9},
    {.bitmap_index = 20249, .adv_w = 256, .box_w = 4, .box_h = 6, .ofs_x = 0, .ofs_y = 9},
    {.bitmap_index = 20261, .adv_w = 71, .box_w = 3, .box_h = 5, .ofs_x = 1, .ofs_y = -3},
    {.bitmap_index = 20269, .adv_w = 256, .box_w = 7, .box_h = 5, .ofs_x = 9, .ofs_y = 9},
    {.bitmap_index = 20287, .adv_w = 256, .box_w = 7, .box_h = 6, .ofs_x = 0, .ofs_y = 9},
    {.bitmap_index = 20307, .adv_w = 121, .box_w = 6, .box_h = 5, .ofs_x = 1, .ofs_y = -3},
    {.bitmap_index = 20322, .adv_w = 256, .box_w = 8, .box_h = 14, .ofs_x = 4, .ofs_y = -1},
    {.bitmap_index = 20353, .adv_w = 256, .box_w = 8, .box_h = 14, .ofs_x = 4, .ofs_y = -1},
    {.bitmap_index = 20397, .adv_w = 256, .box_w = 4, .box_h = 4, .ofs_x = 6, .ofs_y = 4},
    {.bitmap_index = 20406, .adv_w = 256, .box_w = 12, .box_h = 3, .ofs_x = 2, .ofs_y = 5},
    {.bitmap_index = 20419, .adv_w = 256, .box_w = 14, .box_h = 3, .ofs_x = 1, .ofs_y = 5},
    {.bitmap_index = 20437, .adv_w = 256, .box_w = 4, .box_h = 4, .ofs_x = 6, .ofs_y = 4},
    {.bitmap_index = 20446, .adv_w = 256, .box_w = 16, .box_h = 12, .ofs_x = 0, .ofs_y = 0},
    {.bitmap_index = 20534, .adv_w = 71, .box_w = 3, .box_h = 5, .ofs_x = 1, .ofs_y = 8},
    {.bitmap_index = 20542, .adv_w = 121, .box_w = 6, .box_h = 5, .ofs_x = 1, .ofs_y = 8},
    {.bitmap_index = 20558, .adv_w = 256, .box_w = 4, .box_h = 2, .ofs_x = 5, .ofs_y = 13},
    {.bitmap_index = 20562, .adv_w = 77, .box_w = 4, .box_h = 7, .ofs_x = 0, .ofs_y = 1},
    {.bitmap_index = 20577, .adv_w = 77, .box_w = 5, .box_h = 7, .ofs_x = 0, .ofs_y = 1},
    {.bitmap_index = 20594, .adv_w = 256, .box_w = 12, .box_h = 12, .ofs_x = 2, .ofs_y = 0},
    {.bitmap_index = 20666, .adv_w = 157, .box_w = 8, .box_h = 12, .ofs_x = 1, .ofs_y = 0},
    {.bitmap_index = 20709, .adv_w = 256, .box_w = 14, .box_h = 13, .ofs_x = 1, .ofs_y = 0},
    {.bitmap_index = 20787, .adv_w = 233, .box_w = 14, .box_h = 12, .ofs_x = 0, .ofs_y = 0},
    {.bitmap_index = 20860, .adv_w = 194, .box_w = 11, .box_h = 12, .ofs_x = 0, .ofs_y = 0},
    {.bitmap_index = 20918, .adv_w = 194, .box_w = 11, .box_h = 12, .ofs_x = 1, .ofs_y = 0},
    {.bitmap_index = 20976, .adv_w = 256, .box_w = 6, .box_h = 14, .ofs_x = 5, .ofs_y = -1},
    {.bitmap_index = 21020, .adv_w = 105, .box_w = 6, .box_h = 7, .ofs_x = 0, .ofs_y = 7},
    {.bitmap_index = 21039, .adv_w = 142, .box_w = 11, .box_h = 12, .ofs_x = -1, .ofs_y = 0},
    {.bitmap_index = 21105, .adv_w = 142, .box_w = 8, .box_h = 12, .ofs_x = 1, .ofs_y = 0},
    {.bitmap_index = 21149, .adv_w = 142, .box_w = 9, .box_h = 12, .ofs_x = 0, .ofs_y = 0},
    {.bitmap_index = 21200, .adv_w = 0, .box_w = 16, .box_h = 14, .ofs_x = -16, .ofs_y = -1},
    {.bitmap_index = 21274, .adv_w = 0, .box_w = 15, .box_h = 14, .ofs_x = -15, .ofs_y = -1},
    {.bitmap_index = 21295, .adv_w = 256, .box_w = 14, .box_h = 12, .ofs_x = 1, .ofs_y = 0},
    {.bitmap_index = 21373, .adv_w = 256, .box_w = 16, .box_h = 14, .ofs_x = 0, .ofs_y = -1},
    {.bitmap_index = 21452, .adv_w = 256, .box_w = 15, .box_h = 12, .ofs_x = 1, .ofs_y = 0},
    {.bitmap_index = 21532, .adv_w = 256, .box_w = 14, .box_h = 13, .ofs_x = 1, .ofs_y = 0},
    {.bitmap_index = 21582, .adv_w = 256, .box_w = 10, .box_h = 13, .ofs_x = 3, .ofs_y = -4},
    {.bitmap_index = 21647, .adv_w = 256, .box_w = 9, .box_h = 14, .ofs_x = 3, .ofs_y = -1},
    {.bitmap_index = 21708, .adv_w = 117, .box_w = 8, .box_h = 14, .ofs_x = 0, .ofs_y = -1},
    {.bitmap_index = 21759, .adv_w = 255, .box_w = 15, .box_h = 13, .ofs_x = 1, .ofs_y = -1},
    {.bitmap_index = 21843, .adv_w = 256, .box_w = 16, .box_h = 12, .ofs_x = 0, .ofs_y = 0},
    {.bitmap_index = 21897, .adv_w = 182, .box_w = 11, .box_h = 7, .ofs_x = 0, .ofs_y = 6},
    {.bitmap_index = 21927, .adv_w = 256, .box_w = 12, .box_h = 12, .ofs_x = 2, .ofs_y = 0},
    {.bitmap_index = 21990, .adv_w = 256, .box_w = 12, .box_h = 13, .ofs_x = 2, .ofs_y = -1},
    {.bitmap_index = 22059, .adv_w = 256, .box_w = 11, .box_h = 16, .ofs_x = 2, .ofs_y = 0},
    {.bitmap_index = 22129, .adv_w = 229, .box_w = 14, .box_h = 13, .ofs_x = 0, .ofs_y = -1},
    {.bitmap_index = 22194, .adv_w = 256, .box_w = 12, .box_h = 14, .ofs_x = 2, .ofs_y = -1},
    {.bitmap_index = 22271, .adv_w = 256, .box_w = 16, .box_h = 12, .ofs_x = 0, .ofs_y = 0},
    {.bitmap_index = 22359, .adv_w = 256, .box_w = 2, .box_h = 12, .ofs_x = 7, .ofs_y = 0},
    {.bitmap_index = 22364, .adv_w = 256, .box_w = 8, .box_h = 12, .ofs_x = 4, .ofs_y = 0},
    {.bitmap_index = 22375, .adv_w = 256, .box_w = 12, .box_h = 12, .ofs_x = 2, .ofs_y = 0},
    {.bitmap_index = 22387, .adv_w = 256, .box_w = 13, .box_h = 12, .ofs_x = 2, .ofs_y = 0},
    {.bitmap_index = 22447, .adv_w = 256, .box_w = 10, .box_h = 12, .ofs_x = 3, .ofs_y = 0},
    {.bitmap_index = 22501, .adv_w = 256, .box_w = 13, .box_h = 12, .ofs_x = 1, .ofs_y = 0},
    {.bitmap_index = 22561, .adv_w = 256, .box_w = 15, .box_h = 12, .ofs_x = 0, .ofs_y = 0},
    {.bitmap_index = 22624, .adv_w = 256, .box_w = 15, .box_h = 12, .ofs_x = 0, .ofs_y = 0},
    {.bitmap_index = 22685, .adv_w = 256, .box_w = 13, .box_h = 12, .ofs_x = 2, .ofs_y = 0},
    {.bitmap_index = 22746, .adv_w = 256, .box_w = 10, .box_h = 12, .ofs_x = 3, .ofs_y = 0},
    {.bitmap_index = 22801, .adv_w = 256, .box_w = 13, .box_h = 12, .ofs_x = 1, .ofs_y = 0},
    {.bitmap_index = 22861, .adv_w = 256, .box_w = 15, .box_h = 12, .ofs_x = 0, .ofs_y = 0},
    {.bitmap_index = 22924, .adv_w = 256, .box_w = 4, .box_h = 13, .ofs_x = 6, .ofs_y = 0},
    {.bitmap_index = 22936, .adv_w = 256, .box_w = 8, .box_h = 13, .ofs_x = 4, .ofs_y = 0},
    {.bitmap_index = 22957, .adv_w = 256, .box_w = 12, .box_h = 13, .ofs_x = 2, .ofs_y = 0},
    {.bitmap_index = 22992, .adv_w = 256, .box_w = 13, .box_h = 13, .ofs_x = 2, .ofs_y = 0},
    {.bitmap_index = 23048, .adv_w = 256, .box_w = 8, .box_h = 9, .ofs_x = 4, .ofs_y = 0},
    {.bitmap_index = 23083, .adv_w = 256, .box_w = 13, .box_h = 13, .ofs_x = 1, .ofs_y = 0},
    {.bitmap_index = 23142, .adv_w = 256, .box_w = 15, .box_h = 13, .ofs_x = 0, .ofs_y = 0},
    {.bitmap_index = 23208, .adv_w = 256, .box_w = 16, .box_h = 13, .ofs_x = 0, .ofs_y = 0},
    {.bitmap_index = 23279, .adv_w = 256, .box_w = 12, .box_h = 13, .ofs_x = 2, .ofs_y = 0},
    {.bitmap_index = 23334, .adv_w = 256, .box_w = 8, .box_h = 9, .ofs_x = 4, .ofs_y = 0},
    {.bitmap_index = 23370, .adv_w = 256, .box_w = 12, .box_h = 13, .ofs_x = 2, .ofs_y = 0},
    {.bitmap_index = 23426, .adv_w = 256, .box_w = 15, .box_h = 13, .ofs_x = 0, .ofs_y = 0},
    {.bitmap_index = 23494, .adv_w = 256, .box_w = 16, .box_h = 9, .ofs_x = 0, .ofs_y = 2},
    {.bitmap_index = 23534, .adv_w = 256, .box_w = 8, .box_h = 15, .ofs_x = 4, .ofs_y = -1},
    {.bitmap_index = 23560, .adv_w = 256, .box_w = 16, .box_h = 9, .ofs_x = 0, .ofs_y = 2},
    {.bitmap_index = 23599, .adv_w = 256, .box_w = 8, .box_h = 15, .ofs_x = 4, .ofs_y = -2},
    {.bitmap_index = 23626, .adv_w = 256, .box_w = 16, .box_h = 8, .ofs_x = 0, .ofs_y = 2},
    {.bitmap_index = 23677, .adv_w = 256, .box_w = 8, .box_h = 16, .ofs_x = 4, .ofs_y = -2},
    {.bitmap_index = 23726, .adv_w = 256, .box_w = 12, .box_h = 12, .ofs_x = 2, .ofs_y = 0},
    {.bitmap_index = 23776, .adv_w = 256, .box_w = 12, .box_h = 12, .ofs_x = 2, .ofs_y = 0},
    {.bitmap_index = 23828, .adv_w = 256, .box_w = 12, .box_h = 12, .ofs_x = 2, .ofs_y = 0},
    {.bitmap_index = 23879, .adv_w = 256, .box_w = 12, .box_h = 12, .ofs_x = 2, .ofs_y = 0},
    {.bitmap_index = 23931, .adv_w = 256, .box_w = 14, .box_h = 14, .ofs_x = 1, .ofs_y = 0},
    {.bitmap_index = 23995, .adv_w = 256, .box_w = 16, .box_h = 16, .ofs_x = 0, .ofs_y = -2},
    {.bitmap_index = 24078, .adv_w = 256, .box_w = 16, .box_h = 16, .ofs_x = 0, .ofs_y = -2},
    {.bitmap_index = 24155, .adv_w = 256, .box_w = 16, .box_h = 16, .ofs_x = 0, .ofs_y = -2},
    {.bitmap_index = 24221, .adv_w = 256, .box_w = 16, .box_h = 16, .ofs_x = 0, .ofs_y = -2},
    {.bitmap_index = 24299, .adv_w = 256, .box_w = 16, .box_h = 14, .ofs_x = 0, .ofs_y = -1},
    {.bitmap_index = 24355, .adv_w = 256, .box_w = 16, .box_h = 14, .ofs_x = 0, .ofs_y = -1},
    {.bitmap_index = 24410, .adv_w = 256, .box_w = 16, .box_h = 12, .ofs_x = 0, .ofs_y = 0},
    {.bitmap_index = 24465, .adv_w = 256, .box_w = 16, .box_h = 12, .ofs_x = 0, .ofs_y = 0},
    {.bitmap_index = 24520, .adv_w = 256, .box_w = 16, .box_h = 12, .ofs_x = 0, .ofs_y = 0},
    {.bitmap_index = 24589, .adv_w = 256, .box_w = 15, .box_h = 12, .ofs_x = 0, .ofs_y = 0},
    {.bitmap_index = 24645, .adv_w = 256, .box_w = 12, .box_h = 15, .ofs_x = 2, .ofs_y = -1},
    {.bitmap_index = 24690, .adv_w = 256, .box_w = 15, .box_h = 12, .ofs_x = 1, .ofs_y = 0},
    {.bitmap_index = 24747, .adv_w = 256, .box_w = 12, .box_h = 15, .ofs_x = 2, .ofs_y = -2},
    {.bitmap_index = 24791, .adv_w = 256, .box_w = 16, .box_h = 16, .ofs_x = 0, .ofs_y = -2},
    {.bitmap_index = 24860, .adv_w = 256, .box_w = 14, .box_h = 14, .ofs_x = 1, .ofs_y = -1},
    {.bitmap_index = 24929, .adv_w = 256, .box_w = 10, .box_h = 14, .ofs_x = 3, .ofs_y = -1},
    {.bitmap_index = 24994, .adv_w = 256, .box_w = 10, .box_h = 12, .ofs_x = 3, .ofs_y = 0},
    {.bitmap_index = 25025, .adv_w = 256, .box_w = 12, .box_h = 12, .ofs_x = 2, .ofs_y = 0},
    {.bitmap_index = 25095, .adv_w = 256, .box_w = 12, .box_h = 12, .ofs_x = 2, .ofs_y = 0},
    {.bitmap_index = 25152, .adv_w = 256, .box_w = 12, .box_h = 13, .ofs_x = 2, .ofs_y = -1},
    {.bitmap_index = 25212, .adv_w = 256, .box_w = 13, .box_h = 12, .ofs_x = 1, .ofs_y = 0},
    {.bitmap_index = 25262, .adv_w = 256, .box_w = 13, .box_h = 14, .ofs_x = 2, .ofs_y = -1},
    {.bitmap_index = 25329, .adv_w = 256, .box_w = 8, .box_h = 10, .ofs_x = 4, .ofs_y = -1},
    {.bitmap_index = 25366, .adv_w = 256, .box_w = 13, .box_h = 12, .ofs_x = 2, .ofs_y = 0},
    {.bitmap_index = 25416, .adv_w = 256, .box_w = 10, .box_h = 15, .ofs_x = 3, .ofs_y = -3},
    {.bitmap_index = 25435, .adv_w = 256, .box_w = 10, .box_h = 12, .ofs_x = 3, .ofs_y = 0},
    {.bitmap_index = 25479, .adv_w = 142, .box_w = 9, .box_h = 2, .ofs_x = 0, .ofs_y = 5},
    {.bitmap_index = 25485, .adv_w = 256, .box_w = 12, .box_h = 14, .ofs_x = 2, .ofs_y = -1},
    {.bitmap_index = 25524, .adv_w = 256, .box_w = 16, .box_h = 16, .ofs_x = 0, .ofs_y = -2},
    {.bitmap_index = 25597, .adv_w = 256, .box_w = 16, .box_h = 15, .ofs_x = 0, .ofs_y = -1},
    {.bitmap_index = 25666, .adv_w = 256, .box_w = 14, .box_h = 8, .ofs_x = 0, .ofs_y = 2},
    {.bitmap_index = 25717, .adv_w = 256, .box_w = 16, .box_h = 8, .ofs_x = 0, .ofs_y = 2},
    {.bitmap_index = 25776, .adv_w = 256, .box_w = 13, .box_h = 12, .ofs_x = 2, .ofs_y = 0},
    {.bitmap_index = 25793, .adv_w = 256, .box_w = 14, .box_h = 11, .ofs_x = 1, .ofs_y = 0},
    {.bitmap_index = 25839, .adv_w = 256, .box_w = 2, .box_h = 12, .ofs_x = 7, .ofs_y = 0},
    {.bitmap_index = 25845, .adv_w = 256, .box_w = 10, .box_h = 14, .ofs_x = 3, .ofs_y = -1},
    {.bitmap_index = 25905, .adv_w = 256, .box_w = 10, .box_h = 14, .ofs_x = 3, .ofs_y = -1},
    {.bitmap_index = 25968, .adv_w = 256, .box_w = 14, .box_h = 14, .ofs_x = 1, .ofs_y = -1},
    {.bitmap_index = 26037, .adv_w = 256, .box_w = 14, .box_h = 14, .ofs_x = 1, .ofs_y = -1},
    {.bitmap_index = 26106, .adv_w = 256, .box_w = 12, .box_h = 13, .ofs_x = 2, .ofs_y = 0},
    {.bitmap_index = 26145, .adv_w = 256, .box_w = 12, .box_h = 12, .ofs_x = 2, .ofs_y = 0},
    {.bitmap_index = 26181, .adv_w = 256, .box_w = 7, .box_h = 14, .ofs_x = 4, .ofs_y = -1},
    {.bitmap_index = 26205, .adv_w = 256, .box_w = 13, .box_h = 14, .ofs_x = 1, .ofs_y = -1},
    {.bitmap_index = 26252, .adv_w = 256, .box_w = 15, .box_h = 14, .ofs_x = 0, .ofs_y = -1},
    {.bitmap_index = 26313, .adv_w = 256, .box_w = 6, .box_h = 14, .ofs_x = 5, .ofs_y = -1},
    {.bitmap_index = 26355, .adv_w = 256, .box_w = 12, .box_h = 10, .ofs_x = 2, .ofs_y = 1},
    {.bitmap_index = 26386, .adv_w = 256, .box_w = 12, .box_h = 10, .ofs_x = 2, .ofs_y = 1},
    {.bitmap_index = 26418, .adv_w = 256, .box_w = 4, .box_h = 10, .ofs_x = 6, .ofs_y = 1},
    {.bitmap_index = 26436, .adv_w = 256, .box_w = 12, .box_h = 10, .ofs_x = 2, .ofs_y = 1},
    {.bitmap_index = 26471, .adv_w = 256, .box_w = 16, .box_h = 8, .ofs_x = 0, .ofs_y = 2},
    {.bitmap_index = 26529, .adv_w = 256, .box_w = 13, .box_h = 7, .ofs_x = 1, .ofs_y = 3},
    {.bitmap_index = 26567, .adv_w = 256, .box_w = 13, .box_h = 8, .ofs_x = 1, .ofs_y = 2},
    {.bitmap_index = 26609, .adv_w = 256, .box_w = 12, .box_h = 8, .ofs_x = 2, .ofs_y = 2},
    {.bitmap_index = 26657, .adv_w = 256, .box_w = 16, .box_h = 12, .ofs_x = 0, .ofs_y = 0},
    {.bitmap_index = 26734, .adv_w = 256, .box_w = 12, .box_h = 12, .ofs_x = 2, .ofs_y = 0},
    {.bitmap_index = 26785, .adv_w = 256, .box_w = 12, .box_h = 8, .ofs_x = 2, .ofs_y = 2},
    {.bitmap_index = 26809, .adv_w = 256, .box_w = 12, .box_h = 12, .ofs_x = 2, .ofs_y = 0},
    {.bitmap_index = 26864, .adv_w = 256, .box_w = 14, .box_h = 14, .ofs_x = 1, .ofs_y = -1},
    {.bitmap_index = 26942, .adv_w = 256, .box_w = 14, .box_h = 14, .ofs_x = 1, .ofs_y = -1},
    {.bitmap_index = 27020, .adv_w = 256, .box_w = 14, .box_h = 15, .ofs_x = 1, .ofs_y = -1},
    {.bitmap_index = 27093, .adv_w = 256, .box_w = 14, .box_h = 15, .ofs_x = 1, .ofs_y = -1},
    {.bitmap_index = 27166, .adv_w = 256, .box_w = 16, .box_h = 14, .ofs_x = 0, .ofs_y = -1},
    {.bitmap_index = 27248, .adv_w = 256, .box_w = 16, .box_h = 14, .ofs_x = 0, .ofs_y = -1},
    {.bitmap_index = 27331, .adv_w = 256, .box_w = 13, .box_h = 14, .ofs_x = 1, .ofs_y = -1},
    {.bitmap_index = 27395, .adv_w = 256, .box_w = 13, .box_h = 14, .ofs_x = 2, .ofs_y = -1},
    {.bitmap_index = 27459, .adv_w = 256, .box_w = 14, .box_h = 14, .ofs_x = 1, .ofs_y = -1},
    {.bitmap_index = 27535, .adv_w = 256, .box_w = 14, .box_h = 14, .ofs_x = 1, .ofs_y = -1},
    {.bitmap_index = 27610, .adv_w = 256, .box_w = 14, .box_h = 16, .ofs_x = 1, .ofs_y = -2},
    {.bitmap_index = 27700, .adv_w = 256, .box_w = 14, .box_h = 16, .ofs_x = 1, .ofs_y = -2},
    {.bitmap_index = 27790, .adv_w = 256, .box_w = 13, .box_h = 12, .ofs_x = 1, .ofs_y = 0},
    {.bitmap_index = 27836, .adv_w = 256, .box_w = 13, .box_h = 12, .ofs_x = 2, .ofs_y = 0},
    {.bitmap_index = 27882, .adv_w = 256, .box_w = 13, .box_h = 14, .ofs_x = 1, .ofs_y = -1},
    {.bitmap_index = 27953, .adv_w = 256, .box_w = 13, .box_h = 14, .ofs_x = 2, .ofs_y = -1},
    {.bitmap_index = 28025, .adv_w = 256, .box_w = 13, .box_h = 14, .ofs_x = 1, .ofs_y = -1},
    {.bitmap_index = 28077, .adv_w = 256, .box_w = 13, .box_h = 14, .ofs_x = 2, .ofs_y = -1},
    {.bitmap_index = 28128, .adv_w = 256, .box_w = 13, .box_h = 15, .ofs_x = 1, .ofs_y = -2},
    {.bitmap_index = 28192, .adv_w = 256, .box_w = 13, .box_h = 15, .ofs_x = 2, .ofs_y = -2},
    {.bitmap_index = 28255, .adv_w = 256, .box_w = 12, .box_h = 13, .ofs_x = 2, .ofs_y = 0},
    {.bitmap_index = 28329, .adv_w = 256, .box_w = 12, .box_h = 12, .ofs_x = 2, .ofs_y = 0},
    {.bitmap_index = 28392, .adv_w = 256, .box_w = 12, .box_h = 12, .ofs_x = 2, .ofs_y = 0},
    {.bitmap_index = 28465, .adv_w = 256, .box_w = 12, .box_h = 12, .ofs_x = 2, .ofs_y = 0},
    {.bitmap_index = 28534, .adv_w = 256, .box_w = 12, .box_h = 12, .ofs_x = 2, .ofs_y = 0},
    {.bitmap_index = 28598, .adv_w = 256, .box_w = 14, .box_h = 14, .ofs_x = 1, .ofs_y = -1},
    {.bitmap_index = 28664, .adv_w = 256, .box_w = 14, .box_h = 13, .ofs_x = 1, .ofs_y = 0},
    {.bitmap_index = 28685, .adv_w = 256, .box_w = 13, .box_h = 13, .ofs_x = 1, .ofs_y = 0},
    {.bitmap_index = 28738, .adv_w = 256, .box_w = 14, .box_h = 16, .ofs_x = 1, .ofs_y = -2},
    {.bitmap_index = 28827, .adv_w = 256, .box_w = 14, .box_h = 16, .ofs_x = 1, .ofs_y = -2},
    {.bitmap_index = 28915, .adv_w = 256, .box_w = 14, .box_h = 3, .ofs_x = 1, .ofs_y = 5},
    {.bitmap_index = 28933, .adv_w = 256, .box_w = 12, .box_h = 11, .ofs_x = 2, .ofs_y = 0},
    {.bitmap_index = 28983, .adv_w = 256, .box_w = 12, .box_h = 12, .ofs_x = 2, .ofs_y = 0},
    {.bitmap_index = 29038, .adv_w = 256, .box_w = 6, .box_h = 17, .ofs_x = 5, .ofs_y = -2},
    {.bitmap_index = 29084, .adv_w = 256, .box_w = 16, .box_h = 5, .ofs_x = 0, .ofs_y = 8},
    {.bitmap_index = 29118, .adv_w = 256, .box_w = 15, .box_h = 14, .ofs_x = 1, .ofs_y = -1},
    {.bitmap_index = 29191, .adv_w = 256, .box_w = 7, .box_h = 16, .ofs_x = 9, .ofs_y = -2},
    {.bitmap_index = 29237, .adv_w = 256, .box_w = 7, .box_h = 16, .ofs_x = 0, .ofs_y = -2},
    {.bitmap_index = 29282, .adv_w = 256, .box_w = 5, .box_h = 15, .ofs_x = 6, .ofs_y = -2},
    {.bitmap_index = 29307, .adv_w = 256, .box_w = 5, .box_h = 16, .ofs_x = 6, .ofs_y = -1},
    {.bitmap_index = 29333, .adv_w = 256, .box_w = 10, .box_h = 16, .ofs_x = 7, .ofs_y = -2},
    {.bitmap_index = 29346, .adv_w = 256, .box_w = 10, .box_h = 17, .ofs_x = 7, .ofs_y = -2},
    {.bitmap_index = 29359, .adv_w = 256, .box_w = 11, .box_h = 17, .ofs_x = 3, .ofs_y = -2},
    {.bitmap_index = 29418, .adv_w = 256, .box_w = 16, .box_h = 16, .ofs_x = 0, .ofs_y = -2},
    {.bitmap_index = 29489, .adv_w = 256, .box_w = 16, .box_h = 17, .ofs_x = 0, .ofs_y = -2},
    {.bitmap_index = 29560, .adv_w = 256, .box_w = 13, .box_h = 17, .ofs_x = 2, .ofs_y = -2},
    {.bitmap_index = 29627, .adv_w = 256, .box_w = 16, .box_h = 16, .ofs_x = 0, .ofs_y = -2},
    {.bitmap_index = 29701, .adv_w = 256, .box_w = 16, .box_h = 17, .ofs_x = 0, .ofs_y = -2},
    {.bitmap_index = 29775, .adv_w = 256, .box_w = 11, .box_h = 17, .ofs_x = 3, .ofs_y = -2},
    {.bitmap_index = 29811, .adv_w = 256, .box_w = 16, .box_h = 16, .ofs_x = 0, .ofs_y = -2},
    {.bitmap_index = 29858, .adv_w = 256, .box_w = 16, .box_h = 17, .ofs_x = 0, .ofs_y = -2},
    {.bitmap_index = 29907, .adv_w = 256, .box_w = 16, .box_h = 16, .ofs_x = 0, .ofs_y = -2},
    {.bitmap_index = 29926, .adv_w = 256, .box_w = 16, .box_h = 17, .ofs_x = 0, .ofs_y = -2},
    {.bitmap_index = 29946, .adv_w = 256, .box_w = 9, .box_h = 16, .ofs_x = 0, .ofs_y = -2},
    {.bitmap_index = 29958, .adv_w = 256, .box_w = 9, .box_h = 17, .ofs_x = 0, .ofs_y = -2},
    {.bitmap_index = 29972, .adv_w = 256, .box_w = 15, .box_h = 15, .ofs_x = 0, .ofs_y = -2},
    {.bitmap_index = 30045, .adv_w = 256, .box_w = 12, .box_h = 13, .ofs_x = 2, .ofs_y = 0},
    {.bitmap_index = 30077, .adv_w = 256, .box_w = 16, .box_h = 6, .ofs_x = 0, .ofs_y = 3},
    {.bitmap_index = 30114, .adv_w = 256, .box_w = 12, .box_h = 4, .ofs_x = 2, .ofs_y = -1},
    {.bitmap_index = 30127, .adv_w = 256, .box_w = 16, .box_h = 14, .ofs_x = 0, .ofs_y = -1},
    {.bitmap_index = 30211, .adv_w = 256, .box_w = 16, .box_h = 14, .ofs_x = 0, .ofs_y = -1},
    {.bitmap_index = 30306, .adv_w = 256, .box_w = 16, .box_h = 14, .ofs_x = 0, .ofs_y = -1},
    {.bitmap_index = 30406, .adv_w = 256, .box_w = 16, .box_h = 14, .ofs_x = 0, .ofs_y = -1},
    {.bitmap_index = 30500, .adv_w = 256, .box_w = 16, .box_h = 14, .ofs_x = 0, .ofs_y = -1},
    {.bitmap_index = 30599, .adv_w = 256, .box_w = 16, .box_h = 14, .ofs_x = 0, .ofs_y = -1},
    {.bitmap_index = 30702, .adv_w = 256, .box_w = 16, .box_h = 14, .ofs_x = 0, .ofs_y = -1},
    {.bitmap_index = 30793, .adv_w = 256, .box_w = 16, .box_h = 14, .ofs_x = 0, .ofs_y = -1},
    {.bitmap_index = 30896, .adv_w = 256, .box_w = 16, .box_h = 14, .ofs_x = 0, .ofs_y = -1},
    {.bitmap_index = 30997, .adv_w = 256, .box_w = 16, .box_h = 14, .ofs_x = 0, .ofs_y = -1},
    {.bitmap_index = 31093, .adv_w = 256, .box_w = 16, .box_h = 14, .ofs_x = 0, .ofs_y = -1},
    {.bitmap_index = 31181, .adv_w = 256, .box_w = 16, .box_h = 14, .ofs_x = 0, .ofs_y = -1},
    {.bitmap_index = 31275, .adv_w = 256, .box_w = 16, .box_h = 14, .ofs_x = 0, .ofs_y = -1},
    {.bitmap_index = 31370, .adv_w = 256, .box_w = 16, .box_h = 14, .ofs_x = 0, .ofs_y = -1},
    {.bitmap_index = 31463, .adv_w = 256, .box_w = 16, .box_h = 14, .ofs_x = 0, .ofs_y = -1},
    {.bitmap_index = 31558, .adv_w = 256, .box_w = 16, .box_h = 14, .ofs_x = 0, .ofs_y = -1},
    {.bitmap_index = 31657, .adv_w = 256, .box_w = 16, .box_h = 14, .ofs_x = 0, .ofs_y = -1},
    {.bitmap_index = 31748, .adv_w = 256, .box_w = 16, .box_h = 14, .ofs_x = 0, .ofs_y = -1},
    {.bitmap_index = 31844, .adv_w = 256, .box_w = 16, .box_h = 14, .ofs_x = 0, .ofs_y = -1},
    {.bitmap_index = 31941, .adv_w = 256, .box_w = 16, .box_h = 14, .ofs_x = 0, .ofs_y = -1},
    {.bitmap_index = 32040, .adv_w = 256, .box_w = 16, .box_h = 16, .ofs_x = 0, .ofs_y = -2},
    {.bitmap_index = 32137, .adv_w = 256, .box_w = 16, .box_h = 16, .ofs_x = 0, .ofs_y = -2},
    {.bitmap_index = 32246, .adv_w = 256, .box_w = 16, .box_h = 16, .ofs_x = 0, .ofs_y = -2},
    {.bitmap_index = 32360, .adv_w = 256, .box_w = 16, .box_h = 16, .ofs_x = 0, .ofs_y = -2},
    {.bitmap_index = 32460, .adv_w = 256, .box_w = 16, .box_h = 16, .ofs_x = 0, .ofs_y = -2},
    {.bitmap_index = 32571, .adv_w = 256, .box_w = 16, .box_h = 16, .ofs_x = 0, .ofs_y = -2},
    {.bitmap_index = 32690, .adv_w = 256, .box_w = 16, .box_h = 16, .ofs_x = 0, .ofs_y = -2},
    {.bitmap_index = 32789, .adv_w = 256, .box_w = 16, .box_h = 16, .ofs_x = 0, .ofs_y = -2},
    {.bitmap_index = 32906, .adv_w = 256, .box_w = 16, .box_h = 16, .ofs_x = 0, .ofs_y = -2},
    {.bitmap_index = 33025, .adv_w = 256, .box_w = 16, .box_h = 16, .ofs_x = 0, .ofs_y = -2},
    {.bitmap_index = 33133, .adv_w = 256, .box_w = 16, .box_h = 16, .ofs_x = 0, .ofs_y = -2},
    {.bitmap_index = 33228, .adv_w = 256, .box_w = 16, .box_h = 16, .ofs_x = 0, .ofs_y = -2},
    {.bitmap_index = 33336, .adv_w = 256, .box_w = 16, .box_h = 16, .ofs_x = 0, .ofs_y = -2},
    {.bitmap_index = 33442, .adv_w = 256, .box_w = 16, .box_h = 16, .ofs_x = 0, .ofs_y = -2},
    {.bitmap_index = 33545, .adv_w = 256, .box_w = 16, .box_h = 16, .ofs_x = 0, .ofs_y = -2},
    {.bitmap_index = 33655, .adv_w = 256, .box_w = 16, .box_h = 16, .ofs_x = 0, .ofs_y = -2},
    {.bitmap_index = 33767, .adv_w = 256, .box_w = 16, .box_h = 16, .ofs_x = 0, .ofs_y = -2},
    {.bitmap_index = 33871, .adv_w = 256, .box_w = 16, .box_h = 16, .ofs_x = 0, .ofs_y = -2},
    {.bitmap_index = 33982, .adv_w = 256, .box_w = 16, .box_h = 16, .ofs_x = 0, .ofs_y = -2},
    {.bitmap_index = 34092, .adv_w = 256, .box_w = 16, .box_h = 16, .ofs_x = 0, .ofs_y = -2},
    {.bitmap_index = 34208, .adv_w = 256, .box_w = 12, .box_h = 13, .ofs_x = 2, .ofs_y = -1},
    {.bitmap_index = 34243, .adv_w = 256, .box_w = 13, .box_h = 13, .ofs_x = 1, .ofs_y = -1},
    {.bitmap_index = 34304, .adv_w = 256, .box_w = 12, .box_h = 13, .ofs_x = 2, .ofs_y = -1},
    {.bitmap_index = 34365, .adv_w = 256, .box_w = 13, .box_h = 13, .ofs_x = 1, .ofs_y = -1},
    {.bitmap_index = 34419, .adv_w = 256, .box_w = 12, .box_h = 13, .ofs_x = 2, .ofs_y = -1},
    {.bitmap_index = 34480, .adv_w = 256, .box_w = 12, .box_h = 13, .ofs_x = 2, .ofs_y = -1},
    {.bitmap_index = 34547, .adv_w = 256, .box_w = 11, .box_h = 13, .ofs_x = 2, .ofs_y = -1},
    {.bitmap_index = 34595, .adv_w = 256, .box_w = 12, .box_h = 13, .ofs_x = 2, .ofs_y = -1},
    {.bitmap_index = 34663, .adv_w = 256, .box_w = 12, .box_h = 13, .ofs_x = 2, .ofs_y = -1},
    {.bitmap_index = 34730, .adv_w = 256, .box_w = 16, .box_h = 13, .ofs_x = 0, .ofs_y = -1},
    {.bitmap_index = 34809, .adv_w = 256, .box_w = 16, .box_h = 13, .ofs_x = 0, .ofs_y = -1},
    {.bitmap_index = 34851, .adv_w = 256, .box_w = 16, .box_h = 13, .ofs_x = 0, .ofs_y = -1},
    {.bitmap_index = 34928, .adv_w = 256, .box_w = 16, .box_h = 13, .ofs_x = 0, .ofs_y = -1},
    {.bitmap_index = 35006, .adv_w = 256, .box_w = 16, .box_h = 13, .ofs_x = 0, .ofs_y = -1},
    {.bitmap_index = 35077, .adv_w = 256, .box_w = 16, .box_h = 13, .ofs_x = 0, .ofs_y = -1},
    {.bitmap_index = 35156, .adv_w = 256, .box_w = 16, .box_h = 13, .ofs_x = 0, .ofs_y = -1},
    {.bitmap_index = 35235, .adv_w = 256, .box_w = 16, .box_h = 13, .ofs_x = 0, .ofs_y = -1},
    {.bitmap_index = 35306, .adv_w = 256, .box_w = 16, .box_h = 13, .ofs_x = 0, .ofs_y = -1},
    {.bitmap_index = 35387, .adv_w = 256, .box_w = 16, .box_h = 13, .ofs_x = 0, .ofs_y = -1},
    {.bitmap_index = 35467, .adv_w = 256, .box_w = 16, .box_h = 13, .ofs_x = 0, .ofs_y = -1},
    {.bitmap_index = 35558, .adv_w = 256, .box_w = 16, .box_h = 16, .ofs_x = 0, .ofs_y = -2},
    {.bitmap_index = 35668, .adv_w = 256, .box_w = 16, .box_h = 16, .ofs_x = 0, .ofs_y = -2},
    {.bitmap_index = 35771, .adv_w = 256, .box_w = 16, .box_h = 16, .ofs_x = 0, .ofs_y = -2},
    {.bitmap_index = 35875, .adv_w = 256, .box_w = 16, .box_h = 16, .ofs_x = 0, .ofs_y = -2},
    {.bitmap_index = 35981, .adv_w = 256, .box_w = 16, .box_h = 16, .ofs_x = 0, .ofs_y = -2},
    {.bitmap_index = 36091, .adv_w = 256, .box_w = 16, .box_h = 16, .ofs_x = 0, .ofs_y = -2},
    {.bitmap_index = 36190, .adv_w = 256, .box_w = 16, .box_h = 15, .ofs_x = 0, .ofs_y = -1},
    {.bitmap_index = 36303, .adv_w = 256, .box_w = 16, .box_h = 16, .ofs_x = 0, .ofs_y = -2},
    {.bitmap_index = 36404, .adv_w = 256, .box_w = 16, .box_h = 16, .ofs_x = 0, .ofs_y = -2},
    {.bitmap_index = 36495, .adv_w = 256, .box_w = 16, .box_h = 17, .ofs_x = 0, .ofs_y = -3},
    {.bitmap_index = 36595, .adv_w = 256, .box_w = 16, .box_h = 16, .ofs_x = 0, .ofs_y = -2},
    {.bitmap_index = 36700, .adv_w = 256, .box_w = 16, .box_h = 16, .ofs_x = 0, .ofs_y = -2},
    {.bitmap_index = 36788, .adv_w = 256, .box_w = 16, .box_h = 15, .ofs_x = 0, .ofs_y = -1},
    {.bitmap_index = 36883, .adv_w = 256, .box_w = 16, .box_h = 15, .ofs_x = 0, .ofs_y = -1},
    {.bitmap_index = 36977, .adv_w = 256, .box_w = 16, .box_h = 16, .ofs_x = 0, .ofs_y = -2},
    {.bitmap_index = 37086, .adv_w = 256, .box_w = 16, .box_h = 16, .ofs_x = 0, .ofs_y = -2},
    {.bitmap_index = 37193, .adv_w = 256, .box_w = 16, .box_h = 16, .ofs_x = 0, .ofs_y = -2},
    {.bitmap_index = 37298, .adv_w = 256, .box_w = 16, .box_h = 15, .ofs_x = 0, .ofs_y = -1},
    {.bitmap_index = 37388, .adv_w = 256, .box_w = 16, .box_h = 15, .ofs_x = 0, .ofs_y = -1},
    {.bitmap_index = 37491, .adv_w = 256, .box_w = 16, .box_h = 16, .ofs_x = 0, .ofs_y = -2},
    {.bitmap_index = 37597, .adv_w = 256, .box_w = 16, .box_h = 16, .ofs_x = 0, .ofs_y = -2},
    {.bitmap_index = 37701, .adv_w = 256, .box_w = 16, .box_h = 16, .ofs_x = 0, .ofs_y = -2},
    {.bitmap_index = 37810, .adv_w = 256, .box_w = 16, .box_h = 16, .ofs_x = 0, .ofs_y = -2},
    {.bitmap_index = 37927, .adv_w = 256, .box_w = 16, .box_h = 15, .ofs_x = 0, .ofs_y = -1},
    {.bitmap_index = 38032, .adv_w = 256, .box_w = 16, .box_h = 16, .ofs_x = 0, .ofs_y = -2},
    {.bitmap_index = 38145, .adv_w = 256, .box_w = 16, .box_h = 16, .ofs_x = 0, .ofs_y = -2},
    {.bitmap_index = 38247, .adv_w = 256, .box_w = 16, .box_h = 14, .ofs_x = 0, .ofs_y = -1},
    {.bitmap_index = 38344, .adv_w = 256, .box_w = 16, .box_h = 14, .ofs_x = 0, .ofs_y = -1},
    {.bitmap_index = 38437, .adv_w = 256, .box_w = 16, .box_h = 14, .ofs_x = 0, .ofs_y = -1},
    {.bitmap_index = 38532, .adv_w = 256, .box_w = 16, .box_h = 14, .ofs_x = 0, .ofs_y = -1},
    {.bitmap_index = 38624, .adv_w = 256, .box_w = 16, .box_h = 14, .ofs_x = 0, .ofs_y = -1},
    {.bitmap_index = 38712, .adv_w = 256, .box_w = 16, .box_h = 14, .ofs_x = 0, .ofs_y = -1},
    {.bitmap_index = 38798, .adv_w = 256, .box_w = 16, .box_h = 14, .ofs_x = 0, .ofs_y = -1},
    {.bitmap_index = 38899, .adv_w = 256, .box_w = 16, .box_h = 14, .ofs_x = 0, .ofs_y = -1},
    {.bitmap_index = 38983, .adv_w = 256, .box_w = 16, .box_h = 14, .ofs_x = 0, .ofs_y = -1},
    {.bitmap_index = 39062, .adv_w = 256, .box_w = 16, .box_h = 14, .ofs_x = 0, .ofs_y = -1},
    {.bitmap_index = 39148, .adv_w = 256, .box_w = 16, .box_h = 14, .ofs_x = 0, .ofs_y = -1},
    {.bitmap_index = 39242, .adv_w = 256, .box_w = 16, .box_h = 14, .ofs_x = 0, .ofs_y = -1},
    {.bitmap_index = 39324, .adv_w = 256, .box_w = 16, .box_h = 14, .ofs_x = 0, .ofs_y = -1},
    {.bitmap_index = 39418, .adv_w = 256, .box_w = 16, .box_h = 14, .ofs_x = 0, .ofs_y = -1},
    {.bitmap_index = 39508, .adv_w = 256, .box_w = 16, .box_h = 14, .ofs_x = 0, .ofs_y = -1},
    {.bitmap_index = 39608, .adv_w = 256, .box_w = 16, .box_h = 14, .ofs_x = 0, .ofs_y = -1},
    {.bitmap_index = 39697, .adv_w = 256, .box_w = 16, .box_h = 14, .ofs_x = 0, .ofs_y = -1},
    {.bitmap_index = 39801, .adv_w = 256, .box_w = 16, .box_h = 14, .ofs_x = 0, .ofs_y = -1},
    {.bitmap_index = 39895, .adv_w = 256, .box_w = 16, .box_h = 14, .ofs_x = 0, .ofs_y = -1},
    {.bitmap_index = 39994, .adv_w = 256, .box_w = 16, .box_h = 14, .ofs_x = 0, .ofs_y = -1},
    {.bitmap_index = 40075, .adv_w = 256, .box_w = 16, .box_h = 14, .ofs_x = 0, .ofs_y = -1},
    {.bitmap_index = 40166, .adv_w = 256, .box_w = 16, .box_h = 14, .ofs_x = 0, .ofs_y = -1},
    {.bitmap_index = 40264, .adv_w = 256, .box_w = 16, .box_h = 14, .ofs_x = 0, .ofs_y = -1},
    {.bitmap_index = 40365, .adv_w = 256, .box_w = 16, .box_h = 14, .ofs_x = 0, .ofs_y = -1},
    {.bitmap_index = 40462, .adv_w = 256, .box_w = 16, .box_h = 14, .ofs_x = 0, .ofs_y = -1},
    {.bitmap_index = 40553, .adv_w = 256, .box_w = 16, .box_h = 14, .ofs_x = 0, .ofs_y = -1},
    {.bitmap_index = 40643, .adv_w = 256, .box_w = 16, .box_h = 14, .ofs_x = 0, .ofs_y = -1},
    {.bitmap_index = 40734, .adv_w = 256, .box_w = 16, .box_h = 14, .ofs_x = 0, .ofs_y = -1},
    {.bitmap_index = 40825, .adv_w = 256, .box_w = 16, .box_h = 14, .ofs_x = 0, .ofs_y = -1},
    {.bitmap_index = 40913, .adv_w = 256, .box_w = 16, .box_h = 14, .ofs_x = 0, .ofs_y = -1},
    {.bitmap_index = 41004, .adv_w = 256, .box_w = 16, .box_h = 14, .ofs_x = 0, .ofs_y = -1},
    {.bitmap_index = 41095, .adv_w = 256, .box_w = 16, .box_h = 14, .ofs_x = 0, .ofs_y = -1},
    {.bitmap_index = 41181, .adv_w = 256, .box_w = 16, .box_h = 14, .ofs_x = 0, .ofs_y = -1},
    {.bitmap_index = 41277, .adv_w = 256, .box_w = 16, .box_h = 14, .ofs_x = 0, .ofs_y = -1},
    {.bitmap_index = 41365, .adv_w = 256, .box_w = 16, .box_h = 14, .ofs_x = 0, .ofs_y = -1},
    {.bitmap_index = 41448, .adv_w = 256, .box_w = 16, .box_h = 14, .ofs_x = 0, .ofs_y = -1},
    {.bitmap_index = 41536, .adv_w = 256, .box_w = 16, .box_h = 14, .ofs_x = 0, .ofs_y = -1},
    {.bitmap_index = 41624, .adv_w = 256, .box_w = 16, .box_h = 14, .ofs_x = 0, .ofs_y = -1},
    {.bitmap_index = 41705, .adv_w = 256, .box_w = 16, .box_h = 14, .ofs_x = 0, .ofs_y = -1},
    {.bitmap_index = 41792, .adv_w = 256, .box_w = 16, .box_h = 14, .ofs_x = 0, .ofs_y = -1},
    {.bitmap_index = 41877, .adv_w = 256, .box_w = 16, .box_h = 14, .ofs_x = 0, .ofs_y = -1},
    {.bitmap_index = 41966, .adv_w = 256, .box_w = 16, .box_h = 14, .ofs_x = 0, .ofs_y = -1},
    {.bitmap_index = 42055, .adv_w = 256, .box_w = 16, .box_h = 14, .ofs_x = 0, .ofs_y = -1},
    {.bitmap_index = 42143, .adv_w = 256, .box_w = 16, .box_h = 14, .ofs_x = 0, .ofs_y = -1},
    {.bitmap_index = 42224, .adv_w = 256, .box_w = 16, .box_h = 14, .ofs_x = 0, .ofs_y = -1},
    {.bitmap_index = 42312, .adv_w = 256, .box_w = 16, .box_h = 14, .ofs_x = 0, .ofs_y = -1},
    {.bitmap_index = 42399, .adv_w = 256, .box_w = 16, .box_h = 14, .ofs_x = 0, .ofs_y = -1},
    {.bitmap_index = 42487, .adv_w = 256, .box_w = 16, .box_h = 14, .ofs_x = 0, .ofs_y = -1},
    {.bitmap_index = 42579, .adv_w = 256, .box_w = 16, .box_h = 14, .ofs_x = 0, .ofs_y = -1},
    {.bitmap_index = 42680, .adv_w = 256, .box_w = 16, .box_h = 14, .ofs_x = 0, .ofs_y = -1},
    {.bitmap_index = 42769, .adv_w = 256, .box_w = 16, .box_h = 14, .ofs_x = 0, .ofs_y = -1},
    {.bitmap_index = 42862, .adv_w = 256, .box_w = 16, .box_h = 14, .ofs_x = 0, .ofs_y = -1},
    {.bitmap_index = 42950, .adv_w = 256, .box_w = 16, .box_h = 14, .ofs_x = 0, .ofs_y = -1},
    {.bitmap_index = 43051, .adv_w = 256, .box_w = 16, .box_h = 14, .ofs_x = 0, .ofs_y = -1},
    {.bitmap_index = 43137, .adv_w = 256, .box_w = 16, .box_h = 14, .ofs_x = 0, .ofs_y = -1},
    {.bitmap_index = 43231, .adv_w = 256, .box_w = 16, .box_h = 14, .ofs_x = 0, .ofs_y = -1},
    {.bitmap_index = 43329, .adv_w = 256, .box_w = 16, .box_h = 14, .ofs_x = 0, .ofs_y = -1},
    {.bitmap_index = 43424, .adv_w = 256, .box_w = 16, .box_h = 14, .ofs_x = 0, .ofs_y = -1},
    {.bitmap_index = 43521, .adv_w = 256, .box_w = 16, .box_h = 14, .ofs_x = 0, .ofs_y = -1},
    {.bitmap_index = 43621, .adv_w = 256, .box_w = 16, .box_h = 14, .ofs_x = 0, .ofs_y = -1},
    {.bitmap_index = 43713, .adv_w = 256, .box_w = 16, .box_h = 14, .ofs_x = 0, .ofs_y = -1},
    {.bitmap_index = 43812, .adv_w = 256, .box_w = 16, .box_h = 14, .ofs_x = 0, .ofs_y = -1},
    {.bitmap_index = 43911, .adv_w = 256, .box_w = 16, .box_h = 14, .ofs_x = 0, .ofs_y = -1},
    {.bitmap_index = 44016, .adv_w = 256, .box_w = 16, .box_h = 14, .ofs_x = 0, .ofs_y = -1},
    {.bitmap_index = 44106, .adv_w = 256, .box_w = 16, .box_h = 14, .ofs_x = 0, .ofs_y = -1},
    {.bitmap_index = 44207, .adv_w = 256, .box_w = 16, .box_h = 14, .ofs_x = 0, .ofs_y = -1},
    {.bitmap_index = 44312, .adv_w = 256, .box_w = 16, .box_h = 14, .ofs_x = 0, .ofs_y = -1},
    {.bitmap_index = 44413, .adv_w = 256, .box_w = 16, .box_h = 14, .ofs_x = 0, .ofs_y = -1},
    {.bitmap_index = 44518, .adv_w = 256, .box_w = 16, .box_h = 14, .ofs_x = 0, .ofs_y = -1},
    {.bitmap_index = 44625, .adv_w = 256, .box_w = 16, .box_h = 14, .ofs_x = 0, .ofs_y = -1},
    {.bitmap_index = 44724, .adv_w = 256, .box_w = 16, .box_h = 14, .ofs_x = 0, .ofs_y = -1},
    {.bitmap_index = 44830, .adv_w = 256, .box_w = 16, .box_h = 14, .ofs_x = 0, .ofs_y = -1},
    {.bitmap_index = 44936, .adv_w = 256, .box_w = 16, .box_h = 14, .ofs_x = 0, .ofs_y = -1},
    {.bitmap_index = 45036, .adv_w = 256, .box_w = 16, .box_h = 14, .ofs_x = 0, .ofs_y = -1},
    {.bitmap_index = 45133, .adv_w = 256, .box_w = 16, .box_h = 2, .ofs_x = 0, .ofs_y = 5},
    {.bitmap_index = 45137, .adv_w = 256, .box_w = 16, .box_h = 3, .ofs_x = 0, .ofs_y = 5},
    {.bitmap_index = 45147, .adv_w = 256, .box_w = 2, .box_h = 17, .ofs_x = 7, .ofs_y = -2},
    {.bitmap_index = 45153, .adv_w = 256, .box_w = 2, .box_h = 17, .ofs_x = 7, .ofs_y = -2},
    {.bitmap_index = 45160, .adv_w = 256, .box_w = 16, .box_h = 2, .ofs_x = 0, .ofs_y = 5},
    {.bitmap_index = 45176, .adv_w = 256, .box_w = 16, .box_h = 3, .ofs_x = 0, .ofs_y = 5},
    {.bitmap_index = 45194, .adv_w = 256, .box_w = 2, .box_h = 14, .ofs_x = 7, .ofs_y = -1},
    {.bitmap_index = 45207, .adv_w = 256, .box_w = 2, .box_h = 14, .ofs_x = 7, .ofs_y = -1},
    {.bitmap_index = 45221, .adv_w = 256, .box_w = 16, .box_h = 2, .ofs_x = 0, .ofs_y = 5},
    {.bitmap_index = 45238, .adv_w = 256, .box_w = 16, .box_h = 3, .ofs_x = 0, .ofs_y = 5},
    {.bitmap_index = 45258, .adv_w = 256, .box_w = 2, .box_h = 14, .ofs_x = 7, .ofs_y = -1},
    {.bitmap_index = 45271, .adv_w = 256, .box_w = 2, .box_h = 14, .ofs_x = 7, .ofs_y = -1},
    {.bitmap_index = 45284, .adv_w = 256, .box_w = 10, .box_h = 9, .ofs_x = 7, .ofs_y = -2},
    {.bitmap_index = 45296, .adv_w = 256, .box_w = 10, .box_h = 10, .ofs_x = 7, .ofs_y = -2},
    {.bitmap_index = 45314, .adv_w = 256, .box_w = 9, .box_h = 9, .ofs_x = 7, .ofs_y = -2},
    {.bitmap_index = 45326, .adv_w = 256, .box_w = 9, .box_h = 10, .ofs_x = 7, .ofs_y = -2},
    {.bitmap_index = 45342, .adv_w = 256, .box_w = 9, .box_h = 9, .ofs_x = 0, .ofs_y = -2},
    {.bitmap_index = 45352, .adv_w = 256, .box_w = 9, .box_h = 10, .ofs_x = 0, .ofs_y = -2},
    {.bitmap_index = 45366, .adv_w = 256, .box_w = 9, .box_h = 9, .ofs_x = 0, .ofs_y = -2},
    {.bitmap_index = 45376, .adv_w = 256, .box_w = 9, .box_h = 10, .ofs_x = 0, .ofs_y = -2},
    {.bitmap_index = 45389, .adv_w = 256, .box_w = 10, .box_h = 10, .ofs_x = 7, .ofs_y = 5},
    {.bitmap_index = 45402, .adv_w = 256, .box_w = 10, .box_h = 10, .ofs_x = 7, .ofs_y = 5},
    {.bitmap_index = 45414, .adv_w = 256, .box_w = 9, .box_h = 10, .ofs_x = 7, .ofs_y = 5},
    {.bitmap_index = 45426, .adv_w = 256, .box_w = 9, .box_h = 10, .ofs_x = 7, .ofs_y = 5},
    {.bitmap_index = 45438, .adv_w = 256, .box_w = 9, .box_h = 10, .ofs_x = 0, .ofs_y = 5},
    {.bitmap_index = 45453, .adv_w = 256, .box_w = 9, .box_h = 10, .ofs_x = 0, .ofs_y = 5},
    {.bitmap_index = 45468, .adv_w = 256, .box_w = 9, .box_h = 10, .ofs_x = 0, .ofs_y = 5},
    {.bitmap_index = 45483, .adv_w = 256, .box_w = 9, .box_h = 10, .ofs_x = 0, .ofs_y = 5},
    {.bitmap_index = 45498, .adv_w = 256, .box_w = 10, .box_h = 17, .ofs_x = 7, .ofs_y = -2},
    {.bitmap_index = 45516, .adv_w = 256, .box_w = 10, .box_h = 17, .ofs_x = 7, .ofs_y = -2},
    {.bitmap_index = 45535, .adv_w = 256, .box_w = 9, .box_h = 17, .ofs_x = 7, .ofs_y = -2},
    {.bitmap_index = 45552, .adv_w = 256, .box_w = 9, .box_h = 17, .ofs_x = 7, .ofs_y = -2},
    {.bitmap_index = 45573, .adv_w = 256, .box_w = 9, .box_h = 17, .ofs_x = 7, .ofs_y = -2},
    {.bitmap_index = 45593, .adv_w = 256, .box_w = 9, .box_h = 17, .ofs_x = 7, .ofs_y = -2},
    {.bitmap_index = 45613, .adv_w = 256, .box_w = 9, .box_h = 17, .ofs_x = 7, .ofs_y = -2},
    {.bitmap_index = 45634, .adv_w = 256, .box_w = 9, .box_h = 17, .ofs_x = 7, .ofs_y = -2},
    {.bitmap_index = 45654, .adv_w = 256, .box_w = 9, .box_h = 17, .ofs_x = 0, .ofs_y = -2},
    {.bitmap_index = 45673, .adv_w = 256, .box_w = 9, .box_h = 17, .ofs_x = 0, .ofs_y = -2},
    {.bitmap_index = 45692, .adv_w = 256, .box_w = 9, .box_h = 17, .ofs_x = 0, .ofs_y = -2},
    {.bitmap_index = 45714, .adv_w = 256, .box_w = 9, .box_h = 17, .ofs_x = 0, .ofs_y = -2},
    {.bitmap_index = 45733, .adv_w = 256, .box_w = 9, .box_h = 17, .ofs_x = 0, .ofs_y = -2},
    {.bitmap_index = 45753, .adv_w = 256, .box_w = 9, .box_h = 17, .ofs_x = 0, .ofs_y = -2},
    {.bitmap_index = 45773, .adv_w = 256, .box_w = 9, .box_h = 17, .ofs_x = 0, .ofs_y = -2},
    {.bitmap_index = 45793, .adv_w = 256, .box_w = 9, .box_h = 17, .ofs_x = 0, .ofs_y = -2},
    {.bitmap_index = 45813, .adv_w = 256, .box_w = 16, .box_h = 9, .ofs_x = 0, .ofs_y = -2},
    {.bitmap_index = 45829, .adv_w = 256, .box_w = 16, .box_h = 10, .ofs_x = 0, .ofs_y = -2},
    {.bitmap_index = 45854, .adv_w = 256, .box_w = 17, .box_h = 10, .ofs_x = 0, .ofs_y = -2},
    {.bitmap_index = 45882, .adv_w = 256, .box_w = 16, .box_h = 10, .ofs_x = 0, .ofs_y = -2},
    {.bitmap_index = 45906, .adv_w = 256, .box_w = 16, .box_h = 9, .ofs_x = 0, .ofs_y = -2},
    {.bitmap_index = 45922, .adv_w = 256, .box_w = 16, .box_h = 10, .ofs_x = 0, .ofs_y = -2},
    {.bitmap_index = 45948, .adv_w = 256, .box_w = 16, .box_h = 10, .ofs_x = 0, .ofs_y = -2},
    {.bitmap_index = 45974, .adv_w = 256, .box_w = 16, .box_h = 10, .ofs_x = 0, .ofs_y = -2},
    {.bitmap_index = 45999, .adv_w = 256, .box_w = 16, .box_h = 10, .ofs_x = 0, .ofs_y = 5},
    {.bitmap_index = 46022, .adv_w = 256, .box_w = 16, .box_h = 10, .ofs_x = 0, .ofs_y = 5},
    {.bitmap_index = 46042, .adv_w = 256, .box_w = 16, .box_h = 10, .ofs_x = 0, .ofs_y = 5},
    {.bitmap_index = 46062, .adv_w = 256, .box_w = 16, .box_h = 10, .ofs_x = 0, .ofs_y = 5},
    {.bitmap_index = 46081, .adv_w = 256, .box_w = 16, .box_h = 10, .ofs_x = 0, .ofs_y = 5},
    {.bitmap_index = 46104, .adv_w = 256, .box_w = 16, .box_h = 10, .ofs_x = 0, .ofs_y = 5},
    {.bitmap_index = 46127, .adv_w = 256, .box_w = 16, .box_h = 10, .ofs_x = 0, .ofs_y = 5},
    {.bitmap_index = 46150, .adv_w = 256, .box_w = 16, .box_h = 10, .ofs_x = 0, .ofs_y = 5},
    {.bitmap_index = 46172, .adv_w = 256, .box_w = 16, .box_h = 17, .ofs_x = 0, .ofs_y = -2},
    {.bitmap_index = 46206, .adv_w = 256, .box_w = 17, .box_h = 17, .ofs_x = 0, .ofs_y = -2},
    {.bitmap_index = 46237, .adv_w = 256, .box_w = 17, .box_h = 17, .ofs_x = 0, .ofs_y = -2},
    {.bitmap_index = 46270, .adv_w = 256, .box_w = 16, .box_h = 17, .ofs_x = 0, .ofs_y = -2},
    {.bitmap_index = 46304, .adv_w = 256, .box_w = 16, .box_h = 17, .ofs_x = 0, .ofs_y = -2},
    {.bitmap_index = 46333, .adv_w = 256, .box_w = 16, .box_h = 17, .ofs_x = 0, .ofs_y = -2},
    {.bitmap_index = 46365, .adv_w = 256, .box_w = 16, .box_h = 17, .ofs_x = 0, .ofs_y = -2},
    {.bitmap_index = 46399, .adv_w = 256, .box_w = 16, .box_h = 17, .ofs_x = 0, .ofs_y = -2},
    {.bitmap_index = 46433, .adv_w = 256, .box_w = 16, .box_h = 17, .ofs_x = 0, .ofs_y = -2},
    {.bitmap_index = 46469, .adv_w = 256, .box_w = 16, .box_h = 17, .ofs_x = 0, .ofs_y = -2},
    {.bitmap_index = 46503, .adv_w = 256, .box_w = 16, .box_h = 17, .ofs_x = 0, .ofs_y = -2},
    {.bitmap_index = 46537, .adv_w = 256, .box_w = 16, .box_h = 17, .ofs_x = 0, .ofs_y = -2},
    {.bitmap_index = 46572, .adv_w = 256, .box_w = 16, .box_h = 17, .ofs_x = 0, .ofs_y = -2},
    {.bitmap_index = 46606, .adv_w = 256, .box_w = 16, .box_h = 17, .ofs_x = 0, .ofs_y = -2},
    {.bitmap_index = 46640, .adv_w = 256, .box_w = 16, .box_h = 17, .ofs_x = 0, .ofs_y = -2},
    {.bitmap_index = 46674, .adv_w = 256, .box_w = 16, .box_h = 17, .ofs_x = 0, .ofs_y = -2},
    {.bitmap_index = 46708, .adv_w = 256, .box_w = 12, .box_h = 2, .ofs_x = 2, .ofs_y = 5},
    {.bitmap_index = 46716, .adv_w = 256, .box_w = 12, .box_h = 3, .ofs_x = 2, .ofs_y = 5},
    {.bitmap_index = 46728, .adv_w = 256, .box_w = 2, .box_h = 13, .ofs_x = 7, .ofs_y = 0},
    {.bitmap_index = 46737, .adv_w = 256, .box_w = 2, .box_h = 13, .ofs_x = 7, .ofs_y = 0},
    {.bitmap_index = 46749, .adv_w = 256, .box_w = 16, .box_h = 3, .ofs_x = 0, .ofs_y = 5},
    {.bitmap_index = 46759, .adv_w = 256, .box_w = 2, .box_h = 17, .ofs_x = 7, .ofs_y = -2},
    {.bitmap_index = 46766, .adv_w = 256, .box_w = 10, .box_h = 10, .ofs_x = 7, .ofs_y = -2},
    {.bitmap_index = 46784, .adv_w = 256, .box_w = 9, .box_h = 9, .ofs_x = 7, .ofs_y = -2},
    {.bitmap_index = 46796, .adv_w = 256, .box_w = 9, .box_h = 10, .ofs_x = 7, .ofs_y = -2},
    {.bitmap_index = 46812, .adv_w = 256, .box_w = 9, .box_h = 10, .ofs_x = 0, .ofs_y = -2},
    {.bitmap_index = 46827, .adv_w = 256, .box_w = 9, .box_h = 9, .ofs_x = 0, .ofs_y = -2},
    {.bitmap_index = 46837, .adv_w = 256, .box_w = 9, .box_h = 10, .ofs_x = 0, .ofs_y = -2},
    {.bitmap_index = 46851, .adv_w = 256, .box_w = 10, .box_h = 10, .ofs_x = 7, .ofs_y = 5},
    {.bitmap_index = 46864, .adv_w = 256, .box_w = 9, .box_h = 10, .ofs_x = 7, .ofs_y = 5},
    {.bitmap_index = 46877, .adv_w = 256, .box_w = 9, .box_h = 10, .ofs_x = 7, .ofs_y = 5},
    {.bitmap_index = 46889, .adv_w = 256, .box_w = 9, .box_h = 10, .ofs_x = 0, .ofs_y = 5},
    {.bitmap_index = 46904, .adv_w = 256, .box_w = 9, .box_h = 10, .ofs_x = 0, .ofs_y = 5},
    {.bitmap_index = 46919, .adv_w = 256, .box_w = 9, .box_h = 10, .ofs_x = 0, .ofs_y = 5},
    {.bitmap_index = 46932, .adv_w = 256, .box_w = 10, .box_h = 17, .ofs_x = 7, .ofs_y = -2},
    {.bitmap_index = 46950, .adv_w = 256, .box_w = 9, .box_h = 17, .ofs_x = 7, .ofs_y = -2},
    {.bitmap_index = 46970, .adv_w = 256, .box_w = 9, .box_h = 17, .ofs_x = 7, .ofs_y = -2},
    {.bitmap_index = 46990, .adv_w = 256, .box_w = 9, .box_h = 17, .ofs_x = 0, .ofs_y = -2},
    {.bitmap_index = 47008, .adv_w = 256, .box_w = 9, .box_h = 17, .ofs_x = 0, .ofs_y = -2},
    {.bitmap_index = 47028, .adv_w = 256, .box_w = 9, .box_h = 17, .ofs_x = 0, .ofs_y = -2},
    {.bitmap_index = 47047, .adv_w = 256, .box_w = 16, .box_h = 10, .ofs_x = 0, .ofs_y = -2},
    {.bitmap_index = 47071, .adv_w = 256, .box_w = 16, .box_h = 9, .ofs_x = 0, .ofs_y = -2},
    {.bitmap_index = 47087, .adv_w = 256, .box_w = 16, .box_h = 10, .ofs_x = 0, .ofs_y = -2},
    {.bitmap_index = 47112, .adv_w = 256, .box_w = 16, .box_h = 10, .ofs_x = 0, .ofs_y = 5},
    {.bitmap_index = 47131, .adv_w = 256, .box_w = 16, .box_h = 10, .ofs_x = 0, .ofs_y = 5},
    {.bitmap_index = 47154, .adv_w = 256, .box_w = 16, .box_h = 10, .ofs_x = 0, .ofs_y = 5},
    {.bitmap_index = 47174, .adv_w = 256, .box_w = 16, .box_h = 17, .ofs_x = 0, .ofs_y = -2},
    {.bitmap_index = 47206, .adv_w = 256, .box_w = 16, .box_h = 17, .ofs_x = 0, .ofs_y = -2},
    {.bitmap_index = 47240, .adv_w = 256, .box_w = 16, .box_h = 17, .ofs_x = 0, .ofs_y = -2},
    {.bitmap_index = 47274, .adv_w = 256, .box_w = 10, .box_h = 9, .ofs_x = 7, .ofs_y = -2},
    {.bitmap_index = 47305, .adv_w = 256, .box_w = 9, .box_h = 9, .ofs_x = 0, .ofs_y = -2},
    {.bitmap_index = 47333, .adv_w = 256, .box_w = 9, .box_h = 10, .ofs_x = 0, .ofs_y = 5},
    {.bitmap_index = 47365, .adv_w = 256, .box_w = 10, .box_h = 10, .ofs_x = 7, .ofs_y = 5},
    {.bitmap_index = 47397, .adv_w = 256, .box_w = 16, .box_h = 17, .ofs_x = 0, .ofs_y = -2},
    {.bitmap_index = 47470, .adv_w = 256, .box_w = 16, .box_h = 17, .ofs_x = 0, .ofs_y = -2},
    {.bitmap_index = 47550, .adv_w = 256, .box_w = 16, .box_h = 17, .ofs_x = 0, .ofs_y = -2},
    {.bitmap_index = 47648, .adv_w = 256, .box_w = 9, .box_h = 2, .ofs_x = 0, .ofs_y = 5},
    {.bitmap_index = 47653, .adv_w = 256, .box_w = 2, .box_h = 10, .ofs_x = 7, .ofs_y = 5},
    {.bitmap_index = 47660, .adv_w = 256, .box_w = 9, .box_h = 2, .ofs_x = 7, .ofs_y = 5},
    {.bitmap_index = 47665, .adv_w = 256, .box_w = 2, .box_h = 9, .ofs_x = 7, .ofs_y = -2},
    {.bitmap_index = 47671, .adv_w = 256, .box_w = 9, .box_h = 3, .ofs_x = 0, .ofs_y = 5},
    {.bitmap_index = 47678, .adv_w = 256, .box_w = 2, .box_h = 10, .ofs_x = 7, .ofs_y = 5},
    {.bitmap_index = 47685, .adv_w = 256, .box_w = 9, .box_h = 3, .ofs_x = 7, .ofs_y = 5},
    {.bitmap_index = 47692, .adv_w = 256, .box_w = 2, .box_h = 9, .ofs_x = 7, .ofs_y = -2},
    {.bitmap_index = 47699, .adv_w = 256, .box_w = 16, .box_h = 3, .ofs_x = 0, .ofs_y = 5},
    {.bitmap_index = 47711, .adv_w = 256, .box_w = 2, .box_h = 17, .ofs_x = 7, .ofs_y = -2},
    {.bitmap_index = 47723, .adv_w = 256, .box_w = 16, .box_h = 3, .ofs_x = 0, .ofs_y = 5},
    {.bitmap_index = 47735, .adv_w = 256, .box_w = 2, .box_h = 17, .ofs_x = 7, .ofs_y = -2},
    {.bitmap_index = 47746, .adv_w = 256, .box_w = 16, .box_h = 9, .ofs_x = 0, .ofs_y = 6},
    {.bitmap_index = 47759, .adv_w = 256, .box_w = 16, .box_h = 3, .ofs_x = 0, .ofs_y = -2},
    {.bitmap_index = 47769, .adv_w = 256, .box_w = 16, .box_h = 5, .ofs_x = 0, .ofs_y = -2},
    {.bitmap_index = 47779, .adv_w = 256, .box_w = 16, .box_h = 7, .ofs_x = 0, .ofs_y = -2},
    {.bitmap_index = 47790, .adv_w = 256, .box_w = 16, .box_h = 9, .ofs_x = 0, .ofs_y = -2},
    {.bitmap_index = 47803, .adv_w = 256, .box_w = 16, .box_h = 11, .ofs_x = 0, .ofs_y = -2},
    {.bitmap_index = 47816, .adv_w = 256, .box_w = 16, .box_h = 13, .ofs_x = 0, .ofs_y = -2},
    {.bitmap_index = 47832, .adv_w = 256, .box_w = 16, .box_h = 15, .ofs_x = 0, .ofs_y = -2},
    {.bitmap_index = 47848, .adv_w = 256, .box_w = 16, .box_h = 17, .ofs_x = 0, .ofs_y = -2},
    {.bitmap_index = 47867, .adv_w = 256, .box_w = 14, .box_h = 17, .ofs_x = 0, .ofs_y = -2},
    {.bitmap_index = 47883, .adv_w = 256, .box_w = 12, .box_h = 17, .ofs_x = 0, .ofs_y = -2},
    {.bitmap_index = 47899, .adv_w = 256, .box_w = 10, .box_h = 17, .ofs_x = 0, .ofs_y = -2},
    {.bitmap_index = 47910, .adv_w = 256, .box_w = 8, .box_h = 17, .ofs_x = 0, .ofs_y = -2},
    {.bitmap_index = 47920, .adv_w = 256, .box_w = 6, .box_h = 17, .ofs_x = 0, .ofs_y = -2},
    {.bitmap_index = 47930, .adv_w = 256, .box_w = 4, .box_h = 17, .ofs_x = 0, .ofs_y = -2},
    {.bitmap_index = 47936, .adv_w = 256, .box_w = 2, .box_h = 17, .ofs_x = 0, .ofs_y = -2},
    {.bitmap_index = 47942, .adv_w = 256, .box_w = 8, .box_h = 17, .ofs_x = 8, .ofs_y = -2},
    {.bitmap_index = 47952, .adv_w = 256, .box_w = 16, .box_h = 17, .ofs_x = 0, .ofs_y = -2},
    {.bitmap_index = 48050, .adv_w = 256, .box_w = 16, .box_h = 17, .ofs_x = 0, .ofs_y = -2},
    {.bitmap_index = 48184, .adv_w = 256, .box_w = 16, .box_h = 17, .ofs_x = 0, .ofs_y = -2},
    {.bitmap_index = 48208, .adv_w = 256, .box_w = 16, .box_h = 3, .ofs_x = 0, .ofs_y = 12},
    {.bitmap_index = 48218, .adv_w = 256, .box_w = 2, .box_h = 17, .ofs_x = 14, .ofs_y = -2},
    {.bitmap_index = 48224, .adv_w = 256, .box_w = 8, .box_h = 9, .ofs_x = 0, .ofs_y = -2},
    {.bitmap_index = 48231, .adv_w = 256, .box_w = 8, .box_h = 9, .ofs_x = 8, .ofs_y = -2},
    {.bitmap_index = 48238, .adv_w = 256, .box_w = 8, .box_h = 9, .ofs_x = 0, .ofs_y = 6},
    {.bitmap_index = 48245, .adv_w = 256, .box_w = 16, .box_h = 17, .ofs_x = 0, .ofs_y = -2},
    {.bitmap_index = 48265, .adv_w = 256, .box_w = 16, .box_h = 17, .ofs_x = 0, .ofs_y = -2},
    {.bitmap_index = 48286, .adv_w = 256, .box_w = 16, .box_h = 17, .ofs_x = 0, .ofs_y = -2},
    {.bitmap_index = 48307, .adv_w = 256, .box_w = 16, .box_h = 17, .ofs_x = 0, .ofs_y = -2},
    {.bitmap_index = 48328, .adv_w = 256, .box_w = 8, .box_h = 9, .ofs_x = 8, .ofs_y = 6},
    {.bitmap_index = 48335, .adv_w = 256, .box_w = 16, .box_h = 17, .ofs_x = 0, .ofs_y = -2},
    {.bitmap_index = 48356, .adv_w = 256, .box_w = 16, .box_h = 17, .ofs_x = 0, .ofs_y = -2},
    {.bitmap_index = 48376, .adv_w = 256, .box_w = 14, .box_h = 13, .ofs_x = 1, .ofs_y = 0},
    {.bitmap_index = 48392, .adv_w = 256, .box_w = 13, .box_h = 14, .ofs_x = 1, .ofs_y = -1},
    {.bitmap_index = 48412, .adv_w = 256, .box_w = 15, .box_h = 14, .ofs_x = 0, .ofs_y = -1},
    {.bitmap_index = 48437, .adv_w = 256, .box_w = 13, .box_h = 14, .ofs_x = 1, .ofs_y = -1},
    {.bitmap_index = 48472, .adv_w = 256, .box_w = 14, .box_h = 14, .ofs_x = 1, .ofs_y = -1},
    {.bitmap_index = 48520, .adv_w = 256, .box_w = 13, .box_h = 14, .ofs_x = 1, .ofs_y = -1},
    {.bitmap_index = 48551, .adv_w = 256, .box_w = 14, .box_h = 14, .ofs_x = 1, .ofs_y = -1},
    {.bitmap_index = 48637, .adv_w = 256, .box_w = 14, .box_h = 14, .ofs_x = 1, .ofs_y = -1},
    {.bitmap_index = 48735, .adv_w = 256, .box_w = 14, .box_h = 14, .ofs_x = 1, .ofs_y = -1},
    {.bitmap_index = 48834, .adv_w = 256, .box_w = 14, .box_h = 14, .ofs_x = 1, .ofs_y = -1},
    {.bitmap_index = 48932, .adv_w = 256, .box_w = 6, .box_h = 6, .ofs_x = 5, .ofs_y = 3},
    {.bitmap_index = 48943, .adv_w = 256, .box_w = 5, .box_h = 5, .ofs_x = 6, .ofs_y = 4},
    {.bitmap_index = 48952, .adv_w = 256, .box_w = 16, .box_h = 6, .ofs_x = 0, .ofs_y = 3},
    {.bitmap_index = 48986, .adv_w = 256, .box_w = 16, .box_h = 14, .ofs_x = 0, .ofs_y = 0},
    {.bitmap_index = 49053, .adv_w = 256, .box_w = 16, .box_h = 14, .ofs_x = 0, .ofs_y = 0},
    {.bitmap_index = 49124, .adv_w = 256, .box_w = 14, .box_h = 16, .ofs_x = 1, .ofs_y = -2},
    {.bitmap_index = 49191, .adv_w = 256, .box_w = 14, .box_h = 16, .ofs_x = 2, .ofs_y = -2},
    {.bitmap_index = 49259, .adv_w = 256, .box_w = 16, .box_h = 14, .ofs_x = 0, .ofs_y = -2},
    {.bitmap_index = 49327, .adv_w = 256, .box_w = 16, .box_h = 14, .ofs_x = 0, .ofs_y = -2},
    {.bitmap_index = 49401, .adv_w = 256, .box_w = 14, .box_h = 16, .ofs_x = 1, .ofs_y = -2},
    {.bitmap_index = 49469, .adv_w = 256, .box_w = 14, .box_h = 16, .ofs_x = 0, .ofs_y = -2},
    {.bitmap_index = 49537, .adv_w = 256, .box_w = 16, .box_h = 16, .ofs_x = 0, .ofs_y = -2},
    {.bitmap_index = 49618, .adv_w = 256, .box_w = 16, .box_h = 16, .ofs_x = 0, .ofs_y = -2},
    {.bitmap_index = 49706, .adv_w = 256, .box_w = 15, .box_h = 14, .ofs_x = 1, .ofs_y = -1},
    {.bitmap_index = 49793, .adv_w = 256, .box_w = 10, .box_h = 13, .ofs_x = 3, .ofs_y = -1},
    {.bitmap_index = 49853, .adv_w = 256, .box_w = 15, .box_h = 14, .ofs_x = 1, .ofs_y = -1},
    {.bitmap_index = 49920, .adv_w = 256, .box_w = 16, .box_h = 14, .ofs_x = 0, .ofs_y = -1},
    {.bitmap_index = 50004, .adv_w = 256, .box_w = 15, .box_h = 14, .ofs_x = 1, .ofs_y = -1},
    {.bitmap_index = 50090, .adv_w = 256, .box_w = 16, .box_h = 14, .ofs_x = 0, .ofs_y = -1},
    {.bitmap_index = 50165, .adv_w = 256, .box_w = 15, .box_h = 14, .ofs_x = 0, .ofs_y = -1},
    {.bitmap_index = 50229, .adv_w = 256, .box_w = 15, .box_h = 14, .ofs_x = 1, .ofs_y = -1},
    {.bitmap_index = 50294, .adv_w = 256, .box_w = 14, .box_h = 14, .ofs_x = 1, .ofs_y = -1},
    {.bitmap_index = 50359, .adv_w = 256, .box_w = 14, .box_h = 14, .ofs_x = 1, .ofs_y = -1},
    {.bitmap_index = 50425, .adv_w = 256, .box_w = 16, .box_h = 17, .ofs_x = 0, .ofs_y = -2},
    {.bitmap_index = 50494, .adv_w = 256, .box_w = 16, .box_h = 17, .ofs_x = 0, .ofs_y = -2},
    {.bitmap_index = 50561, .adv_w = 256, .box_w = 16, .box_h = 17, .ofs_x = 0, .ofs_y = -2},
    {.bitmap_index = 50633, .adv_w = 256, .box_w = 16, .box_h = 17, .ofs_x = 0, .ofs_y = -2},
    {.bitmap_index = 50699, .adv_w = 256, .box_w = 5, .box_h = 6, .ofs_x = 5, .ofs_y = 3},
    {.bitmap_index = 50714, .adv_w = 256, .box_w = 16, .box_h = 14, .ofs_x = 0, .ofs_y = -1},
    {.bitmap_index = 50788, .adv_w = 256, .box_w = 16, .box_h = 14, .ofs_x = 0, .ofs_y = -1},
    {.bitmap_index = 50877, .adv_w = 256, .box_w = 16, .box_h = 12, .ofs_x = 0, .ofs_y = 0},
    {.bitmap_index = 50953, .adv_w = 256, .box_w = 14, .box_h = 16, .ofs_x = 1, .ofs_y = -2},
    {.bitmap_index = 51037, .adv_w = 256, .box_w = 16, .box_h = 16, .ofs_x = 0, .ofs_y = -2},
    {.bitmap_index = 51141, .adv_w = 256, .box_w = 16, .box_h = 16, .ofs_x = 0, .ofs_y = -2},
    {.bitmap_index = 51224, .adv_w = 256, .box_w = 16, .box_h = 16, .ofs_x = 0, .ofs_y = -2},
    {.bitmap_index = 51311, .adv_w = 256, .box_w = 10, .box_h = 10, .ofs_x = 3, .ofs_y = 1},
    {.bitmap_index = 51361, .adv_w = 256, .box_w = 16, .box_h = 12, .ofs_x = 0, .ofs_y = 0},
    {.bitmap_index = 51447, .adv_w = 256, .box_w = 16, .box_h = 12, .ofs_x = 0, .ofs_y = 0},
    {.bitmap_index = 51540, .adv_w = 256, .box_w = 14, .box_h = 15, .ofs_x = 1, .ofs_y = -1},
    {.bitmap_index = 51610, .adv_w = 256, .box_w = 14, .box_h = 15, .ofs_x = 1, .ofs_y = -1},
    {.bitmap_index = 51674, .adv_w = 256, .box_w = 16, .box_h = 9, .ofs_x = 0, .ofs_y = 1},
    {.bitmap_index = 51739, .adv_w = 256, .box_w = 9, .box_h = 14, .ofs_x = 4, .ofs_y = -1},
    {.bitmap_index = 51797, .adv_w = 256, .box_w = 16, .box_h = 9, .ofs_x = 0, .ofs_y = 1},
    {.bitmap_index = 51863, .adv_w = 256, .box_w = 9, .box_h = 14, .ofs_x = 4, .ofs_y = -1},
    {.bitmap_index = 51921, .adv_w = 256, .box_w = 16, .box_h = 14, .ofs_x = 0, .ofs_y = -1},
    {.bitmap_index = 52016, .adv_w = 256, .box_w = 12, .box_h = 14, .ofs_x = 2, .ofs_y = -1},
    {.bitmap_index = 52074, .adv_w = 256, .box_w = 12, .box_h = 14, .ofs_x = 2, .ofs_y = -1},
    {.bitmap_index = 52130, .adv_w = 256, .box_w = 13, .box_h = 13, .ofs_x = 1, .ofs_y = -1},
    {.bitmap_index = 52195, .adv_w = 256, .box_w = 14, .box_h = 15, .ofs_x = 1, .ofs_y = -1},
    {.bitmap_index = 52268, .adv_w = 256, .box_w = 14, .box_h = 14, .ofs_x = 1, .ofs_y = -1},
    {.bitmap_index = 52343, .adv_w = 256, .box_w = 12, .box_h = 16, .ofs_x = 2, .ofs_y = -2},
    {.bitmap_index = 52416, .adv_w = 256, .box_w = 14, .box_h = 14, .ofs_x = 1, .ofs_y = -1},
    {.bitmap_index = 52490, .adv_w = 256, .box_w = 14, .box_h = 15, .ofs_x = 1, .ofs_y = -1},
    {.bitmap_index = 52570, .adv_w = 256, .box_w = 14, .box_h = 14, .ofs_x = 1, .ofs_y = -1},
    {.bitmap_index = 52639, .adv_w = 256, .box_w = 12, .box_h = 16, .ofs_x = 2, .ofs_y = -2},
    {.bitmap_index = 52705, .adv_w = 256, .box_w = 14, .box_h = 14, .ofs_x = 1, .ofs_y = -1},
    {.bitmap_index = 52783, .adv_w = 256, .box_w = 14, .box_h = 14, .ofs_x = 1, .ofs_y = -1},
    {.bitmap_index = 52872, .adv_w = 256, .box_w = 5, .box_h = 14, .ofs_x = 4, .ofs_y = -1},
    {.bitmap_index = 52887, .adv_w = 256, .box_w = 9, .box_h = 14, .ofs_x = 3, .ofs_y = -1},
    {.bitmap_index = 52933, .adv_w = 256, .box_w = 14, .box_h = 15, .ofs_x = 0, .ofs_y = -1},
    {.bitmap_index = 52994, .adv_w = 256, .box_w = 14, .box_h = 15, .ofs_x = 0, .ofs_y = -1},
    {.bitmap_index = 53067, .adv_w = 256, .box_w = 7, .box_h = 14, .ofs_x = 5, .ofs_y = -1},
    {.bitmap_index = 53101, .adv_w = 256, .box_w = 6, .box_h = 14, .ofs_x = 5, .ofs_y = -1},
    {.bitmap_index = 53133, .adv_w = 256, .box_w = 10, .box_h = 14, .ofs_x = 3, .ofs_y = -1},
    {.bitmap_index = 53181, .adv_w = 256, .box_w = 16, .box_h = 15, .ofs_x = 0, .ofs_y = -2},
    {.bitmap_index = 53289, .adv_w = 256, .box_w = 16, .box_h = 15, .ofs_x = 0, .ofs_y = -2},
    {.bitmap_index = 53392, .adv_w = 256, .box_w = 16, .box_h = 15, .ofs_x = 0, .ofs_y = -2},
    {.bitmap_index = 53500, .adv_w = 256, .box_w = 16, .box_h = 15, .ofs_x = 0, .ofs_y = -2},
    {.bitmap_index = 53609, .adv_w = 256, .box_w = 16, .box_h = 15, .ofs_x = 0, .ofs_y = -2},
    {.bitmap_index = 53716, .adv_w = 256, .box_w = 16, .box_h = 15, .ofs_x = 0, .ofs_y = -2},
    {.bitmap_index = 53825, .adv_w = 256, .box_w = 16, .box_h = 15, .ofs_x = 0, .ofs_y = -2},
    {.bitmap_index = 53933, .adv_w = 256, .box_w = 16, .box_h = 15, .ofs_x = 0, .ofs_y = -2},
    {.bitmap_index = 54040, .adv_w = 256, .box_w = 16, .box_h = 16, .ofs_x = 0, .ofs_y = -2},
    {.bitmap_index = 54140, .adv_w = 256, .box_w = 16, .box_h = 15, .ofs_x = 0, .ofs_y = -2},
    {.bitmap_index = 54246, .adv_w = 256, .box_w = 16, .box_h = 14, .ofs_x = 0, .ofs_y = -1},
    {.bitmap_index = 54354, .adv_w = 256, .box_w = 16, .box_h = 14, .ofs_x = 0, .ofs_y = -1},
    {.bitmap_index = 54461, .adv_w = 256, .box_w = 16, .box_h = 13, .ofs_x = 0, .ofs_y = 0},
    {.bitmap_index = 54543, .adv_w = 256, .box_w = 16, .box_h = 14, .ofs_x = 0, .ofs_y = -1},
    {.bitmap_index = 54644, .adv_w = 256, .box_w = 15, .box_h = 14, .ofs_x = 1, .ofs_y = -1},
    {.bitmap_index = 54735, .adv_w = 256, .box_w = 16, .box_h = 12, .ofs_x = 0, .ofs_y = 0},
    {.bitmap_index = 54813, .adv_w = 175, .box_w = 12, .box_h = 14, .ofs_x = 0, .ofs_y = -1},
    {.bitmap_index = 54868, .adv_w = 256, .box_w = 14, .box_h = 14, .ofs_x = 1, .ofs_y = -1},
    {.bitmap_index = 54905, .adv_w = 256, .box_w = 12, .box_h = 12, .ofs_x = 2, .ofs_y = 0},
    {.bitmap_index = 54967, .adv_w = 256, .box_w = 16, .box_h = 15, .ofs_x = 0, .ofs_y = -2},
    {.bitmap_index = 55071, .adv_w = 256, .box_w = 16, .box_h = 15, .ofs_x = 0, .ofs_y = -2},
    {.bitmap_index = 55182, .adv_w = 256, .box_w = 16, .box_h = 16, .ofs_x = 0, .ofs_y = -2},
    {.bitmap_index = 55282, .adv_w = 256, .box_w = 16, .box_h = 14, .ofs_x = 0, .ofs_y = -1},
    {.bitmap_index = 55361, .adv_w = 256, .box_w = 16, .box_h = 14, .ofs_x = 0, .ofs_y = -1},
    {.bitmap_index = 55455, .adv_w = 256, .box_w = 16, .box_h = 14, .ofs_x = 0, .ofs_y = -1},
    {.bitmap_index = 55551, .adv_w = 256, .box_w = 16, .box_h = 14, .ofs_x = 0, .ofs_y = -1},
    {.bitmap_index = 55642, .adv_w = 256, .box_w = 16, .box_h = 14, .ofs_x = 0, .ofs_y = -1},
    {.bitmap_index = 55738, .adv_w = 256, .box_w = 16, .box_h = 14, .ofs_x = 0, .ofs_y = -1},
    {.bitmap_index = 55835, .adv_w = 256, .box_w = 16, .box_h = 14, .ofs_x = 0, .ofs_y = -1},
    {.bitmap_index = 55924, .adv_w = 256, .box_w = 16, .box_h = 14, .ofs_x = 0, .ofs_y = -1},
    {.bitmap_index = 56022, .adv_w = 256, .box_w = 16, .box_h = 14, .ofs_x = 0, .ofs_y = -1},
    {.bitmap_index = 56120, .adv_w = 256, .box_w = 16, .box_h = 14, .ofs_x = 0, .ofs_y = -1},
    {.bitmap_index = 56220, .adv_w = 256, .box_w = 16, .box_h = 14, .ofs_x = 0, .ofs_y = -1},
    {.bitmap_index = 56304, .adv_w = 256, .box_w = 16, .box_h = 14, .ofs_x = 0, .ofs_y = -1},
    {.bitmap_index = 56399, .adv_w = 256, .box_w = 16, .box_h = 14, .ofs_x = 0, .ofs_y = -1},
    {.bitmap_index = 56499, .adv_w = 256, .box_w = 16, .box_h = 14, .ofs_x = 0, .ofs_y = -1},
    {.bitmap_index = 56593, .adv_w = 256, .box_w = 16, .box_h = 14, .ofs_x = 0, .ofs_y = -1},
    {.bitmap_index = 56692, .adv_w = 256, .box_w = 16, .box_h = 14, .ofs_x = 0, .ofs_y = -1},
    {.bitmap_index = 56795, .adv_w = 256, .box_w = 16, .box_h = 14, .ofs_x = 0, .ofs_y = -1},
    {.bitmap_index = 56886, .adv_w = 256, .box_w = 16, .box_h = 14, .ofs_x = 0, .ofs_y = -1},
    {.bitmap_index = 56989, .adv_w = 256, .box_w = 16, .box_h = 14, .ofs_x = 0, .ofs_y = -1},
    {.bitmap_index = 57090, .adv_w = 256, .box_w = 16, .box_h = 14, .ofs_x = 0, .ofs_y = -1},
    {.bitmap_index = 57186, .adv_w = 256, .box_w = 16, .box_h = 14, .ofs_x = 0, .ofs_y = -1},
    {.bitmap_index = 57265, .adv_w = 256, .box_w = 16, .box_h = 14, .ofs_x = 0, .ofs_y = -1},
    {.bitmap_index = 57359, .adv_w = 256, .box_w = 16, .box_h = 14, .ofs_x = 0, .ofs_y = -1},
    {.bitmap_index = 57455, .adv_w = 256, .box_w = 16, .box_h = 14, .ofs_x = 0, .ofs_y = -1},
    {.bitmap_index = 57546, .adv_w = 256, .box_w = 16, .box_h = 14, .ofs_x = 0, .ofs_y = -1},
    {.bitmap_index = 57642, .adv_w = 256, .box_w = 16, .box_h = 14, .ofs_x = 0, .ofs_y = -1},
    {.bitmap_index = 57739, .adv_w = 256, .box_w = 16, .box_h = 14, .ofs_x = 0, .ofs_y = -1},
    {.bitmap_index = 57828, .adv_w = 256, .box_w = 16, .box_h = 14, .ofs_x = 0, .ofs_y = -1},
    {.bitmap_index = 57926, .adv_w = 256, .box_w = 16, .box_h = 14, .ofs_x = 0, .ofs_y = -1},
    {.bitmap_index = 58024, .adv_w = 256, .box_w = 16, .box_h = 14, .ofs_x = 0, .ofs_y = -1},
    {.bitmap_index = 58124, .adv_w = 256, .box_w = 16, .box_h = 12, .ofs_x = 0, .ofs_y = 0},
    {.bitmap_index = 58180, .adv_w = 256, .box_w = 16, .box_h = 16, .ofs_x = 0, .ofs_y = -2},
    {.bitmap_index = 58262, .adv_w = 256, .box_w = 16, .box_h = 16, .ofs_x = 0, .ofs_y = -2},
    {.bitmap_index = 58343, .adv_w = 256, .box_w = 15, .box_h = 14, .ofs_x = 1, .ofs_y = -1},
    {.bitmap_index = 58429, .adv_w = 256, .box_w = 12, .box_h = 13, .ofs_x = 2, .ofs_y = 0},
    {.bitmap_index = 58465, .adv_w = 256, .box_w = 12, .box_h = 13, .ofs_x = 2, .ofs_y = 0},
    {.bitmap_index = 58503, .adv_w = 256, .box_w = 16, .box_h = 12, .ofs_x = 0, .ofs_y = 0},
    {.bitmap_index = 58559, .adv_w = 256, .box_w = 12, .box_h = 15, .ofs_x = 2, .ofs_y = -1},
    {.bitmap_index = 58601, .adv_w = 256, .box_w = 12, .box_h = 15, .ofs_x = 2, .ofs_y = -2},
    {.bitmap_index = 58644, .adv_w = 256, .box_w = 15, .box_h = 14, .ofs_x = 1, .ofs_y = -1},
    {.bitmap_index = 58711, .adv_w = 256, .box_w = 16, .box_h = 12, .ofs_x = 0, .ofs_y = 0},
    {.bitmap_index = 58767, .adv_w = 429, .box_w = 27, .box_h = 1, .ofs_x = 0, .ofs_y = 4},
    {.bitmap_index = 58772, .adv_w = 630, .box_w = 39, .box_h = 1, .ofs_x = 0, .ofs_y = 4}
};

/*---------------------
 *  CHARACTER MAPPING
 *--------------------*/

static const uint16_t unicode_list_2[] = {
    0x0, 0x1, 0x2, 0x3, 0xa, 0xb, 0x18, 0x19,
    0x1a, 0x1b, 0x33, 0x34, 0x37, 0x38, 0x3c, 0x3d,
    0x3e, 0x3f, 0x42, 0x43, 0x58, 0x59, 0x5a, 0x5b,
    0x5c, 0x5d, 0x82, 0x90, 0x91, 0x9f, 0xa0, 0xbd,
    0xbe, 0xbf, 0xc0, 0xc1, 0xc2, 0xc3, 0xc4, 0xc5,
    0xc6, 0xc7, 0xc8, 0xc9, 0xca, 0xcb, 0xcc, 0xe8,
    0xe9, 0x141, 0x151, 0x1ab, 0x1b7, 0x1b9, 0x1ba, 0x1bb,
    0x1c9, 0x1da, 0x1db, 0x1f0, 0x1f1, 0x1f4, 0x1f7, 0x1fc
};

static const uint16_t unicode_list_8[] = {
    0x0, 0x19ed, 0x19ee
};

static const uint16_t unicode_list_10[] = {
    0x0, 0x1, 0xe, 0xf, 0x10, 0x11, 0x12, 0x13,
    0x14, 0x16, 0x17, 0x18, 0x1a, 0x1b, 0x1c, 0x1e,
    0x1f, 0x20, 0x23, 0x24, 0x25, 0x2e, 0x30, 0x31,
    0x33, 0x37, 0x38, 0x39, 0x3a, 0x40, 0x45, 0x46,
    0x47, 0x4f, 0x72, 0xa7, 0xa9, 0xaa, 0xdb, 0xdc,
    0xfe, 0x101, 0x103, 0x107, 0x108, 0x10d, 0x111, 0x114,
    0x11f, 0x120, 0x124, 0x125, 0x129, 0x12c, 0x133, 0x139
};

static const uint16_t unicode_list_14[] = {
    0x0, 0x1, 0xc, 0xd, 0xe, 0x13, 0x14, 0x18,
    0x1a, 0x1c, 0x2e, 0x2f, 0x30, 0x31, 0x3d, 0x48,
    0x4a, 0x4b, 0x4d, 0x4e, 0x4f, 0x50, 0x51, 0x52,
    0x53, 0x57, 0x59, 0x5a, 0x5b, 0x5d, 0x62, 0x65,
    0x66, 0x67, 0x68, 0x6b, 0x6d, 0x6e, 0x6f, 0x70,
    0x71, 0x72, 0x73, 0x74, 0x75, 0x76, 0x7c, 0x7d,
    0x7e, 0x7f, 0x85, 0x8b, 0x8d, 0x90, 0x94, 0xa8,
    0xa9, 0xaa, 0xac, 0xad, 0xae, 0xaf, 0xb2, 0xb3,
    0xb6, 0xb7, 0xba, 0xbb, 0xbe, 0xbf, 0xca, 0xcb,
    0xcc, 0xcd, 0xce, 0xcf, 0xd2, 0xd3, 0xdd, 0xde,
    0xdf, 0xe0, 0xe1, 0xe8, 0xed, 0x107, 0x122, 0x123,
    0x137, 0x14d, 0x14e, 0x14f, 0x15a, 0x160, 0x171, 0x172,
    0x1f8, 0x1f9, 0x206, 0x207, 0x208, 0x209, 0x20a, 0x20b,
    0x20c, 0x20d, 0x20e, 0x20f, 0x210, 0x211, 0x212, 0x213,
    0x214, 0x216, 0x222, 0x223, 0x26b
};

static const uint16_t unicode_list_17[] = {
    0x0, 0x1, 0x2, 0x5, 0x6, 0xb, 0xc, 0xf,
    0x10, 0x15, 0x16, 0x18, 0x19, 0x1a, 0x1b, 0x1d,
    0x1e, 0x1f, 0x20, 0x21, 0x22, 0x31, 0x32, 0x33,
    0x34, 0x35, 0x3e, 0x4f, 0x50, 0x51, 0x52, 0x54,
    0x55, 0x58, 0x5d, 0x5e, 0x65, 0x66, 0x6b, 0x6c,
    0x6d, 0x6e, 0x7e, 0x8f, 0x90, 0x91
};

static const uint16_t unicode_list_20[] = {
    0x0, 0x1d, 0x1e, 0x62, 0x73, 0x7a, 0x9d, 0x9f,
    0xa0, 0xb6
};

static const uint16_t unicode_list_22[] = {
    0x0, 0x193, 0x194, 0x21e, 0x259, 0x25a, 0x364, 0x365,
    0x366, 0x379, 0x3f4, 0x699, 0x69a
};

/*Collect the unicode lists and glyph_id offsets*/
static const lv_font_fmt_txt_cmap_t cmaps[] =
{
    {
        .range_start = 32, .range_length = 95, .glyph_id_start = 1,
        .unicode_list = NULL, .glyph_id_ofs_list = NULL, .list_length = 0, .type = LV_FONT_FMT_TXT_CMAP_FORMAT0_TINY
    },
    {
        .range_start = 160, .range_length = 100, .glyph_id_start = 96,
        .unicode_list = NULL, .glyph_id_ofs_list = NULL, .list_length = 0, .type = LV_FONT_FMT_TXT_CMAP_FORMAT0_TINY
    },
    {
        .range_start = 272, .range_length = 509, .glyph_id_start = 196,
        .unicode_list = unicode_list_2, .glyph_id_ofs_list = NULL, .list_length = 64, .type = LV_FONT_FMT_TXT_CMAP_SPARSE_TINY
    },
    {
        .range_start = 913, .range_length = 17, .glyph_id_start = 260,
        .unicode_list = NULL, .glyph_id_ofs_list = NULL, .list_length = 0, .type = LV_FONT_FMT_TXT_CMAP_FORMAT0_TINY
    },
    {
        .range_start = 931, .range_length = 7, .glyph_id_start = 277,
        .unicode_list = NULL, .glyph_id_ofs_list = NULL, .list_length = 0, .type = LV_FONT_FMT_TXT_CMAP_FORMAT0_TINY
    },
    {
        .range_start = 945, .range_length = 25, .glyph_id_start = 284,
        .unicode_list = NULL, .glyph_id_ofs_list = NULL, .list_length = 0, .type = LV_FONT_FMT_TXT_CMAP_FORMAT0_TINY
    },
    {
        .range_start = 1025, .range_length = 1, .glyph_id_start = 309,
        .unicode_list = NULL, .glyph_id_ofs_list = NULL, .list_length = 0, .type = LV_FONT_FMT_TXT_CMAP_FORMAT0_TINY
    },
    {
        .range_start = 1040, .range_length = 64, .glyph_id_start = 310,
        .unicode_list = NULL, .glyph_id_ofs_list = NULL, .list_length = 0, .type = LV_FONT_FMT_TXT_CMAP_FORMAT0_TINY
    },
    {
        .range_start = 1105, .range_length = 6639, .glyph_id_start = 374,
        .unicode_list = unicode_list_8, .glyph_id_ofs_list = NULL, .list_length = 3, .type = LV_FONT_FMT_TXT_CMAP_SPARSE_TINY
    },
    {
        .range_start = 7840, .range_length = 90, .glyph_id_start = 377,
        .unicode_list = NULL, .glyph_id_ofs_list = NULL, .list_length = 0, .type = LV_FONT_FMT_TXT_CMAP_FORMAT0_TINY
    },
    {
        .range_start = 8194, .range_length = 314, .glyph_id_start = 467,
        .unicode_list = unicode_list_10, .glyph_id_ofs_list = NULL, .list_length = 56, .type = LV_FONT_FMT_TXT_CMAP_SPARSE_TINY
    },
    {
        .range_start = 8544, .range_length = 12, .glyph_id_start = 523,
        .unicode_list = NULL, .glyph_id_ofs_list = NULL, .list_length = 0, .type = LV_FONT_FMT_TXT_CMAP_FORMAT0_TINY
    },
    {
        .range_start = 8560, .range_length = 12, .glyph_id_start = 535,
        .unicode_list = NULL, .glyph_id_ofs_list = NULL, .list_length = 0, .type = LV_FONT_FMT_TXT_CMAP_FORMAT0_TINY
    },
    {
        .range_start = 8592, .range_length = 10, .glyph_id_start = 547,
        .unicode_list = NULL, .glyph_id_ofs_list = NULL, .list_length = 0, .type = LV_FONT_FMT_TXT_CMAP_FORMAT0_TINY
    },
    {
        .range_start = 8632, .range_length = 620, .glyph_id_start = 557,
        .unicode_list = unicode_list_14, .glyph_id_ofs_list = NULL, .list_length = 117, .type = LV_FONT_FMT_TXT_CMAP_SPARSE_TINY
    },
    {
        .range_start = 9312, .range_length = 76, .glyph_id_start = 674,
        .unicode_list = NULL, .glyph_id_ofs_list = NULL, .list_length = 0, .type = LV_FONT_FMT_TXT_CMAP_FORMAT0_TINY
    },
    {
        .range_start = 9388, .range_length = 256, .glyph_id_start = 750,
        .unicode_list = NULL, .glyph_id_ofs_list = NULL, .list_length = 0, .type = LV_FONT_FMT_TXT_CMAP_FORMAT0_TINY
    },
    {
        .range_start = 9649, .range_length = 146, .glyph_id_start = 1006,
        .unicode_list = unicode_list_17, .glyph_id_ofs_list = NULL, .list_length = 46, .type = LV_FONT_FMT_TXT_CMAP_SPARSE_TINY
    },
    {
        .range_start = 9824, .range_length = 16, .glyph_id_start = 1052,
        .unicode_list = NULL, .glyph_id_ofs_list = NULL, .list_length = 0, .type = LV_FONT_FMT_TXT_CMAP_FORMAT0_TINY
    },
    {
        .range_start = 9842, .range_length = 12, .glyph_id_start = 1068,
        .unicode_list = NULL, .glyph_id_ofs_list = NULL, .list_length = 0, .type = LV_FONT_FMT_TXT_CMAP_FORMAT0_TINY
    },
    {
        .range_start = 9888, .range_length = 183, .glyph_id_start = 1080,
        .unicode_list = unicode_list_20, .glyph_id_ofs_list = NULL, .list_length = 10, .type = LV_FONT_FMT_TXT_CMAP_SPARSE_TINY
    },
    {
        .range_start = 10102, .range_length = 30, .glyph_id_start = 1090,
        .unicode_list = NULL, .glyph_id_ofs_list = NULL, .list_length = 0, .type = LV_FONT_FMT_TXT_CMAP_FORMAT0_TINY
    },
    {
        .range_start = 10145, .range_length = 1691, .glyph_id_start = 1120,
        .unicode_list = unicode_list_22, .glyph_id_ofs_list = NULL, .list_length = 13, .type = LV_FONT_FMT_TXT_CMAP_SPARSE_TINY
    }
};

/*-----------------
 *    KERNING
 *----------------*/


/*Map glyph_ids to kern left classes*/
static const uint8_t kern_left_class_mapping[] =
{
    0, 0, 0, 1, 0, 0, 0, 0,
    1, 2, 0, 0, 0, 3, 4, 3,
    5, 0, 0, 0, 0, 0, 0, 0,
    0, 0, 0, 6, 6, 0, 0, 0,
    0, 0, 7, 8, 9, 10, 11, 12,
    13, 0, 0, 14, 15, 16, 0, 0,
    10, 17, 10, 18, 19, 20, 21, 22,
    23, 24, 25, 26, 2, 27, 0, 0,
    0, 0, 28, 29, 30, 0, 31, 32,
    33, 34, 0, 0, 35, 36, 34, 34,
    29, 29, 37, 38, 39, 40, 37, 41,
    42, 43, 44, 45, 2, 0, 0, 0,
    0, 46, 0, 0, 0, 0, 0, 0,
    0, 0, 0, 47, 0, 4, 0, 0,
    0, 0, 0, 0, 0, 0, 0, 0,
    0, 0, 0, 48, 0, 0, 0, 49,
    7, 7, 7, 7, 7, 7, 11, 9,
    11, 11, 11, 11, 0, 0, 0, 0,
    10, 0, 10, 10, 10, 10, 10, 0,
    10, 21, 21, 21, 21, 25, 50, 51,
    28, 28, 28, 28, 28, 28, 31, 30,
    31, 31, 31, 31, 0, 0, 0, 0,
    0, 34, 29, 29, 29, 29, 29, 0,
    29, 37, 37, 37, 37, 44, 29, 44,
    7, 28, 7, 28, 10, 0, 11, 31,
    11, 31, 0, 0, 0, 0, 0, 34,
    0, 34, 10, 29, 10, 29, 11, 31,
    21, 37, 21, 37, 21, 37, 0, 52,
    53, 54, 55, 7, 28, 0, 0, 10,
    29, 21, 37, 21, 37, 21, 37, 21,
    37, 21, 37, 0, 34, 37, 37, 56,
    0, 0, 0, 0, 0, 0, 0, 0,
    0, 0, 0, 0, 57, 58, 59, 60,
    61, 62, 0, 63, 0, 64, 57, 0,
    0, 65, 63, 0, 66, 67, 68, 69,
    70, 71, 72, 73, 74, 75, 76, 77,
    78, 79, 80, 81, 82, 83, 84, 82,
    85, 86, 87, 88, 87, 0, 89, 90,
    91, 87, 92, 91, 87, 93, 94, 95,
    95, 96, 97, 93, 98, 95, 0, 0,
    98, 0, 0, 0, 99, 0, 100, 101,
    102, 103, 104, 105, 97, 0, 0, 97,
    106, 0, 106, 99, 99, 0, 107, 108,
    109, 110, 111, 112, 113, 109, 114, 114,
    113, 114, 114, 114, 115, 114, 115, 116,
    117, 118, 115, 119, 111, 114, 114, 111,
    120, 114, 120, 115, 115, 114, 112, 0,
    34, 7, 28, 7, 28, 7, 28, 7,
    28, 7, 28, 7, 28, 7, 28, 7,
    28, 7, 28, 7, 28, 7, 28, 7,
    28, 11, 31, 11, 31, 11, 31, 11,
    31, 11, 31, 11, 31, 11, 31, 11,
    31, 0, 0, 0, 0, 10, 29, 10,
    29, 10, 29, 10, 29, 10, 29, 10,
    29, 10, 29, 52, 53, 52, 53, 52,
    53, 52, 53, 52, 53, 21, 37, 21,
    37, 54, 55, 54, 55, 54, 55, 54,
    55, 54, 55, 25, 44, 25, 44, 25,
    44, 25, 44, 0, 0, 0, 4, 4,
    4, 4, 0, 0, 0, 0, 3, 0,
    0, 3, 0, 0, 0, 0, 0, 0,
    0, 0, 0, 0, 47, 48, 0, 0,
    0, 0, 0, 0, 0, 0, 0, 0,
    0, 0, 0, 0, 0, 0, 0, 0,
    0, 0, 0, 0, 0, 0, 0, 0,
    0, 0, 0, 0, 0, 0, 0, 0,
    0, 0, 0, 0, 0, 0, 0, 0,
    0, 0, 0, 0, 0, 0, 0, 0,
    0, 0, 0, 0, 0, 0, 0, 0,
    0, 0, 0, 0, 0, 0, 0, 0,
    0, 0, 0, 0, 0, 0, 0, 0,
    0, 0, 0, 0, 0, 0, 0, 0,
    0, 0, 0, 0, 0, 0, 0, 0,
    0, 0, 0, 0, 0, 0, 0, 0,
    0, 0, 0, 0, 0, 0, 0, 0,
    0, 0, 0, 0, 0, 0, 0, 0,
    0, 0, 0, 0, 0, 0, 0, 0,
    0, 0, 0, 0, 0, 0, 0, 0,
    0, 0, 0, 0, 0, 0, 0, 0,
    0, 0, 0, 0, 0, 0, 0, 0,
    0, 0, 0, 0, 0, 0, 0, 0,
    0, 0, 0, 0, 0, 0, 0, 0,
    0, 0, 0, 0, 0, 0, 0, 0,
    0, 0, 0, 0, 0, 0, 0, 0,
    0, 0, 0, 0, 0, 0, 0, 0,
    0, 0, 0, 0, 0, 0, 0, 0,
    0, 0, 0, 0, 0, 0, 0, 0,
    0, 0, 0, 0, 0, 0, 0, 0,
    0, 0, 0, 0, 0, 0, 0, 0,
    0, 0, 0, 0, 0, 0, 0, 0,
    0, 0, 0, 0, 0, 0, 0, 0,
    0, 0, 0, 0, 0, 0, 0, 0,
    0, 0, 0, 0, 0, 0, 0, 0,
    0, 0, 0, 0, 0, 0, 0, 0,
    0, 0, 0, 0, 0, 0, 0, 0,
    0, 0, 0, 0, 0, 0, 0, 0,
    0, 0, 0, 0, 0, 0, 0, 0,
    0, 0, 0, 0, 0, 0, 0, 0,
    0, 0, 0, 0, 0, 0, 0, 0,
    0, 0, 0, 0, 0, 0, 0, 0,
    0, 0, 0, 0, 0, 0, 0, 0,
    0, 0, 0, 0, 0, 0, 0, 0,
    0, 0, 0, 0, 0, 0, 0, 0,
    0, 0, 0, 0, 0, 0, 0, 0,
    0, 0, 0, 0, 0, 0, 0, 0,
    0, 0, 0, 0, 0, 0, 0, 0,
    0, 0, 0, 0, 0, 0, 0, 0,
    0, 0, 0, 0, 0, 0, 0, 0,
    0, 0, 0, 0, 0, 0, 0, 0,
    0, 0, 0, 0, 0, 0, 0, 0,
    0, 0, 0, 0, 0, 0, 0, 0,
    0, 0, 0, 0, 0, 0, 0, 0,
    0, 0, 0, 0, 0, 0, 0, 0,
    0, 0, 0, 0, 0, 0, 0, 0,
    0, 0, 0, 0, 0, 0, 0, 0,
    0, 0, 0, 0, 0, 0, 0, 0,
    0, 0, 0, 0, 0, 0, 0, 0,
    0, 0, 0, 0, 0, 0, 0, 0,
    0, 0, 0, 0, 0, 0, 0, 0,
    0, 0, 0, 0, 0, 0, 0, 0,
    0, 0, 0, 0, 0, 0, 0, 0,
    0, 0, 0, 0, 0, 0, 0, 0,
    0, 0, 0, 0, 0, 0, 0, 0,
    0, 0, 0, 0, 0, 0, 0, 0,
    0, 0, 0, 0, 0, 0, 0, 0,
    0, 0, 0, 0, 0, 0, 0, 0,
    0, 0, 0, 0, 0, 0, 0, 0,
    0, 0, 0, 0, 0, 0, 0, 0,
    0, 0, 0, 0, 0, 0, 0, 0,
    0, 0, 0, 0, 0, 0, 0, 0,
    0, 0, 0, 0, 0, 0, 0, 0,
    0, 0, 0, 0, 0, 0, 0, 0,
    0, 0, 0, 0, 0, 0, 0, 0,
    0, 0, 0, 0, 0, 0, 0, 0,
    0, 0, 0, 0, 0, 0, 0, 0,
    0, 0, 0, 0, 0, 0, 0, 0,
    0, 0, 0, 0, 0, 0, 0, 0,
    0, 0, 0, 0, 0, 0, 0, 0,
    0, 0, 0, 0, 0, 0, 0, 0,
    0, 0, 0, 0, 0, 0, 0, 0,
    0, 0, 0, 0, 0, 0, 0, 0,
    0, 0, 0, 0, 0
};

/*Map glyph_ids to kern right classes*/
static const uint8_t kern_right_class_mapping[] =
{
    0, 0, 1, 2, 0, 0, 0, 0,
    2, 0, 3, 4, 0, 5, 6, 7,
    8, 0, 0, 0, 0, 0, 0, 0,
    0, 0, 0, 9, 10, 0, 0, 0,
    11, 0, 12, 0, 13, 0, 0, 0,
    13, 0, 0, 14, 0, 0, 0, 0,
    13, 0, 13, 0, 15, 16, 17, 18,
    19, 20, 21, 22, 0, 23, 3, 0,
    0, 0, 24, 0, 25, 25, 25, 26,
    27, 0, 28, 29, 0, 0, 30, 30,
    25, 30, 25, 30, 31, 32, 33, 34,
    35, 36, 37, 38, 0, 0, 3, 0,
    0, 39, 0, 0, 0, 0, 0, 0,
    0, 0, 0, 40, 0, 6, 41, 0,
    0, 0, 0, 0, 0, 0, 0, 0,
    0, 0, 0, 42, 0, 0, 0, 43,
    12, 12, 12, 12, 12, 12, 44, 13,
    0, 0, 0, 0, 0, 0, 0, 0,
    45, 0, 13, 13, 13, 13, 13, 0,
    13, 17, 17, 17, 17, 21, 0, 0,
    24, 24, 24, 24, 24, 24, 24, 25,
    25, 25, 25, 25, 46, 47, 48, 49,
    0, 30, 25, 25, 25, 25, 25, 0,
    25, 33, 33, 33, 33, 37, 0, 37,
    12, 24, 12, 24, 45, 25, 0, 25,
    0, 25, 0, 49, 0, 48, 0, 30,
    0, 30, 13, 25, 13, 25, 13, 25,
    17, 33, 17, 33, 17, 33, 0, 13,
    25, 17, 33, 12, 24, 0, 50, 13,
    25, 17, 33, 17, 33, 17, 33, 17,
    33, 17, 33, 0, 30, 25, 25, 51,
    0, 0, 0, 0, 0, 0, 0, 0,
    0, 0, 0, 0, 52, 0, 0, 53,
    0, 54, 0, 55, 0, 0, 52, 0,
    0, 56, 55, 0, 0, 57, 58, 59,
    60, 61, 62, 63, 64, 65, 66, 67,
    68, 69, 70, 71, 72, 70, 73, 74,
    75, 76, 77, 78, 79, 0, 77, 80,
    81, 77, 82, 81, 77, 83, 84, 83,
    83, 83, 85, 83, 86, 87, 83, 83,
    83, 88, 83, 83, 89, 83, 83, 89,
    90, 91, 92, 93, 83, 94, 83, 83,
    90, 83, 83, 87, 83, 95, 96, 97,
    98, 98, 99, 100, 101, 102, 98, 98,
    98, 103, 98, 98, 100, 98, 104, 100,
    105, 106, 100, 107, 98, 108, 98, 98,
    105, 98, 98, 109, 98, 110, 100, 0,
    30, 12, 24, 12, 24, 12, 24, 12,
    24, 12, 24, 12, 24, 12, 24, 12,
    24, 12, 24, 12, 24, 12, 24, 12,
    24, 0, 25, 0, 25, 0, 25, 0,
    25, 0, 25, 0, 25, 0, 25, 0,
    25, 0, 47, 0, 28, 13, 25, 13,
    25, 13, 25, 13, 25, 13, 25, 13,
    25, 13, 25, 13, 25, 13, 25, 13,
    25, 13, 25, 13, 25, 17, 33, 17,
    33, 17, 33, 17, 33, 17, 33, 17,
    33, 17, 33, 21, 37, 21, 37, 21,
    37, 21, 37, 0, 0, 0, 6, 6,
    6, 6, 0, 0, 0, 0, 7, 0,
    0, 7, 0, 0, 0, 0, 0, 0,
    0, 0, 0, 0, 40, 42, 0, 1,
    0, 11, 11, 1, 0, 0, 0, 0,
    0, 0, 0, 0, 0, 0, 0, 0,
    0, 0, 0, 0, 111, 0, 0, 0,
    0, 0, 0, 0, 0, 0, 0, 0,
    0, 0, 0, 0, 0, 0, 0, 0,
    0, 0, 0, 0, 0, 0, 0, 0,
    0, 0, 0, 0, 0, 0, 0, 0,
    0, 0, 0, 0, 0, 0, 0, 0,
    0, 0, 0, 0, 0, 0, 0, 0,
    0, 0, 0, 0, 0, 0, 0, 0,
    0, 0, 0, 0, 0, 0, 0, 0,
    0, 0, 0, 0, 0, 0, 0, 0,
    0, 0, 0, 0, 0, 0, 0, 0,
    0, 0, 0, 0, 0, 0, 0, 0,
    0, 0, 0, 0, 0, 0, 0, 0,
    0, 0, 0, 0, 0, 0, 0, 0,
    0, 0, 0, 0, 0, 0, 0, 0,
    0, 0, 0, 0, 0, 0, 0, 0,
    0, 0, 0, 0, 0, 0, 0, 0,
    0, 0, 0, 0, 0, 0, 0, 0,
    0, 0, 0, 0, 0, 0, 0, 0,
    0, 0, 0, 0, 0, 0, 0, 0,
    0, 0, 0, 0, 0, 0, 0, 0,
    0, 0, 0, 0, 0, 0, 0, 0,
    0, 0, 0, 0, 0, 0, 0, 0,
    0, 0, 0, 0, 0, 0, 0, 0,
    0, 0, 0, 0, 0, 0, 0, 0,
    0, 0, 0, 0, 0, 0, 0, 0,
    0, 0, 0, 0, 0, 0, 0, 0,
    0, 0, 0, 0, 0, 0, 0, 0,
    0, 0, 0, 0, 0, 0, 0, 0,
    0, 0, 0, 0, 0, 0, 0, 0,
    0, 0, 0, 0, 0, 0, 0, 0,
    0, 0, 0, 0, 0, 0, 0, 0,
    0, 0, 0, 0, 0, 0, 0, 0,
    0, 0, 0, 0, 0, 0, 0, 0,
    0, 0, 0, 0, 0, 0, 0, 0,
    0, 0, 0, 0, 0, 0, 0, 0,
    0, 0, 0, 0, 0, 0, 0, 0,
    0, 0, 0, 0, 0, 0, 0, 0,
    0, 0, 0, 0, 0, 0, 0, 0,
    0, 0, 0, 0, 0, 0, 0, 0,
    0, 0, 0, 0, 0, 0, 0, 0,
    0, 0, 0, 0, 0, 0, 0, 0,
    0, 0, 0, 0, 0, 0, 0, 0,
    0, 0, 0, 0, 0, 0, 0, 0,
    0, 0, 0, 0, 0, 0, 0, 0,
    0, 0, 0, 0, 0, 0, 0, 0,
    0, 0, 0, 0, 0, 0, 0, 0,
    0, 0, 0, 0, 0, 0, 0, 0,
    0, 0, 0, 0, 0, 0, 0, 0,
    0, 0, 0, 0, 0, 0, 0, 0,
    0, 0, 0, 0, 0, 0, 0, 0,
    0, 0, 0, 0, 0, 0, 0, 0,
    0, 0, 0, 0, 0, 0, 0, 0,
    0, 0, 0, 0, 0, 0, 0, 0,
    0, 0, 0, 0, 0, 0, 0, 0,
    0, 0, 0, 0, 0, 0, 0, 0,
    0, 0, 0, 0, 0, 0, 0, 0,
    0, 0, 0, 0, 0, 0, 0, 0,
    0, 0, 0, 0, 0, 0, 0, 0,
    0, 0, 0, 0, 0, 0, 0, 0,
    0, 0, 0, 0, 0, 0, 0, 0,
    0, 0, 0, 0, 0, 0, 0, 0,
    0, 0, 0, 0, 0, 0, 0, 0,
    0, 0, 0, 0, 0, 0, 0, 0,
    0, 0, 0, 0, 0, 0, 0, 0,
    0, 0, 0, 0, 0, 0, 0, 0,
    0, 0, 0, 0, 0, 0, 0, 0,
    0, 0, 0, 0, 0, 0, 0, 0,
    0, 0, 0, 0, 0, 0, 0, 0,
    0, 0, 0, 0, 0, 0, 0, 0,
    0, 0, 0, 0, 0, 0, 0, 0,
    0, 0, 0, 0, 0, 0, 0, 0,
    0, 0, 0, 0, 0, 0, 0, 0,
    0, 0, 0, 0, 0, 0, 0, 0,
    0, 0, 0, 0, 0, 0, 0, 0,
    0, 0, 0, 0, 0, 0, 0, 0,
    0, 0, 0, 0, 0, 0, 0, 0,
    0, 0, 0, 0, 0
};

/*Kern values between classes*/
static const int8_t kern_class_values[] =
{
    0, 0, 0, 0, -34, 0, -34, 0,
    0, 0, 0, -16, 0, -28, -4, 0,
    0, 0, 0, -4, 0, 0, 0, 0,
    -9, 0, 0, 0, 0, 0, -6, 0,
    0, 0, 0, 0, 0, 0, 0, 0,
    0, 0, 0, 0, 0, 0, 0, 0,
    0, 0, 0, -16, -16, 0, 0, 0,
    0, 0, 0, -10, -4, 0, 0, -9,
    0, 0, 0, 0, 0, 0, 0, 0,
    0, 0, 0, 0, -9, 0, 0, 0,
    0, 0, 0, -16, -24, 0, 0, -26,
    0, 0, 1, -10, -4, 0, 0, 0,
    0, 0, -12, -9, 0, 0, -14, 0,
    0, 0, 0, 0, 0, -10, 0, 0,
    0, 0, 0, 0, 0, 0, 0, 0,
    0, 0, 0, 0, -6, 0, 0, 0,
    0, 0, 0, 0, 0, 0, 0, 0,
    0, 0, 0, 22, 0, 0, 0, 0,
    0, 0, 0, 0, 0, 0, 0, 0,
    0, 0, 0, 0, 0, 0, 0, 0,
    0, 0, 0, 0, 0, 0, 0, 0,
    0, 0, 0, 0, 0, 0, 0, 0,
    0, 0, 0, 0, 0, 0, 0, 0,
    0, 0, 0, 0, 0, 0, 0, 0,
    0, 0, 0, 5, 3, 0, 0, 0,
    0, 3, 0, 0, 0, 0, 0, 0,
    0, 5, 0, 0, 0, 0, 0, 0,
    0, 0, 0, 0, 0, 0, 0, -28,
    0, -40, 0, 0, 0, 0, 0, 0,
    0, 0, 0, 0, 0, -29, -6, -19,
    -10, 0, -27, 0, 0, 0, -4, 0,
    0, 0, 7, 0, 0, -14, 0, -10,
    -7, 0, -6, 0, 0, 0, 0, 0,
    0, 0, 0, 0, 0, 0, 0, 0,
    -24, 0, 0, 0, 0, 0, 0, -29,
    -27, -14, 0, -27, 0, -4, 0, 0,
    0, 0, 0, 0, 0, 0, 0, 0,
    0, 0, -4, 0, 0, -14, 0, 0,
    0, 0, 11, 0, 0, 11, 0, -29,
    -6, -14, 0, -16, 0, 0, 0, 0,
    11, -4, 0, 0, 9, 0, -14, -6,
    0, -10, 0, 0, 0, 0, 0, 0,
    0, 0, 0, 0, 0, 0, 0, 0,
    0, 0, -6, -6, -14, 0, -6, -4,
    -8, -19, -6, 0, 0, 0, 0, 0,
    0, 0, 0, 0, -8, 0, -3, 0,
    -5, 0, 0, 0, 0, 0, 0, 0,
    0, 0, 0, 0, 0, 0, 0, 0,
    0, -3, -6, 0, -8, -8, -14, -19,
    1, -8, -12, -2, 0, 0, 0, 0,
    0, 0, 0, 0, 0, 0, 0, 0,
    0, 0, 0, 0, -8, 0, -5, 0,
    0, -9, -8, -6, -9, 0, -14, -8,
    1, -8, -6, -7, 0, 0, 0, -4,
    0, -7, -7, -4, 0, -8, 0, -5,
    0, -7, -4, 0, 0, 0, 0, 0,
    0, 0, 0, 0, 0, 0, 0, -12,
    -4, -24, 0, 0, 0, 0, 0, 0,
    0, 0, 0, -7, -10, 0, -4, 7,
    7, 0, 0, 2, -6, 0, 0, 0,
    0, 0, 0, 0, 0, 0, 0, 0,
    0, 3, 7, 18, 18, 18, 0, -12,
    0, 0, -4, 0, 0, 0, 0, 0,
    0, 0, 0, -10, 0, 0, 0, 0,
    0, 0, 0, 0, 0, 0, 0, 0,
    -10, 0, 0, 2, 0, 0, 0, -12,
    0, 0, 0, 0, -4, 0, 0, 0,
    0, 0, 0, -7, 0, 0, 0, -10,
    0, 0, 0, 0, 2, 0, 0, 0,
    0, 0, 0, 0, 0, 0, -15, 0,
    0, 0, 0, 0, 0, 0, 0, 0,
    0, 0, 0, 0, 0, 0, 0, -8,
    0, 0, 0, 0, 0, 0, 0, 0,
    0, 0, 0, 0, 0, 0, 0, 0,
    0, 0, 0, 0, 0, 0, 0, 0,
    0, 0, 0, 0, 0, 0, 0, 0,
    0, 0, 0, 0, 0, -8, 0, 0,
    0, 0, 0, 0, 0, 0, 0, 0,
    0, 0, 0, 0, 0, 0, 0, 0,
    0, 0, 0, 0, 0, 0, 0, 11,
    0, 0, 3, 0, 0, 0, 0, 0,
    0, 0, 0, 0, 0, 9, 0, 0,
    0, 9, 0, 0, 0, 0, 0, 0,
    0, 0, 0, -16, 0, -28, 0, 0,
    0, 0, 0, 0, -8, -2, -4, 0,
    0, -16, -5, -5, 0, 1, -5, -3,
    -12, 6, 0, -4, 0, 0, 0, 0,
    6, -5, -2, -3, -2, -2, -3, 0,
    0, 0, -24, 0, 0, 0, 0, 0,
    0, 0, 0, 0, -20, 0, 0, 0,
    0, 0, 0, 0, 0, 0, 0, 0,
    0, 0, 0, 0, 0, 0, 0, 0,
    0, 0, 0, 0, 0, 0, 0, 0,
    0, 0, 0, 0, 0, 0, 0, 0,
    0, 0, 0, 0, 0, 0, 0, 0,
    0, 0, 0, 0, 0, 0, 0, 0,
    0, 0, 0, 0, 0, 0, 0, 0,
    -16, 0, 0, 0, -9, 0, 0, 0,
    0, 0, 0, 0, 0, 0, -5, -5,
    -7, 0, -2, -2, -2, -5, -2, 0,
    0, 0, 0, 0, 0, 0, 0, 0,
    -4, 0, -5, -4, -4, -5, 0, 0,
    0, 0, 0, 0, 0, 0, 0, 0,
    0, 0, 0, -5, 0, 0, 0, 0,
    0, 0, 0, 0, 0, 0, 0, 0,
    0, 0, 0, 0, 0, 0, 0, 0,
    0, 0, 0, 0, 0, 0, 0, 0,
    0, 0, 0, 0, 0, 0, 0, 0,
    0, 0, 0, 0, 0, 0, 0, 0,
    0, 0, 0, 0, 0, 0, 0, 0,
    0, 0, 0, 0, 0, 0, 0, -6,
    0, 0, 0, 0, 0, -8, 0, 0,
    0, 0, 0, 0, -9, -4, -7, -6,
    -5, -2, -2, -2, -3, -4, 0, 0,
    0, 0, -6, 0, 0, 0, 0, -8,
    -4, -5, -4, 0, -5, 0, 0, -5,
    2, 0, 0, 0, 0, 0, 0, 0,
    0, 0, 0, 0, 0, 0, 0, 0,
    0, 0, 0, 0, 0, 0, 0, 0,
    0, 0, 0, 0, 0, 0, 0, 0,
    0, 0, 0, 0, 0, 0, 0, 0,
    0, 0, 0, 0, 0, 0, 0, 0,
    0, 0, 0, 0, 0, 0, 0, 0,
    0, 0, 0, 0, 0, 0, 0, 0,
    0, 0, 0, 0, 0, 0, 6, 0,
    0, 0, -10, 0, 0, 0, -6, 0,
    0, 0, -4, 0, -12, 0, -7, 0,
    -4, -2, -6, -6, -6, 0, 0, 0,
    0, 0, 0, 0, 0, 0, 0, 0,
    0, 0, -5, 0, -3, 0, 0, 1,
    0, 0, 0, 0, 0, 0, 0, 0,
    0, 0, 0, 0, 0, 0, 0, 0,
    0, 0, 0, 0, 0, 0, 0, 0,
    0, 0, 0, 0, 0, 0, 0, 0,
    0, 0, 0, 0, 0, 0, 0, 0,
    0, 0, 0, 0, 0, 0, 0, 0,
    0, 0, 0, 0, 0, 0, 0, 0,
    0, 0, 0, 0, 0, 0, 0, 0,
    0, 0, 0, 0, 0, -8, 0, 0,
    0, 0, 0, 0, 0, 0, 0, 0,
    0, 0, 0, 0, 0, 0, 0, 0,
    0, 0, 0, 0, 0, 0, -4, 0,
    0, 0, 0, 0, 0, -7, 0, -4,
    0, -9, -4, 0, 0, 0, 0, 0,
    0, 0, 0, 0, 0, 0, 0, 0,
    0, 0, 0, 0, 0, 0, 0, 0,
    0, 0, 0, 0, 0, 0, 0, 0,
    0, 0, 0, 0, 0, 0, 0, 0,
    0, 0, 0, 0, 0, 0, 0, 0,
    0, 0, 0, 0, 0, 0, 0, 0,
    0, 0, 0, 0, 0, 0, 0, 0,
    0, 0, 0, 0, 0, 0, 0, 0,
    0, 0, 0, 0, 0, 0, 0, 0,
    0, -21, 0, -21, -21, 0, 0, 0,
    -12, -4, -40, -6, 0, 0, 1, 1,
    -7, 0, -9, 0, -10, -5, 0, -7,
    0, 0, -6, -6, -4, -5, -6, -5,
    -8, -5, -9, 0, -6, 5, 0, 0,
    0, 0, 0, 0, 8, 10, 0, 0,
    0, 0, 0, 0, 0, 0, 0, 0,
    0, 0, 0, 0, 0, 0, 0, 0,
    0, 0, 0, 0, 0, 0, 0, 0,
    0, 0, 0, 0, 0, 0, 0, 0,
    0, 0, 0, 0, 0, 0, 0, 0,
    0, 0, 0, 0, 0, 0, 0, 0,
    0, 0, 0, 0, 0, 0, 0, 0,
    0, 0, 0, 10, 0, 0, 0, -8,
    0, 0, 0, 0, 0, 0, 0, -2,
    0, 0, 0, -6, 0, -5, -2, 0,
    0, 0, 0, 0, 0, 0, 0, 0,
    0, 0, 0, 0, 0, 0, 0, 0,
    0, 0, 0, 0, 2, 0, 0, 0,
    0, 0, 0, 0, 0, 0, 0, 0,
    0, 0, 0, 0, 0, 0, 0, 0,
    0, 0, 0, 0, 0, 0, 0, 0,
    0, 0, 0, 0, 0, 0, 0, 0,
    0, 0, 0, 0, 0, 0, 0, 0,
    0, 0, 0, 0, 0, 0, 0, 0,
    0, 0, 0, 0, 0, 0, 0, 0,
    0, 0, 0, 0, 0, 0, 0, 0,
    0, 0, 3, 0, 0, 0, 0, -7,
    0, -7, 0, 0, 0, 0, 0, 0,
    -12, 0, 0, 0, 0, 0, 0, 0,
    0, 0, 0, 0, 0, 0, 0, 0,
    0, 0, 0, 0, 0, 0, 0, 0,
    0, 0, 0, 0, 0, 0, 0, 0,
    0, 0, 0, 0, 0, 0, 0, 0,
    0, 0, 0, 0, 0, 0, 0, 0,
    0, 0, 0, 0, 0, 0, 0, 0,
    0, 0, 0, 0, 0, 0, 0, 0,
    0, 0, 0, 0, 0, 0, 0, 0,
    0, 0, 0, 0, 0, 0, 0, 0,
    0, 0, 0, 0, 0, 0, 0, 0,
    0, 0, 0, 0, 0, 0, 0, 0,
    0, 0, 0, -7, 0, -12, 0, -9,
    0, 0, 0, 0, -3, -4, -6, 0,
    -3, -6, -5, -4, -4, 0, -5, 0,
    0, 0, -3, 0, 0, 0, -4, 0,
    0, -10, -5, -6, -5, -5, -6, -5,
    0, -4, 0, -2, 0, 0, 0, 0,
    0, 0, 0, 0, -5, 0, 0, 0,
    0, 0, 0, 0, 0, 0, 0, 0,
    0, 0, 0, 0, 0, 0, 0, 0,
    0, 0, 0, 0, 0, 0, 0, 0,
    0, 0, 0, 0, 0, 0, 0, 0,
    0, 0, 0, 0, 0, 0, 0, 0,
    0, 0, 0, 0, 0, 0, 0, 0,
    0, 0, 0, 0, 0, 0, 0, 0,
    2, 0, -25, 0, -44, 0, -16, 0,
    0, 0, 0, -10, 0, -8, 0, -7,
    -35, -9, -23, -17, 0, -22, 0, -24,
    0, -4, -5, -2, 0, 0, 0, 0,
    -6, -4, -11, -10, 0, -11, 0, 0,
    -10, -27, 0, 0, 0, 0, 0, 0,
    0, 0, 0, -23, 0, 0, 0, 0,
    0, 0, 0, 0, 0, 0, 0, 0,
    0, 0, 0, 0, 0, 0, 0, 0,
    0, 0, 0, 0, 0, 0, 0, 0,
    0, 0, 0, 0, 0, 0, 0, 0,
    0, 0, 0, 0, 0, 0, 0, 0,
    0, 0, 0, 0, 0, 0, 0, 0,
    0, 0, 0, 0, 0, 0, 0, -28,
    0, 0, 0, 0, -33, -10, -33, -23,
    0, 0, 0, -15, 0, -43, -4, -8,
    0, 0, 0, -7, -4, -24, 0, -13,
    -8, 0, -9, 0, 0, 0, -4, 0,
    0, 0, 0, -5, 0, -6, 0, -6,
    8, 0, 0, 0, 0, 0, 0, 0,
    0, 0, 0, 0, 0, 0, 0, 0,
    0, 0, 0, 0, 0, 0, 0, 0,
    0, 0, 0, 0, 0, 0, 0, 0,
    0, 0, 0, 0, 0, 0, 0, 0,
    0, 0, 0, 0, 0, 0, 0, 0,
    0, 0, 0, 0, 0, 0, 0, 0,
    0, 0, 0, 0, 0, 0, 0, 0,
    0, 0, 0, 0, 0, 0, 0, 0,
    0, 0, -4, 0, -9, 0, 0, 0,
    0, 0, -2, 0, -6, -5, -5, 0,
    1, 1, -2, -1, -4, 0, -2, -4,
    0, -2, 0, 0, 0, 0, 0, 0,
    0, 0, -3, 0, -3, 0, -9, 7,
    -5, 0, 0, 0, 0, 0, 0, 0,
    0, 0, 0, 0, 0, 0, 0, 0,
    0, 0, 0, 0, 0, 0, 0, 0,
    0, 0, 0, 0, 0, 0, 0, 0,
    0, 0, 0, 0, 0, 0, 0, 0,
    0, 0, 0, 0, 0, 0, 0, 0,
    0, 0, 0, 0, 0, 0, 0, 0,
    0, 0, 0, 0, 0, 0, 0, 0,
    0, 0, 0, 0, 0, 0, 0, 0,
    0, -5, 0, 3, 0, 0, 0, 0,
    0, 0, 0, -5, -5, -6, 0, 0,
    0, 0, -5, 0, 0, 0, 0, 0,
    0, 0, 0, 0, 0, -7, 0, 0,
    0, 0, 0, -1, 0, 0, 0, 0,
    0, 0, 0, 0, 0, 0, 0, 0,
    0, 0, 0, 0, 0, 0, 0, 0,
    0, 0, 0, 0, 0, 0, 0, 0,
    0, 0, 0, 0, 0, 0, 0, 0,
    0, 0, 0, 0, 0, 0, 0, 0,
    0, 0, 0, 0, 0, 0, 0, 0,
    0, 0, 0, 0, 0, 0, 0, 0,
    0, 0, 0, 0, 0, 0, 0, 0,
    0, 0, 0, 0, 0, 0, 0, 0,
    0, -31, -22, -31, -27, -6, -6, 0,
    -12, -7, -37, -12, 0, 0, 0, 0,
    -6, -5, -16, 0, -22, -19, -6, -22,
    0, 0, -14, -17, -6, -14, -10, -10,
    -12, -10, -22, 0, -14, 5, -12, 0,
    -25, 0, 0, 0, 0, 0, 0, 0,
    0, 0, 0, 0, 0, 0, 0, 0,
    0, 0, 0, 0, 0, 0, 0, 0,
    0, 0, 0, 0, 0, 0, 0, 0,
    0, 0, 0, 0, 0, 0, 0, 0,
    0, 0, 0, 0, 0, 0, 0, 0,
    0, 0, 0, 0, 0, 0, 0, 0,
    0, 0, 0, 0, 0, 0, 0, 0,
    0, 0, 0, 9, 0, 0, 0, 0,
    -5, 0, -5, -10, 0, 0, 0, -5,
    0, -14, -4, 0, 0, -2, 0, -4,
    -5, 0, 0, -2, 0, 0, -4, 0,
    0, 0, -2, 0, 0, 0, 0, -3,
    0, 0, 0, 0, 0, 0, 0, 0,
    0, 0, 0, 0, 0, 0, 0, 0,
    0, 0, 0, 0, 0, 0, 0, 0,
    0, 0, 0, 0, 0, 0, 0, 0,
    0, 0, 0, 0, 0, 0, 0, 0,
    0, 0, 0, 0, 0, 0, 0, 0,
    0, 0, 0, 0, 0, 0, 0, 0,
    0, 0, 0, 0, 0, 0, 0, 0,
    0, 0, 0, 0, 0, 0, 0, 0,
    0, 0, 0, 0, 0, 0, 0, -19,
    -6, -19, -14, 0, 0, 0, -5, -4,
    -22, -4, 0, -4, 2, 0, 0, 0,
    -6, 0, -7, -5, 0, -7, 0, 0,
    -6, -4, 0, -9, -3, -3, -5, -3,
    -8, 0, -7, 14, -6, 0, 0, 0,
    5, 3, 14, 17, 11, 0, 0, 0,
    0, 0, 0, 0, 0, 0, 0, 0,
    0, 0, 0, 0, 0, 0, 0, 0,
    0, 0, 0, 0, 0, 0, 0, 0,
    0, 0, 0, 0, 0, 0, 0, 0,
    0, 0, 0, 0, 0, 0, 0, 0,
    0, 0, 0, 0, 0, 0, 0, 0,
    0, 0, 0, 0, 0, 0, 0, 0,
    0, 15, 0, 0, 0, 0, -10, -4,
    -10, -9, 0, 0, 0, 0, -2, -20,
    -2, 0, 0, 0, 0, 0, 0, -2,
    0, -5, 0, 0, -4, 0, 0, 0,
    0, 0, 0, 0, 0, 0, 0, -4,
    0, -4, 10, -5, 0, 0, 0, 0,
    0, 0, 0, 0, 0, 0, 0, 0,
    0, 0, 0, 0, 0, 0, 0, 0,
    0, 0, 0, 0, 0, 0, 0, 0,
    0, 0, 0, 0, 0, 0, 0, 0,
    0, 0, 0, 0, 0, 0, 0, 0,
    0, 0, 0, 0, 0, 0, 0, 0,
    0, 0, 0, 0, 0, 0, 0, 0,
    0, 0, 0, 0, 0, 0, 0, 0,
    9, 0, -4, 0, -4, 0, -8, 0,
    0, 0, 0, 0, 0, -6, -1, -5,
    -6, -4, 0, 0, 0, 0, 0, 0,
    -4, -3, -5, 0, 0, 0, 0, 0,
    -5, -4, -5, -5, -4, -5, -5, 0,
    -5, 2, -5, 0, 0, 0, 0, 0,
    0, 0, 0, -3, 0, 0, 0, 0,
    0, 0, 0, 0, 0, 0, 0, 0,
    0, 0, 0, 0, 0, 0, 0, 0,
    0, 0, 0, 0, 0, 0, 0, 0,
    0, 0, 0, 0, 0, 0, 0, 0,
    0, 0, 0, 0, 0, 0, 0, 0,
    0, 0, 0, 0, 0, 0, 0, 0,
    0, 0, 0, 0, 0, 0, 0, 5,
    0, 0, 0, 0, -26, -19, -26, -20,
    -8, -8, -3, -5, -5, -29, -5, -5,
    -4, 0, 0, 0, 0, -8, 0, -20,
    -13, 0, -18, 0, 0, -12, -13, -9,
    -10, -5, -7, -10, -5, -14, 0, -16,
    9, -11, 0, 0, 0, 0, 0, 0,
    0, 0, 0, 0, 0, 0, 0, 0,
    0, 0, 0, 0, 0, 0, 0, 0,
    0, 0, 0, 0, 0, 0, 0, 0,
    0, 0, 0, 0, 0, 0, 0, 0,
    0, 0, 0, 0, 0, 0, 0, 0,
    0, 0, 0, 0, 0, 0, 0, 0,
    0, 0, 0, 0, 0, 0, 0, 0,
    0, 0, 0, 0, 0, 0, 13, 0,
    0, 0, 0, 0, -10, 0, 0, 0,
    0, 0, -2, -6, -10, -9, 0, -4,
    -2, -2, 0, -5, -5, 0, -5, -7,
    -6, -5, 0, 0, 0, 0, -5, -7,
    -5, -5, -7, -5, 0, 0, -10, 5,
    0, 0, 0, 0, 0, 0, 0, 0,
    0, 0, 0, 0, 0, 0, 0, 0,
    0, 0, 0, 0, 0, 0, 0, 0,
    0, 0, 0, 0, 0, 0, 0, 0,
    0, 0, 0, 0, 0, 0, 0, 0,
    0, 0, 0, 0, 0, 0, 0, 0,
    0, 0, 0, 0, 0, 0, 0, 0,
    0, 0, 0, 0, 0, 0, 0, 0,
    0, 0, 0, 0, 0, 5, 0, 0,
    0, 0, 0, 0, 0, 0, 0, 0,
    0, 0, 0, 0, 0, -25, -9, -16,
    -9, 0, -22, 0, 0, 0, 0, 0,
    9, 0, 20, 0, 0, 0, 0, -6,
    -4, 0, 3, 0, 0, 0, 0, 0,
    0, 0, -9, 0, 0, 0, 0, 0,
    0, 0, 0, 0, 0, 0, 0, -25,
    -22, 0, 0, 0, 0, 0, 0, 0,
    0, 0, 0, 0, 0, 0, 0, 0,
    0, 0, 0, 0, 0, 0, 0, 0,
    0, 0, 0, 0, 0, 0, 0, -25,
    0, 0, 0, 0, 0, 0, 0, 0,
    0, 0, 0, 0, 0, 0, 0, 3,
    0, 0, 0, 0, 0, 0, 0, 0,
    -16, 0, 0, 0, 0, 0, 0, -4,
    0, 0, 0, 0, -7, 0, -5, -2,
    0, -7, 0, 0, 0, 0, 0, 0,
    0, 0, 0, 0, -5, 0, 0, 0,
    0, 0, 0, 0, 0, 0, 0, 0,
    0, 0, 0, 0, 0, 0, 0, 0,
    0, 0, 0, 0, 0, 0, 0, 0,
    0, 0, 0, 0, 0, 0, 0, 0,
    0, 0, 0, 0, 0, 0, 0, 0,
    0, 0, 0, 0, 0, 0, 0, 0,
    0, 0, 0, 0, 0, 0, 0, 0,
    0, 0, 0, 0, 0, 0, 0, 0,
    0, 0, 0, 0, 0, 0, 0, 0,
    0, 0, 0, 0, 0, -9, 0, -8,
    -4, 1, -4, 0, 0, 0, -4, 0,
    0, 0, 0, -17, 0, -6, 0, -2,
    -14, 0, -8, -5, 0, -1, 0, 0,
    0, 0, -1, -6, 0, -2, -2, -6,
    -2, -2, 0, 0, -3, 0, 0, 0,
    0, 0, 0, 0, 0, 0, -5, 0,
    0, 0, 0, 0, 0, 0, 0, 0,
    0, 0, 0, 0, 0, 0, 0, 0,
    0, 0, 0, 0, 0, 0, 0, 0,
    0, 0, 0, 0, 0, 0, 0, 0,
    0, 0, 0, 0, 0, 0, 0, 0,
    0, 0, 0, 0, 0, 0, 0, 0,
    0, 0, 0, 0, 0, 0, 0, 0,
    0, 0, 0, 0, 0, 0, 0, 0,
    -6, 0, 0, 0, 0, 0, 0, 0,
    0, 0, -6, 0, -5, 0, 0, -7,
    0, 0, -4, -7, 0, -4, 0, 0,
    0, 0, -4, 0, 1, 1, 2, 1,
    0, 0, -5, 5, 0, 0, 0, 0,
    0, 0, 0, 0, 0, 0, 0, 0,
    0, 0, 0, 0, 0, 0, 0, 0,
    0, 0, 0, 0, 0, 0, 0, 0,
    0, 0, 0, 0, 0, 0, 0, 0,
    0, 0, 0, 0, 0, 0, 0, 0,
    0, 0, 0, 0, 0, 0, 0, 0,
    0, 0, 0, 0, 0, 0, 0, 0,
    0, 0, 0, 0, 0, 0, 0, 0,
    0, 0, 0, 0, 0, -10, 0, 2,
    0, 0, 0, 0, -3, 0, 0, -6,
    -6, -7, 0, -5, -4, 0, -8, 0,
    -6, -5, 0, -1, -4, 0, 0, 0,
    0, -4, 0, 1, 1, -3, 1, -1,
    0, -1, -1, 0, 0, 0, 0, 0,
    0, 0, 0, 0, 0, 0, 0, 0,
    0, 0, 0, 0, 0, 0, 0, 0,
    0, 0, 0, 0, 0, 0, 0, 0,
    0, 0, 0, 0, 0, 0, 0, 0,
    0, 0, 0, 0, 0, 0, 0, 0,
    0, 0, 0, 0, 0, 0, 0, 0,
    0, 0, 0, 0, 0, 0, 0, 0,
    0, 0, 0, 0, 0, 0, 0, 0,
    -6, 3, 11, 14, 0, -15, -5, -15,
    -5, 0, 0, 7, 0, 0, 0, 0,
    13, 0, 18, 13, 9, 16, 0, 17,
    -6, -4, 0, -5, 0, -4, 0, -2,
    0, 0, 3, 0, -2, 0, -5, 0,
    0, 21, 0, 0, 0, 0, 0, 0,
    0, 0, 0, 9, 0, 0, 0, 0,
    0, 0, 0, 0, 0, 0, 0, 0,
    0, 0, 0, 0, 0, 0, 0, 0,
    0, 0, 0, 0, 0, 0, 0, 0,
    0, 0, 0, 0, 0, 0, 0, 0,
    0, 0, 0, 0, 0, 0, 0, 0,
    0, 0, 0, 0, 0, 0, 0, 0,
    0, 0, 0, 0, 0, 0, 0, 21,
    0, 0, 3, -10, 0, 0, 0, 13,
    0, 0, -11, 0, 0, 0, 0, -8,
    0, 0, 0, 0, -5, 0, 0, -5,
    -5, 0, 0, 0, 10, 0, 0, 0,
    0, -2, -2, 0, 4, -5, 0, 0,
    3, 0, 0, 0, 0, 0, 0, 0,
    0, 0, 0, 0, 0, 0, 0, 0,
    0, 0, 0, 0, 0, 0, 0, 0,
    0, 0, 0, 0, 0, 0, 0, 0,
    0, 0, 0, 0, 0, 0, 0, 0,
    0, 0, 0, 0, 0, 0, 0, 0,
    0, 0, 0, 0, 0, 0, 0, 0,
    0, 0, 0, 0, 0, 0, 0, 0,
    0, 0, 0, 0, 0, 0, 0, 0,
    0, 0, -10, 0, 0, 0, 0, 0,
    0, -3, 0, 0, 0, 0, -7, 0,
    -4, 0, 0, -5, 0, 0, 0, 0,
    0, 0, 0, 0, 0, 0, 0, 0,
    0, 0, 0, 0, 0, 0, 0, 0,
    0, 0, 0, 0, 0, 0, 0, 0,
    0, 0, 0, 0, 0, 0, 0, 0,
    0, 0, 0, 0, 0, 0, 0, 0,
    0, 0, 0, 0, 0, 0, 0, 0,
    0, 0, 0, 0, 0, 0, 0, 0,
    0, 0, 0, 0, 0, 0, 0, 0,
    0, 0, 0, 0, 0, 0, 0, 0,
    0, 0, 0, 0, 0, 0, 0, 0,
    0, 0, 0, 0, 0, -6, 0, 0,
    0, -7, 3, -13, 3, 0, 3, 3,
    -4, 0, 0, 0, 0, -10, 0, 0,
    0, 0, -4, 0, 0, -4, -6, 0,
    -4, 0, -4, 0, 0, -7, -5, 0,
    0, -3, 0, -3, 0, -8, -1, -4,
    0, 0, 0, 0, 0, 0, 0, 0,
    0, 0, 0, 0, 0, 0, 0, 0,
    0, 0, 0, 0, 0, 0, 0, 0,
    0, 0, 0, 0, 0, 0, 0, 0,
    0, 0, 0, 0, 0, 0, 0, 0,
    0, 0, 0, 0, 0, 0, 0, 0,
    0, 0, 0, 0, 0, 0, 0, 0,
    0, 0, 0, 0, 0, 0, 0, 0,
    0, 0, 0, 0, -6, 0, 0, 0,
    0, 0, 0, 0, 0, 0, 0, 0,
    0, 0, 0, 0, 0, 0, 0, 0,
    0, 0, 0, 0, 0, 0, 0, 0,
    0, 2, 0, 0, 0, 0, 0, 0,
    0, 0, 0, 0, 0, 0, 0, 0,
    0, 0, 0, 0, 0, 0, 0, 0,
    0, 0, 0, 0, 0, 0, 0, 0,
    0, 0, 0, 0, 0, 0, 0, 0,
    0, 0, 0, 0, 0, 0, 0, 0,
    0, 0, 0, 0, 0, 0, 0, 0,
    0, 0, 0, 0, 0, 0, 0, 0,
    0, 0, 0, 0, 0, 0, 0, 0,
    0, 0, 0, 0, 0, 0, 0, 0,
    0, 0, 0, 0, 0, 0, 0, -8,
    0, 0, 0, 0, 0, 0, 0, 0,
    0, 0, 0, -6, 0, -5, 0, 0,
    -9, 0, 0, 0, 0, 0, 0, 0,
    0, 0, 0, 0, 0, 0, 0, 0,
    0, 0, 0, 0, 0, 0, 0, 0,
    0, 0, 0, 0, 0, 0, 0, 0,
    0, 0, 0, 0, 0, 0, 0, 0,
    0, 0, 0, 0, 0, 0, 0, 0,
    0, 0, 0, 0, 0, 0, 0, 0,
    0, 0, 0, 0, 0, 0, 0, 0,
    0, 0, 0, 0, 0, 0, 0, 0,
    0, 0, 0, 0, 0, 0, 0, 0,
    0, 0, 0, 0, 0, 0, 0, 0,
    0, 0, 0, 0, 0, 0, 0, -16,
    -7, -16, -10, 7, 7, 0, -5, 0,
    -16, 0, 0, 0, 0, 0, 0, 0,
    -4, 3, -7, -4, 0, -4, 0, 0,
    0, -2, 0, 0, 7, 5, 0, 7,
    -2, 0, -6, 17, 0, 0, 0, 0,
    0, 0, 0, 0, 0, 9, 0, 0,
    0, 0, 0, 0, 0, 0, 0, 0,
    0, 0, 0, 0, 0, 0, 0, 0,
    0, 0, 0, 0, 0, 0, 0, 0,
    0, 0, 0, 0, 0, 0, 0, 0,
    0, 0, 0, 0, 0, 0, 0, 0,
    0, 0, 0, 0, 0, 0, 0, 0,
    0, 0, 0, 0, 0, 0, 0, 0,
    0, 0, 0, 0, 0, -15, 0, 2,
    0, 0, 0, 0, -4, 0, 0, 0,
    0, -7, 0, -4, 0, 0, -6, 0,
    0, 0, 0, 0, 0, 0, 0, 0,
    0, -6, 0, 0, 0, 0, 0, 0,
    0, 0, 0, 0, 0, 0, 0, 0,
    0, 0, 0, 0, 0, 0, 0, 0,
    0, 0, 0, 0, 0, 0, 0, 0,
    0, 0, 0, 0, 0, 0, 0, 0,
    0, 0, 0, 0, 0, 0, 0, 0,
    0, 0, 0, 0, 0, 0, 0, 0,
    0, 0, 0, 0, 0, 0, 0, 0,
    0, 0, 0, 0, 0, 0, 0, 0,
    0, 0, 0, 0, 0, 0, 0, 0,
    0, 0, 0, 0, 0, 1, -8, 1,
    2, 3, 3, -8, 0, 0, 0, 0,
    -5, 0, 0, 0, 0, -2, 0, 0,
    -7, -5, 0, -4, 0, 0, 0, -4,
    -6, 0, 0, 0, -5, 0, 0, 0,
    -6, 9, -5, 0, 0, 0, 0, 0,
    0, 0, 0, 0, 0, 0, 0, 0,
    0, 0, 0, 0, 0, 0, 0, 0,
    0, 0, 0, 0, 0, 0, 0, 0,
    0, 0, 0, 0, 0, 0, 0, 0,
    0, 0, 0, 0, 0, 0, 0, 0,
    0, 0, 0, 0, 0, 0, 0, 0,
    0, 0, 0, 0, 0, 0, 0, 0,
    0, 0, 0, 0, 0, 0, 0, 0,
    0, 0, 0, -4, -10, -3, -10, -6,
    0, 0, 0, -4, 0, -12, 0, -6,
    0, -3, 0, 0, -5, -4, 0, -6,
    -2, 0, 0, 0, -4, 0, 0, 0,
    0, 0, 0, 0, 0, -7, 0, 0,
    12, 0, 0, 0, 0, 0, 0, 0,
    0, 0, 0, 0, 0, 0, 0, 0,
    0, 0, 0, 0, 0, 0, 0, 0,
    0, 0, 0, 0, 0, 0, 0, 0,
    0, 0, 0, 0, 0, 0, 0, 0,
    0, 0, 0, 0, 0, 0, 0, 0,
    0, 0, 0, 0, 0, 0, 0, 0,
    0, 0, 0, 0, 0, 0, 0, 0,
    0, 0, 0, 0, 0, 0, 2, 0,
    0, 0, -4, -12, 0, -12, -3, 0,
    0, 0, -2, 0, -9, 0, -7, 0,
    -3, 0, -5, -7, 0, 0, -4, -2,
    0, 0, 0, -4, 0, 0, 0, 0,
    0, 0, 0, 0, -6, 0, 0, 10,
    0, 0, 0, 0, 0, 0, 0, 0,
    0, 0, 0, 0, 0, 0, 0, 0,
    0, 0, 0, 0, 0, 0, 0, 0,
    0, 0, 0, 0, 0, 0, 0, 0,
    0, 0, 0, 0, 0, 0, 0, 0,
    0, 0, 0, 0, 0, 0, 0, 0,
    0, 0, 0, 0, 0, 0, 0, 0,
    0, 0, 0, 0, 0, 0, 0, 0,
    0, 0, 0, 0, 0, 2, -5, 0,
    0, -7, 1, -5, -3, 0, 0, 1,
    0, 0, -4, 0, -2, -10, 0, -5,
    0, -4, -10, 0, 0, -4, -6, 0,
    0, 0, 0, 0, 0, -7, 0, 0,
    0, 0, -1, 0, 0, -7, 10, -6,
    0, 0, 0, 0, 0, 0, 0, 0,
    0, 0, 0, 0, 0, 0, 0, 0,
    0, 0, 0, 0, 0, 0, 0, 0,
    0, 0, 0, 0, 0, 0, 0, 0,
    0, 0, 0, 0, 0, 0, 0, 0,
    0, 0, 0, 0, 0, 0, 0, 0,
    0, 0, 0, 0, 0, 0, 0, 0,
    0, 0, 0, 0, 0, 0, 0, 0,
    0, 0, 0, 0, 2, 0, 0, 0,
    0, -10, 0, -10, -5, 0, 0, 0,
    0, 0, -12, 0, -6, 0, -2, 0,
    -2, -3, 0, 0, -6, -2, 0, 0,
    0, -4, 0, 0, 0, 0, 0, 0,
    -5, 0, -7, 0, -2, 12, -2, 0,
    0, 0, 0, 0, 0, 0, 0, 0,
    0, 0, 0, 0, 0, 0, 0, 0,
    0, 0, 0, 0, 0, 0, 0, 0,
    0, 0, 0, 0, 0, 0, 0, 0,
    0, 0, 0, 0, 0, 0, 0, 0,
    0, 0, 0, 0, 0, 0, 0, 0,
    0, 0, 0, 0, 0, 0, 0, 0,
    0, 0, 0, 0, 0, 0, 0, 0,
    0, 0, 0, 3, 0, 0, 0, 0,
    0, -5, 0, 0, 0, 0, 0, 0,
    0, 0, 0, -8, 0, 0, 0, 0,
    -9, 0, 0, -7, -4, 0, -2, 0,
    0, 0, 0, 0, -4, -2, 0, 0,
    -2, 0, 0, 0, 7, 0, 0, 0,
    0, 0, 0, 0, 0, 0, 0, 0,
    0, 0, 0, 0, 0, 0, 0, 0,
    0, 0, 0, 0, 0, 0, 0, 0,
    0, 0, 0, 0, 0, 0, 0, 0,
    0, 0, 0, 0, 0, 0, 0, 0,
    0, 0, 0, 0, 0, 0, 0, 0,
    0, 0, 0, 0, 0, 0, 0, 0,
    0, 0, 0, 0, 0, 0, 0, 0,
    0, 0, 3, 0, 0, 0, 0, 0,
    0, 0, 0, 0, 0, 0, 0, 0,
    0, 0, 0, 0, -10, -5, 0, -13,
    0, 0, 0, 0, 0, 0, 0, 9,
    0, 0, 0, 0, 0, 0, 0, 0,
    0, 0, 0, 0, 0, 0, 0, 0,
    0, 0, 0, 0, 0, 0, 0, 0,
    0, 0, 0, 0, 0, -13, 0, 0,
    0, 0, 0, 0, 0, 0, 0, 0,
    0, 0, 0, 0, 0, 0, 0, 0,
    0, 0, 0, 0, 0, 0, 0, 0,
    0, 0, 0, 0, 0, 0, 0, 0,
    0, 0, 0, 0, 0, 0, 0, 0,
    0, 0, 0, 0, 0, 0, 0, 0,
    0, 0, 0, 0, 0, 0, 0, 0,
    0, 0, 0, 0, 0, 0, 0, 0,
    0, -12, 0, -6, -6, -5, -11, 0,
    0, 0, 0, 0, 0, 0, 0, 0,
    0, -5, 0, -2, 0, -6, -2, 0,
    0, 0, 0, 0, 0, 0, 0, 0,
    0, 0, 0, 0, 0, 0, 0, 0,
    0, 0, -10, -12, -11, 0, -5, -6,
    -2, 0, 0, -4, 0, 0, 0, 0,
    0, 0, -5, 0, -4, 0, 0, -5,
    0, -5, 0, -6, 0, 0, 0, -3,
    0, 0, 0, -12, -8, 0, -5, -5,
    -6, 0, 0, 0, 0, 0, -6, 0,
    0, 0, -5, -2, -6, 0, -2, -6,
    0, 0, 0, 0, 0, 0, 0, 0,
    0, 0, 0, 0, 0, 0, -9, -9,
    -14, 0, -7, -4, -5, -16, -6, 0,
    0, 0, 0, 0, 0, 0, 0, 0,
    -10, 0, -3, 0, -7, -3, 0, 0,
    0, 0, 0, 0, 0, 0, 0, 0,
    0, 0, 0, 0, 0, 0, -6, 0,
    0, 0, -14, -16, 0, -5, 0, 0,
    0, 0, 0, 0, 0, 0, 0, 0,
    0, 0, 0, 0, 0, 0, 0, 0,
    -10, 0, -7, 0, 0, -4, -6, -6,
    -4, 0, -14, -10, 0, -5, -12, -8,
    0, 0, 0, 0, 0, -5, -5, 0,
    0, -10, -3, -7, 0, -6, -5, 0,
    0, 0, 0, 0, 0, 0, 0, 0,
    0, 0, 0, -18, -13, 0, -10, -26,
    -12, -17, -12, -13, -25, 0, 0, -10,
    -7, -18, 0, 0, 16, 0, 0, 0,
    0, 0, 0, 0, 0, 0, 0, 0,
    0, 0, 0, 0, 0, 0, 0, 0,
    0, 0, 0, -18, 0, 0, -13, 0,
    0, -26, -25, 0, -13, 0, 0, -7,
    0, 0, 0, 0, 0, 0, 0, 0,
    0, 0, 0, 0, -7, 0, 0, 0,
    0, 0, 0, -18, 0, 0, 0, 0,
    -13, -26, 0, 0, -13, 0, 0, -10,
    0, 0, 0, -7, 0, 0, 0, 0,
    0, 0, 0, 0, 0, 0, 0, 0,
    0, 0, -19, 0, 0, 0, -18, 0,
    0, 0, 0, 0, 0, 0, 0, 0,
    0, 0, 0, 0, 0, -12, 0, 0,
    0, 0, 0, 0, 0, 0, 0, 0,
    0, 0, 0, 0, 0, 0, 0, 0,
    0, 0, 0, 0, 0, 0, 0, 0,
    0, 0, 0, 0, 0, 0, 0, 0,
    0, 0, 0, 0, 0, 0, 0, 0,
    0, 0, 0, 0, 0, 0, 0, 0,
    0, 0, 0, 0, 0, 0, 0, 0,
    0, 0, 0, 0, 0, 0, 0, 0,
    0, 0, 0, 0, 0, 0, 0, 0,
    0, 0, 0, 0, 0, 0, 0, 0,
    0, 0, 0, 0, 0, -7, 0, -20,
    0, 0, 0, 0, 0, 0, 0, 0,
    -5, 0, 0, 0, 0, 0, 0, 0,
    0, 0, 0, 0, -8, 0, 0, -2,
    0, 0, 0, 0, 0, -5, 0, -5,
    -5, 1, -5, 0, 0, 0, -10, 0,
    0, 0, 0, 0, 0, 0, 0, 0,
    -14, 0, 0, 0, 0, 0, 0, 0,
    0, 0, 0, 0, 0, 0, 0, 0,
    0, 0, 0, 0, 0, 0, 0, 0,
    0, 0, 0, 0, 0, 0, 0, 0,
    0, 0, 0, 0, 0, 0, 0, 0,
    0, 0, 0, 0, 0, 0, 0, 0,
    0, 0, 0, 0, 0, 0, 0, 0,
    0, 0, 0, 0, 0, 0, 0, 0,
    0, 0, 0, 0, -5, 0, 0, 0,
    0, 0, 0, 0, 0, 0, 0, 0,
    0, 0, 0, 0, 0, 0, 0, 0,
    0, 0, 0, 0, 0, 0, 0, 0,
    0, 0, -2, 0, 0, 1, 0, 0,
    0, 0, 0, 0, 0, 0, 0, 0,
    0, 0, 0, 0, 0, 0, 0, 0,
    0, 0, 0, 0, 0, 0, 0, 0,
    0, 0, 0, 0, 0, 0, 0, 0,
    0, 0, 0, 0, 0, 0, 0, 0,
    0, 0, 0, 0, 0, 0, 0, 0,
    0, 0, 0, 0, 0, 0, 0, 0,
    0, 0, 0, 0, 0, 0, 0, 0,
    0, 0, 0, 2, 0, 2, 5, 0,
    0, 0, 0, 0, 0, 0, 1, 0,
    0, 0, 0, 0, 0, 0, 0, 0,
    0, 0, 5, 0, 0, 0, 0, 0,
    0, 0, 0, 0, 0, 0, 0, -2,
    0, -2, 0, 0, 7, 0, 0, 0,
    0, 0, 0, 0, 0, 0, 2, 0,
    0, 0, 0, 0, 0, 0, 0, 0,
    0, 0, 0, 0, 0, 0, 0, 0,
    0, 0, 0, 0, 0, 0, 0, 0,
    0, 0, 0, 0, 0, 0, 0, 0,
    0, 0, 0, 0, 0, 0, 0, 0,
    0, 0, 0, 0, 0, 0, 0, 0,
    0, 0, 0, 0, 0, 0, 0, 0,
    0, 0, 0, 0, 0, 0, 1, 0,
    0, 0, -15, 0, 0, 0, 0, 0,
    0, 0, 0, 0, 0, 0, 0, 0,
    0, 14, -6, 0, 0, -5, 0, 0,
    0, -6, 0, 0, 0, 0, -3, 0,
    0, 0, 0, 5, 0, 0, 0, 0,
    0, 0, 0, 0, 0, 0, 0, 0,
    0, 0, 0, 0, 0, 0, 0, 0,
    0, 0, 0, 0, 0, 0, 0, 0,
    0, 0, 0, 0, 0, 0, 0, 0,
    0, 0, 0, 0, 0, 0, 0, 0,
    0, 0, 0, 0, 0, 0, 0, 0,
    0, 0, 0, 0, 0, 0, 0, 0,
    0, 0, 0, 0, 0, 0, 0, 0,
    0, 13, 0, 13, 14, 0, 0, 0,
    0, 0, 0, 0, 2, 0, 0, 0,
    0, 0, 0, 0, 0, 0, 0, 0,
    13, -4, 0, 5, 0, 3, 4, 0,
    0, 4, 0, 2, 2, 0, 2, 0,
    0, 0, 20, 0, 0, 0, 0, 3,
    3, 3, 3, 3, 12, 0, 0, 0,
    0, 0, 0, 0, 0, 0, 0, 0,
    0, 0, 0, 0, 0, 0, 0, 0,
    0, 0, 0, 0, 0, 0, 0, 0,
    0, 0, 0, 0, 0, 0, 0, 0,
    0, 0, 0, 0, 0, 0, 0, 0,
    0, 0, 0, 0, 0, 0, 0, 0,
    0, 0, 0, 0, 0, 0, 0, 0,
    0, 0, 0, 0, 0, -24, 0, -24,
    0, 0, 0, 0, -17, 0, -22, -5,
    0, 0, 3, 3, -3, 2, 0, 0,
    -13, -10, -5, -10, 0, 0, 0, -4,
    0, 0, 0, 0, 0, 0, 0, -16,
    0, 0, 0, -39, -25, 0, 0, 0,
    0, 0, 0, 0, -17, -17, 0, 0,
    0, 0, 0, 2, -6, -3, 0, 0,
    -10, -4, 0, -10, -10, -6, 0, 0,
    0, -5, 0, 0, 0, -10, 0, -10,
    0, 0, 0, 0, -17, -18, -2, 0,
    -18, 0, 0, 2, -6, -3, 0, 0,
    -13, 0, 0, -10, -10, -3, 0, -12,
    0, 0, 0, 0, 0, 0, -7, 0,
    0, -16, 0, -28, 0, 0, 0, 0,
    0, 0, -8, 0, 0, 0, 0, 0,
    0, 0, 0, 0, 0, 0, -12, 0,
    0, 0, 0, 0, 0, 0, 0, 0,
    0, 0, 0, 0, 0, 0, 0, 0,
    0, 0, 0, 0, 0, 0, 0, 0,
    0, 0, -20, -2, 0, -3, -4, 0,
    0, -16, -5, -3, 1, -14, 1, 0,
    0, -4, 0, 0, 0, 0, 0, 0,
    0, 0, -4, 0, 0, -2, 0, -5,
    0, -2, 0, 0, 0, 0, 0, 0,
    0, 0, 0, 0, 0, 0, 0, 0,
    0, 0, 0, 0, 0, 0, 0, 0,
    0, 0, 0, 0, 0, 0, 0, 0,
    0, 0, -9, 0, 0, 0, 0, 0,
    0, 0, 0, 0, 0, 0, 0, 0,
    0, 0, 0, 0, 0, 0, 0, 0,
    0, 0, 0, 0, 0, 0, 0, 0,
    0, 0, 0, 0, 0, 0, 0, 0,
    0, 0, 0, 0, 0, 0, 0, 0,
    0, -5, 0, -2, -2, 0, -2, -2,
    -7, -5, 0, -2, -2, 0, 0, 0,
    0, 0, 0, 0, 0, 0, 0, -2,
    0, 0, 0, 0, 0, 0, -4, 0,
    -4, 0, 0, 0, 0, 0, 0, 0,
    0, 0, 0, 0, 0, 0, 0, 0,
    0, 0, 0, 0, 0, 0, 0, 0,
    0, 0, 0, 0, 0, 0, 0, 0,
    0, 0, -37, -28, -37, 0, -6, -6,
    0, 0, 0, 0, 0, 0, 0, 0,
    0, 0, 0, 0, 0, 0, 0, 0,
    0, 0, 0, 0, 0, 0, 0, 0,
    0, 0, 0, 0, 0, -22, 7, -20,
    0, 0, 0, 0, 0, 0, 0, 0,
    0, -18, -22, -14, -11, 0, 0, 0,
    0, -24, -6, 0, -6, -31, -5, -14,
    -12, -25, -11, -24, -11, -5, -3, -18,
    -14, 0, -31, -18, -37, -13, -16, -9,
    0, 0, 0, 0, 0, 0, 0, 0,
    0, 0, 0, 0, 0, 0, 0, 0,
    0, 0, 0, 0, 0, 0, 0, 0,
    0, 0, 0, 0, 0, 0, -16, 0,
    0, 0, -3, 0, 0, 0, 0, 0,
    0, 0, 0, 0, 0, 0, 0, 0,
    0, 0, 0, 0, 0, 0, 0, 0,
    0, 0, 0, 0, 0, 0, 0, 0,
    0, 0, 0, 0, 0, -18, 0, 0,
    0, 0, 0, 0, 0, 0, 0, -17,
    0, 0, 0, -7, 0, 0, -17, -7,
    -7, 0, -19, 0, 0, 0, -4, 0,
    0, 0, 0, -4, 0, -4, 0, -4,
    0, 0, 0, 0, -7, 0, 0, 0,
    0, 0, 0, 0, 0, 0, 0, 0,
    0, 0, 0, 0, 0, 0, 0, 0,
    0, 0, 0, 0, 0, 0, 0, 0,
    0, 0, 0, 0, 0, 0, 0, 0,
    0, 0, 0, 0, 0, 0, 0, 0,
    0, 0, 0, 0, 0, 0, 0, 0,
    0, 0, 0, 0, 0, 0, 0, 0,
    0, 0, 0, 0, 0, 0, 0, 0,
    0, 0, 0, 0, 0, 0, 0, 0,
    0, 0, 0, 0, 0, 0, 0, 0,
    0, 0, 0, 0, 0, 0, 0, -8,
    0, 0, 0, -4, 0, -7, -5, -4,
    -4, 0, -7, 0, 0, 0, -7, -4,
    -4, -5, 0, -7, -5, -9, 0, 0,
    0, 0, 0, 0, 0, 0, 0, 0,
    0, 0, 0, 0, 0, 0, 0, 0,
    0, 0, 0, 0, 0, 0, 0, 0,
    0, 0, 0, 0, 0, 0, 0, 0,
    -10, 0, 0, 0, 0, 0, 0, 0,
    0, 0, 0, 0, 0, 0, 0, 0,
    0, 0, 0, 0, 0, 0, 0, 0,
    0, 0, 0, 0, 0, 0, 0, 0,
    0, 0, -10, 0, 0, 0, 0, 0,
    0, 0, 0, 0, 0, 0, -2, 0,
    -5, -6, 0, -5, 0, -5, -11, 0,
    -4, -2, -7, 0, -5, -11, -5, -5,
    0, -11, -2, 0, 0, -5, -2, -7,
    -8, 0, -5, -7, -7, 0, 0, 0,
    0, 0, 0, 0, 0, 0, 0, 0,
    0, 0, 0, 0, 0, 0, 0, 0,
    0, 0, 0, 0, 0, 0, 0, 0,
    0, 0, 0, 0, 0, -10, 0, 0,
    0, -6, 0, 0, 0, 0, 0, 0,
    0, 0, 0, 0, 0, 0, 0, 0,
    0, 0, 0, 0, 0, 0, 0, 0,
    0, 0, 0, 0, 0, 0, 0, 0,
    0, 0, 0, 0, 0, 0, 0, 0,
    0, 0, 0, 0, 0, -4, -7, -6,
    0, 0, -11, -7, -6, 0, -6, 0,
    0, 0, 0, 0, 0, 0, 0, 0,
    0, 0, -7, 0, 0, 0, 0, 0,
    0, 0, 0, -5, 0, 0, 0, 0,
    0, 0, 0, 0, 0, 0, 0, 0,
    0, 0, 0, 0, 0, 0, 0, 0,
    0, 0, 0, 0, 0, 0, 0, 0,
    0, 0, -7, 0, -12, 0, -9, 0,
    0, 0, 0, -3, 0, 0, 0, 0,
    0, 0, 0, 0, 0, 0, 0, 0,
    0, 0, 0, 0, 0, 0, 0, 0,
    0, 0, 0, 0, 0, 0, 0, 0,
    -4, 0, -2, 0, 0, 0, 0, 0,
    0, 0, 0, -5, -4, 0, 0, -6,
    0, 0, -6, -5, -8, 0, -5, 0,
    -3, 0, -8, 0, 0, 0, 0, -4,
    -2, -6, 0, -8, 0, -3, 0, 0,
    -10, -2, -5, 0, 0, 0, 0, 0,
    0, 0, 0, 0, 0, 0, 0, 0,
    0, 0, 0, 0, 0, 0, 0, 0,
    0, 0, 0, 0, 0, 0, 0, 0,
    0, 0, 0, 0, 0, -8, 0, 0,
    0, 0, 0, 0, 0, 0, 0, 0,
    0, 0, 0, 0, 0, 0, 0, 0,
    0, 0, 0, 0, 0, 0, 0, 0,
    0, 0, 0, 0, 0, 0, 0, 0,
    0, 0, 0, 0, 0, 0, 0, 0,
    0, 0, 0, 0, 0, 0, 0, 0,
    0, 0, 0, -7, 0, 0, 0, -4,
    0, -6, 0, 0, 0, 0, -8, -2,
    0, 0, -6, 0, -4, 0, 0, -6,
    -4, 0, 0, 0, 0, 0, 0, 0,
    0, 0, 0, 0, 0, 0, 0, 0,
    0, 0, 0, 0, 0, 0, 0, 0,
    0, 0, 0, 0, 0, 0, 0, 0,
    0, 0, 0, -33, -10, -33, -23, 0,
    0, 0, 0, 0, 0, 0, 0, 0,
    0, 0, 0, 0, 0, 0, 0, 0,
    0, 0, 0, 0, 0, 0, 0, 0,
    0, 0, 0, 0, 0, 0, -6, 0,
    0, 0, 0, 0, 0, 0, 0, 0,
    0, 0, -15, -17, -24, 0, -6, -12,
    -8, -4, 0, -7, 0, 0, -8, 0,
    1, -7, -5, 0, 0, 0, 0, -14,
    0, 1, 0, -8, 0, -15, 0, 0,
    -5, 0, 0, 0, 0, 0, 0, 0,
    0, 0, 0, 0, 0, 0, 0, 0,
    0, 0, 0, 0, 0, 0, 0, 0,
    0, 0, 0, 0, 0, 0, 0, -4,
    0, 0, 0, -10, 0, 0, 0, 0,
    0, 0, 0, 0, 0, 0, 0, 0,
    0, 0, 0, 0, 0, 0, 0, 0,
    0, 0, 0, 0, 0, 0, 0, 0,
    0, 0, 0, 0, 0, 0, 0, 0,
    0, 0, 0, 0, 0, 0, 0, 0,
    -6, 0, 0, -6, -14, 0, -6, -11,
    -7, -20, 0, -9, 0, -4, 0, -7,
    -5, -4, -7, 0, -12, -2, 0, 0,
    -7, -7, -5, -7, 0, -17, -4, -8,
    0, 0, 0, 0, 0, 0, 0, 0,
    0, 0, 0, 0, 0, 0, 0, 0,
    0, 0, 0, 0, 0, 0, 0, 0,
    0, 0, 0, 0, 0, 0, 0, 0,
    0, -31, -22, -31, -27, -6, -6, 0,
    0, 0, 0, 0, 0, 0, 0, 0,
    0, 0, 0, 0, 0, 0, 0, 0,
    0, 0, 0, 0, 0, 0, 0, 0,
    0, 0, 0, 0, -14, 0, -12, 0,
    0, 0, 0, 0, 0, 0, 0, 0,
    -12, -17, -16, -7, 0, -4, 0, -5,
    -19, -6, 0, -5, -19, -5, -8, -11,
    -20, -9, -14, -11, -10, -5, -14, -8,
    0, -19, -13, -24, -6, -14, -12, 0,
    0, 0, 0, 0, 0, 0, 0, 0,
    0, 0, 0, 0, 0, 0, 0, 0,
    0, 0, 0, 0, 0, 0, 0, 0,
    0, 0, 0, 0, 0, 0, 0, 0,
    -26, -19, -26, -20, -8, -8, -3, 0,
    0, 0, 0, 0, 0, 0, 0, 0,
    0, 0, 0, 0, 0, 0, 0, 0,
    0, 0, 0, 0, 0, 0, 0, 0,
    0, 0, 0, -16, 0, -11, 0, 0,
    0, 0, 0, 0, 0, 0, 0, -5,
    -7, -8, -5, 0, 0, -5, 0, -5,
    0, 0, -5, -13, -6, -8, -8, -13,
    -2, -12, -5, -12, -5, -12, -5, 0,
    -13, -11, -15, -9, -12, -10, 0, 0,
    0, 0, 0, 0, 0, 0, 0, 0,
    0, 0, 0, 0, 0, 0, 0, 0,
    0, 0, 0, 0, 0, 0, 0, 0,
    0, 0, 0, 0, -10, 0, 0, -14,
    1, -14, 0, 0, 0, -6, 0, 0,
    0, 0, 0, 0, 0, 0, 0, 0,
    0, 0, 0, 0, 0, 0, 0, 0,
    0, 0, 0, 0, 0, 0, 0, 0,
    0, 0, 0, 0, 0, 0, 0, 0,
    0, 0, 0, 0, 0, -4, -3, -7,
    -11, 0, -7, -10, -24, -5, 0, -9,
    -5, 0, 0, 0, 0, 0, 0, 0,
    0, 0, 0, -10, 0, 0, 0, 0,
    0, -2, 0, 0, -2, 0, 0, 0,
    0, 0, 0, 0, 0, 0, 0, 0,
    0, 0, 0, 0, 0, 0, 0, 0,
    0, 0, 0, 0, 0, 0, 0, 0,
    0, 0, 0, -4, 0, -4, 0, -8,
    0, 0, 0, 0, 0, 0, 0, 0,
    0, 0, 0, 0, 0, 0, 0, 0,
    0, 0, 0, 0, 0, 0, 0, 0,
    0, 0, 0, 0, 0, 0, 0, 0,
    0, -5, 0, -5, 0, 0, 0, 0,
    0, 0, 0, 0, -3, 0, 0, 0,
    -6, 0, 0, -6, 0, -9, 0, -5,
    0, -3, 0, -5, 0, 0, 0, 0,
    -7, -2, -7, 0, -5, 0, -3, 0,
    0, -5, 0, -4, 0, 0, 0, 0,
    0, 0, 0, 0, 0, 0, 0, 0,
    0, 0, 0, 0, 0, 0, 0, 0,
    0, 0, 0, 0, 0, 0, 0, 0,
    0, 0, 0, 0, 0, -27, -12, -27,
    0, 0, 0, 0, 0, 0, 0, 0,
    0, 0, 0, 0, 0, 0, 0, 0,
    0, 0, 0, 0, 0, 0, 0, 0,
    0, 0, 0, 0, 0, 0, 0, 0,
    0, 4, -6, 0, 0, 0, 0, 0,
    0, 0, 0, 0, -14, -19, -5, 0,
    0, -5, 0, 0, -5, -5, 0, 0,
    -8, 0, 0, -6, -9, 0, -2, 0,
    -4, -8, -4, 0, 0, -8, 0, -8,
    0, -4, 0, 0, 0, 0, 0, 0,
    0, 0, 0, 0, 0, 0, 0, 0,
    0, 0, 0, 0, 0, 0, 0, 0,
    0, 0, 0, 0, 0, 0, 0, 0,
    0, 0, 0, 0, 0, -2, 0, 0,
    0, 0, 0, 0, 0, 0, 0, 0,
    0, 0, 0, 0, 0, 0, 0, 0,
    0, 0, 0, 0, 0, 0, 0, 0,
    0, 0, 0, 0, 0, 0, 0, 0,
    0, -2, 0, 0, 0, 0, 0, 0,
    0, 0, 0, 1, 0, 0, 0, 0,
    0, -5, -5, 0, 0, 0, 0, 0,
    0, 0, 0, 0, 0, 0, 0, 0,
    0, 0, 0, 0, -2, 0, 0, -3,
    0, 0, 0, 0, 0, 0, 0, 0,
    0, 0, 0, 0, 0, 0, 0, 0,
    0, 0, 0, 0, 0, 0, 0, 0,
    0, 0, 0, 0, 0, 0, 0, 0,
    0, 0, 0, 0, 0, 0, 0, 0,
    0, 0, 0, 0, 0, 0, 0, 0,
    0, 0, 0, 0, 0, 0, 0, 0,
    0, 0, 0, 0, 0, 0, 0, 0,
    0, 0, 0, 0, 0, 0, 0, 0,
    0, 0, 0, 0, 0, 0, 0, 0,
    0, 0, 0, 0, 0, 0, 0, 0,
    0, 0, 0, 0, 0, 0, 0, 0,
    -4, 0, 0, 0, 0, -1, 1, 0,
    0, -4, 0, 0, 0, 0, -3, 0,
    -2, 0, 0, 0, 0, 0, 0, 0,
    0, 0, 0, 0, 0, 0, 0, 0,
    0, 0, 0, 0, 0, 0, 0, 0,
    0, 0, 0, 0, 0, 0, 0, 0,
    0, 0, 0, 0, 0, 0, 0, 0,
    0, 0, 0, 0, 0, 0, 0, 0,
    0, 0, 0, 0, 0, 0, 0, 0,
    0, 0, 0, 0, 0, 0, 0, 0,
    0, 0, 0, 0, 0, 0, 0, 0,
    0, 0, 0, 0, 0, 0, 0, 0,
    0, 0, 0, 0, 0, 0, 0, 0,
    0, 0, 0, 0, 0, 0, 0, -6,
    0, 0, 0, 0, 0, 0, 0, 0,
    -5, 0, 0, -3, -4, -6, 0, -5,
    0, 0, 0, 0, 0, 0, 0, 0,
    0, 0, 0, 0, 0, 0, 0, 0,
    0, 0, 0, 0, 0, 0, 0, 0,
    0, 0, 0, 0, 0, 0, 0, 0,
    0, -5, 0, -5, 0, 0, 0, 0,
    0, 0, 0, 0, 0, 0, 0, 0,
    0, 0, 0, 0, 0, 0, 0, 0,
    0, 0, 0, 0, 0, 0, 0, 0,
    0, 0, 0, 0, 0, 0, -4, 0,
    0, 0, 0, 0, 0, 0, 0, 0,
    0, 0, 0, 0, 0, 0, 0, 0,
    0, 0, 0, 0, 0, 0, -12, -3,
    -2, 0, 0, 0, 0, -5, 0, -5,
    0, -3, -2, -4, -4, 0, -3, 0,
    0, 0, 0, 0, 0, 0, 0, 0,
    0, 0, 0, 0, 0, 0, 0, 0,
    0, 0, 0, 0, 0, 0, 0, 0,
    0, 0, 0, 0, 0, 0, 0, 0,
    0, 0, 0, 0, 0, 0, 0, 0,
    0, 0, 0, 0, 0, 0, 0, 0,
    0, 0, 0, 0, 0, 0, 0, 0,
    0, 0, 0, 0, 0, 0, 0, 0,
    0, 0, 0, 0, 0, 0, 0, 0,
    0, 0, 0, 0, 0, 0, 0, 0,
    0, 0, 0, 0, 0, 0, 0, 0,
    0, 0, 0, 0, 0, -6, 0, 0,
    0, 0, 0, 0, -4, 0, -6, 0,
    0, -2, -4, -5, 0, -5, 0, 0,
    0, 0, 0, 0, 0, 0, 0, 0,
    0, 0, 0, 0, 0, 0, 0, 0,
    0, 0, 0, 0, 0, 0, 0, 0,
    0, 0, 0, 0, 0, 0, 0, 0,
    0, 0, 0, 0, 0, 0, 0, 0,
    0, 0, 0, 0, 0, 0, 0, 0,
    0, 0, 0, 0, 0, 0, 0, 0,
    0, 0, 0, 0, 0, 0, 0, 0,
    0, 0, 0, 0, -2, 0, 0, 0,
    0, 0, 0, 0, 0, 0, 0, 0,
    0, 0, 0, 0, 0, 0, 0, 0,
    0, 0, -5, 0, -3, -4, -2, -2,
    0, -5, -2, -1, 0, -3, -2, -5,
    -2, -2, -5, -4, -4, 0, 0, 0,
    0, 0, 0, 0, 0, 0, 0, 0,
    0, 0, 0, 0, 0, 0, 0, 0,
    0, 0, 0, 0, 0, 0, 0, 0,
    0, 0, 0, 0, 10, 0, 5, -6,
    5, 0, 0, 5, 0, 0, 0, 0,
    0, 0, 0, 0, 0, 0, 0, 0,
    0, 0, 0, 0, 0, 0, 0, 0,
    0, 0, 0, 0, 0, 0, 0, 0,
    0, 0, 0, -2, 0, 0, 0, 0,
    0, 0, 0, 0, 0, 0, 0, 0,
    0, 0, 0, 0, 0, 0, 0, 0,
    0, -10, 4, -9, -6, -3, -5, 0,
    -8, -6, 9, 4, -9, 0, -10, 0,
    4, -17, -7, 9, 0, 0, 0, 0,
    0, 0, 0, 0, 0, 0, 0, 0,
    0, 0, 0, 0, 0, 0, 0, 0,
    0, 0, 0, 0, 0, 0, 0, 0,
    0, 0, 0, 0, 0, 0, 0, 0,
    0, 0, 0, 0, 0, 0, 0, 0,
    0, 0, 0, 0, 0, 0, 0, 0,
    0, 0, 0, 0, 0, 0, 0, 0,
    0, 0, 0, 0, 0, 0, 0, 0,
    0, 0, 0, 0, 0, 0, 0, 0,
    0, 0, 0, 0, 0, 0, 0, 0,
    0, 0, 0, 0, 0, 0, 0, 0,
    0, 0, 0, 0, 0, 0, 0, 0,
    0, 0, 0, 0, 0, 0, 0, 0,
    -2, 0, 0, 0, 0, 0, 0, 0,
    0, 0, 0, 0, 0, 0, 0, 0,
    0, 0, 0, 0, 0, 0, 0, 0,
    0, 0, 0, 0, 0, 0, 0, 0,
    0, 0, 0, 0, 0, 0, 0, 0,
    0, 0, 0, 0, 0, 0, 0, 0,
    0, 0, 0, 0, 0, 0, 0, 0,
    0, 0, 0, 0, 0, 0, 0, 0,
    0, 0, 0, 0, 0, 0, 0, 0,
    0, 0, 0, 0, 0, 0, 0, 0,
    0, 0, 0, 0, 0, 0, 0, 0,
    0, 0, 0, 0, 0, 0, 0, 0,
    0, 0, 0, 0, 0, 0, 0, 0,
    -7, 0, 0, 0, 0, 0, -4, 0,
    0, -5, 0, 0, 0, 0, 0, 0,
    0, 0, 0, 0, 0, 0, 0, 0,
    0, 0, 0, 0, 0, 0, 0, 0,
    0, 0, 0, 0, 0, 0, 0, 0,
    0, 0, 0, 1, 0, 1, 0, 1,
    1, 0, 0, 0, 0, 0, 0, 0,
    0, 0, 0, 0, 0, 0, 0, 0,
    0, 0, 0, 0, 0, 0, 0, 0,
    0, 0, 0, 0, 0, 0, 0, 0,
    0, 0, 0, 0, 0, 0, 0, 0,
    0, 0, 0, 0, 0, 0, 0, 0,
    0, 0, 0, 0, 0, 0, -2, 0,
    -2, 0, 0, 0, 0, -1, -2, -2,
    0, -4, 0, -3, -5, 0, -6, 0,
    -2, 0, 0, 0, 0, 0, 0, 0,
    0, 0, 0, 0, 0, 0, 0, 0,
    0, 0, 0, 0, 0, 0, 0, 0,
    0, 0, 0, 0, 0, 0, 0, 0,
    0, -7, 3, -13, 3, 0, 3, 3,
    -4, 0, 0, 0, 0, 0, 0, 0,
    0, 0, 0, 0, 0, 0, 0, 0,
    0, 0, 0, 0, 0, 0, 0, 0,
    0, 0, 0, 0, 0, -8, 0, -4,
    0, 0, 0, 0, 0, 0, 0, 0,
    0, 0, 0, 0, 0, 0, 0, -10,
    -4, 0, 0, 0, 0, -6, 0, -7,
    -3, 0, -2, 0, -3, -2, -8, 0,
    -7, 0, -6, -3, -2, -7, -2, -3,
    0, 0, 0, 0, 0, 0, 0, 0,
    0, 0, 0, 0, 0, 0, 0, 0,
    0, 0, 0, 0, 0, 0, 0, 0,
    0, 0, 0, 0, 0, 0, 0, 0,
    0, 1, 0, 1, 0, 1, 1, 0,
    0, 0, 0, 0, 0, 0, 0, 0,
    0, 0, 0, 0, 0, 0, 0, 0,
    0, 0, 0, 0, 0, 0, 0, 0,
    0, 0, 0, 0, 0, 0, -5, 0,
    0, 0, 0, 0, 0, 0, 0, 0,
    0, 0, 0, 0, 0, 0, 0, 0,
    0, 0, 0, 0, -2, 0, -7, -2,
    0, -2, 0, -3, -2, -14, 0, -7,
    0, -3, -3, 0, -9, -4, -6, 0,
    0, 0, 0, 0, 0, 0, 0, 0,
    0, 0, 0, 0, 0, 0, 0, 0,
    0, 0, 0, 0, 0, 0, 0, 0,
    0, 0, 0, 0, 0, 0, 0, 0,
    -5, 0, -5, 0, 0, 0, 0, 0,
    0, 0, 0, 0, 0, 0, 0, 0,
    0, 0, 0, 0, 0, 0, 0, 0,
    0, 0, 0, 0, 0, 0, 0, 0,
    0, 0, 0, 0, 0, -4, 0, 0,
    0, 0, 0, 0, 0, 0, 0, 0,
    0, 0, 0, 0, 0, 0, 0, 0,
    0, 0, 0, 0, 0, -5, -3, -2,
    0, 0, 0, 0, -5, 0, -5, 0,
    -3, -2, -4, -4, 0, -3, 0, 0,
    0, 0, 0, 0, 0, 0, 0, 0,
    0, 0, 0, 0, 0, 0, 0, 0,
    0, 0, 0, 0, 0, 0, 0, 0,
    0, 0, 0, 0, 0, 10, 0, 7,
    0, 7, 0, 0, 5, 0, 0, 0,
    0, 0, 0, 0, 0, 0, 0, 0,
    0, 0, 0, 0, 0, 0, 0, 0,
    0, 0, 0, 0, 0, 0, 0, 0,
    0, 0, 0, 0, -2, 0, 0, 0,
    0, 0, 0, 0, 0, 0, 0, 0,
    0, 0, 0, 0, 0, 0, 0, 0,
    0, 0, -4, 0, -1, 0, -3, 0,
    0, 0, -3, 9, 4, -1, 0, -4,
    0, 4, 0, -3, 9, 0, 0, 0,
    0, 0, 0, 0, 0, 0, 0, 0,
    0, 0, 0, 0, 0, 0, 0, 0,
    0, 0, 0, 0, 0, 0, 0, 0,
    0, 0, 0, -9, 0, -8, -4, 1,
    -4, 0, 0, 0, -4, 0, 0, 0,
    0, 0, 0, 0, 0, 0, 0, 0,
    -8, 0, 0, 0, 0, 0, 0, 0,
    0, 0, 0, 0, 0, 0, 0, 0,
    0, 0, 0, 0, 0, 0, 0, 0,
    0, 0, 0, 0, -5, 0, 0, 0,
    0, 0, 0, -17, -14, 0, -2, 0,
    0, 0, 0, -6, 0, 0, 0, 0,
    0, 0, -4, 0, -6, 0, 0, -4,
    0, -6, 0, -6, 0, 0, 0, 0,
    0, 0, 0, 0, 0, 0, 0, 0,
    0, 0, 0, 0, 0, 0, 0, 0,
    0, 0, 0, 0, 0, 0, 0, 0,
    0, 0, 0, 0, 0, 0, 0, 0,
    0, 0, 0, 0, 0, 0, 0, 0,
    0, 0, 0, 0, 0, 0, 0, 0,
    0, 0, 0, 0, 0, 0, 0, 0,
    0, 0, 0, 0, 0, 0, 0, 0,
    0, 0, -5, 0, 0, 0, 0, 0,
    0, 0, 0, 0, 0, 0, 0, 0,
    0, 0, 0, 0, 0, 0, 0, 0,
    -4, 0, -5, 0, 0, 0, 0, 0,
    0, 0, 0, -5, 0, -4, 0, 0,
    -4, 0, 0, 0, 0, 0, 0, 0,
    0, 0, 0, 0, 0, 0, 0, 0,
    0, 0, 0, 0, 0, 0, 0, 0,
    0, 0, 0, 0, 0, 0, 0, 0,
    0, 0, 0, 0, 0, 0, 0, 0,
    0, 0, 0, 0, 0, 0, 0, 0,
    0, 0, 0, 0, 0, 0, 0, 0,
    0, 0, 0, 0, 0, 0, 0, 0,
    0, 0, 0, 0, 0, 0, 0, 0,
    0, 0, 0, 0, 0, 0, 0, 0,
    0, 0, 0, 0, 0, 0, 0, 0,
    0, 0, 0, 0, 0, 0, 0, 0,
    0, -3, -4, -2, 0, 0, 0, 0,
    -8, 0, -3, 0, -4, 0, -6, 0,
    0, -3, 0, 0, 0, 0, 0, 0,
    0, 0, 0, 0, 0, 0, 0, 0,
    0, 0, 0, 0, 0, 0, 0, 0,
    0, 0, 0, 0, 0, 0, 0, 0,
    0, 0, 0, 1, -8, 1, 2, 3,
    3, -8, 0, 0, 0, 0, 0, 0,
    0, 0, 0, 0, 0, 0, 0, 0,
    0, 0, 0, 0, 0, 0, 0, 0,
    0, 0, 0, 0, 0, 0, -6, 0,
    -5, 0, 0, 0, 0, 0, 0, 0,
    0, 0, 0, 0, 0, 0, 0, 0,
    -5, -2, 0, 0, 0, 0, -5, 0,
    0, 0, -2, 0, 0, -2, -4, -6,
    0, -5, 0, -5, 0, -6, -6, 0,
    -5, 0, 0, 0, 0, 0, 0, 0,
    0, 0, 0, 0, 0, 0, 0, 0,
    0, 0, 0, 0, 0, 0, 0, 0,
    0, 0, 0, 0, 0, 0, 0, 0,
    0, 0, 0, 0, 0, 0, 0, 0,
    0, 0, 0, 0, 0, 0, 0, 0,
    0, 0, 0, 0, 0, 0, 0, 0,
    0, 0, 0, 0, 0, 0, 0, 0,
    0, 0, 0, 0, 0, 0, 0, 0,
    0, 0, 0, 0, 0, 0, 0, 0,
    0, 0, 0, 0, 0, 0, 0, 0,
    0, 0, 0, 0, 0, 0, 0, -4,
    0, 0, 0, 0, 0, 0, -5, 0,
    -4, 0, 0, -5, 0, -5, 0, -2,
    0, 0, 0, 0, 0, 0, 0, 0,
    0, 0, 0, 0, 0, 0, 0, 0,
    0, 0, 0, 0, 0, 0, 0, 0,
    0, 0, 0, 0, 0, -5, 0, 0,
    -7, 1, -5, -3, 0, 0, 1, 0,
    0, 0, 0, 0, 0, 0, 0, 0,
    0, 0, 0, 0, 0, 0, 0, 0,
    0, 0, 0, 0, 0, 0, 0, 0,
    0, 0, 0, 0, -7, 0, -6, 0,
    0, 0, 0, 0, 0, 0, 0, 0,
    0, 0, 0, -4, 0, 0, -10, -10,
    0, -4, 0, 0, -6, -5, -6, -5,
    -6, 0, -4, -5, -4, -8, 0, -8,
    0, -6, -5, -8, -7, -4, 0, 0,
    0, 0, 0, 0, 0, 0, 0, 0,
    0, 0, 0, 0, 0, 0, 0, 0,
    0, 0, 0, 0, 0, 0, 0, 0,
    0, 0, 0, 0, 0, 0, 0, 0,
    0, 0, 0, 0, 0, 0, 0, 0,
    0, 0, 0, 0, 0, 0, 0, 0,
    0, 0, 0, 0, 0, 0, 0, 0,
    0, 0, 0, 0, 0, 0, 0, 0,
    0, 0, 0, 0, 0, 0, 0, 0,
    0, 0, 0, 0, 0, 0, 0, 0,
    0, 0, 0, 0, 0, 0, 0, 0,
    0, 0, 0, 0, 0, 0, 0, 0,
    0, 0, 0, 0, 0, 0, 0, 0,
    0, 0, 0, 0, 0, 0, 0, 0,
    0, 0, -7, 0, 0, 0, 0, -8,
    0, -4, 0, 0, -7, 0, 0, -4,
    0, -4, 0, 0, -7, -4, -9, -7,
    0, 0, 0, 0, -16, 0, -28, 0,
    0, 0, 0, 0, 0, -8, 0, -4,
    0, 0, -12, -5, -5, 0, 1, -5,
    0, -12, 0, 0, -4, 0, 0, 0,
    0, 0, -5, 0, -5, 0, 0, -5,
    0, 0, 0, -24, 0, 0, 0, 0,
    0, 0, 0, 0, 0, -20, 0, 0,
    0, 0, 0, 0, 0, 0, 0, 0,
    0, 0, 0, 0, 0, 0, 0, 0,
    0, 0, 0, 0, 0, 0, 0, 0,
    0, 0, 0, 0, 0, 0, -2, 1,
    0, 0, 1, -4, -16, 0, -3, 1,
    -24, 0, 6, 0, 0, 5, 0, 0,
    3, 5, 0, -5, -3, -2, -8, 7,
    0, -16, 0, 0, 0, -9, 0, 0,
    0, 0, 0, 0, 0, 0, 0, 0,
    0, 0, 0, 0, 0, 0, 0, 0,
    0, 0, 0, 0, 0, 0, 0, 0,
    0, 0, 0, 0, 0, 0, 0, 0,
    0, 0, 0, 0, 0, 0, 0, 0,
    0, 0, 0, 0, -5, 0, 0, 0,
    0, 0, 0, 0, 0, 0, 0, 0,
    0, 0, 0, 0, 0, 0, 0, 0,
    0, 0, 0, 0, 0, 0, 0, 0,
    0, 0, 0, 0, 0, 0, -2, 0,
    -6, -2, 0, -7, 0, 0, -2, -7,
    0, 0, 0, 0, 0, 0, 0, -5,
    0, 0, -4, -5, -4, -4, 0, -4,
    0, 0, 0, 0, 0, -37, -28, -37,
    0, -6, -6, 0, 0, 0, 0, 0,
    0, 0, 0, 0, 0, 0, 0, 0,
    0, 0, 0, 0, 0, 0, 0, 0,
    0, 0, 0, 0, 0, 0, 0, 0,
    -22, 5, -20, 0, 0, 0, 0, 0,
    0, 0, 0, 0, 0, 0, 0, 0,
    0, 0, 0, 0, 0, 0, 0, 0,
    0, 0, 0, 0, 0, 0, 0, 0,
    0, 0, 0, 0, 0, 0, 0, 0,
    0, 0, 0, 0, -18, -32, 0, -12,
    -32, -11, 0, 0, -24, -6, 0, -12,
    -27, -15, -18, -31, -31, 0, -20, -33,
    -18, -13, -14, -9, -18, -16, -32, 0,
    0, -2, 5, 0, 5, -4, 5, 0,
    5, 5, -5, 0, 0, 0, 0, 0,
    0, 0, 0, 0, 0, 0, 0, 0,
    0, 0, 0, 1, 0, 0, 0, 0,
    0, 0, 0, 0, 0, 0, 0, 0,
    0, 0, 0, 0, 0, 1, 1, 1,
    1, 1, 0, 0, 0, 0, 0, 0,
    0, 0, 0, 0, 0, 0, 0, 0,
    0, 0, 0, 0, 0, 0, 0, 0,
    0, 0, 0, 0, 0, 0, 0, 0,
    0, 0, -3, 0, 7, 0, 0, 7,
    -4, -6, 0, -4, 0, -6, 0, 1,
    0, 1, 11, 1, 0, 0, 10, 5,
    -4, 1, 0, -3, 1, 1, 0, 0,
    0, 3, 0, 0, -8, 0, 0, 0,
    0, 0, 0, 0, 0, 0, 0, 0,
    0, 0, 0, 0, 0, 0, 0, 0,
    0, 0, 0, 0, 0, 0, 0, 0,
    0, 0, 0, 0, 0, 0, -6, 0,
    -3, 0, 0, 0, 0, 0, 0, 0,
    0, 0, 0, 0, 0, 0, 0, 0,
    0, 0, 0, 0, 0, 0, 0, 0,
    0, 0, 0, 0, 0, 0, 0, 0,
    0, 0, 0, 0, 0, 0, 0, 0,
    0, 0, 0, 2, 0, 0, 3, -4,
    0, 0, -8, 0, -5, 0, 0, -3,
    0, 5, -3, 0, 3, 5, 0, -9,
    -6, 0, -7, 8, -5, 0, 0, 0,
    0, -10, 0, 0, 0, -6, 0, 0,
    0, -4, 0, -12, 0, -6, 0, -4,
    0, -6, -6, -6, 0, 0, 0, 0,
    0, 0, 0, 0, 0, 0, 0, 0,
    0, 0, 0, 0, 0, 0, 1, 0,
    0, 0, 0, 0, 0, 0, 0, 0,
    0, 0, 0, 0, 0, 0, 0, 0,
    0, 0, 0, 0, 0, 0, 0, 0,
    0, 0, 0, 0, 0, 0, 0, 0,
    0, 0, 0, 0, 0, 0, 0, 0,
    0, -4, -7, -4, -10, -5, 0, -7,
    0, 0, -6, 0, 0, 0, 0, 0,
    0, 0, -2, -5, -3, 0, 0, 0,
    -5, 0, -3, -2, -8, 0, 0, 0,
    0, -33, -10, -33, -23, 0, 0, 0,
    0, 0, 0, 0, 0, 0, 0, 0,
    0, 0, 0, 0, 0, 0, 0, 0,
    0, 0, 0, 0, 0, 0, 0, 0,
    0, 0, 0, 0, -6, 0, 0, 0,
    0, 0, 0, 0, 0, 0, 0, 0,
    0, 0, 0, 0, 0, 0, 0, 0,
    0, 0, 0, 0, 0, 0, 0, 0,
    0, 0, 0, 0, 0, 0, 0, 0,
    0, 0, 0, 0, 0, 0, 0, 0,
    -15, -25, 0, -17, -25, 0, -8, -4,
    0, -7, 0, 0, -13, 0, 0, -15,
    -8, 0, -6, -18, 0, 0, 0, -5,
    0, 0, -6, 0, 0, 0, 0, 0,
    0, -8, 0, 0, 0, 0, 0, 0,
    0, 0, 0, 0, 0, 0, 0, 0,
    0, 0, 0, 0, 0, 0, 0, 0,
    0, 0, 0, 0, 0, 0, 0, 0,
    0, 0, 0, -5, 0, 0, 0, 0,
    0, 0, 0, 0, 0, 0, 0, 0,
    0, 0, 0, 0, 0, 0, 0, 0,
    0, 0, 0, 0, 0, 0, 0, 0,
    0, 0, 0, 0, 0, 0, 0, 0,
    0, 0, 0, 0, 0, 0, 0, 0,
    0, 0, -4, 0, -9, -6, 0, -13,
    -2, -6, 0, 0, -6, 0, 0, 0,
    0, 0, 0, 0, -8, -5, 0, -12,
    0, 0, 0, 0, 0, 0, 0, -31,
    -22, -31, -27, -6, -6, 0, 0, 0,
    0, 0, 0, 0, 0, 0, 0, 0,
    0, 0, 0, 0, 0, 0, 0, 0,
    0, 0, 0, 0, 0, 0, 0, 0,
    0, 0, -14, 0, -12, 0, 0, 0,
    0, 0, 0, 0, 0, 0, 0, 0,
    0, 0, 0, 0, 0, 0, 0, 0,
    0, 0, 0, 0, 0, 0, 0, 0,
    0, 0, 0, 0, 0, 0, 0, 0,
    0, 0, 0, 0, 0, 0, -12, -20,
    0, -7, -21, -7, 0, 0, -19, -6,
    0, -6, -22, -12, -14, -26, -19, 0,
    -15, -28, -14, -6, -10, -12, -11, -13,
    -27, 0, 0, 0, 3, 0, -26, -12,
    -26, 0, 0, 0, 3, 0, 0, 0,
    0, 0, 0, 0, 0, 0, 0, 0,
    0, 0, 0, 0, 0, 0, 0, 0,
    0, 0, 0, 0, 0, 0, 0, 0,
    0, -8, 0, -10, 0, 0, 0, 0,
    0, 0, 0, 0, 2, 0, 0, 0,
    0, 0, 0, 0, 0, 0, 0, 0,
    0, 0, 0, 0, 0, 0, 0, 0,
    0, 0, 0, 0, 0, 0, 0, 0,
    0, 0, 0, 0, 0, -12, -18, 0,
    -7, -19, -2, 0, -6, -7, -8, -5,
    -2, -7, -5, -9, -18, -12, -8, -10,
    -24, -9, -5, -5, -5, -6, -6, -14,
    0, 0, -10, 0, 0, -14, 1, -14,
    0, 0, 0, -6, 0, 0, 0, 0,
    0, 0, 0, 0, 0, 0, 0, 0,
    0, 0, 0, 0, 0, 0, 0, 0,
    0, 0, 0, 0, 0, 0, 0, 0,
    0, 0, 0, 0, 0, 0, 0, 0,
    0, 0, 0, -4, 0, 0, 0, 0,
    0, 0, 0, 0, 0, 0, 0, 0,
    0, 0, 0, 0, 0, 0, 0, 0,
    0, 0, 0, 0, 0, 0, 0, 0,
    0, 0, 0, 0, -3, -12, -8, -15,
    -12, 0, -24, -2, 0, -9, 0, -4,
    -6, 0, 0, -5, 0, -2, -5, -5,
    0, 0, 0, -2, 0, -2, -2, 0,
    0, -4, 0, -4, 0, -8, 0, 0,
    0, 0, 0, 0, 0, 0, 0, 0,
    0, 0, 0, 0, 0, 0, 0, 0,
    0, 0, 0, 0, 0, 0, 0, 0,
    0, 0, 0, 0, 0, 0, 0, -5,
    0, -6, 0, 0, 0, 0, 0, 0,
    0, 0, -3, 0, 0, 0, 0, 0,
    0, 0, 0, 0, 0, 0, 0, 0,
    0, 0, 0, 0, 0, 0, 0, 0,
    0, 0, 0, 0, 0, 0, 0, 0,
    0, 0, 0, 0, 0, 0, -4, 0,
    -6, -6, 0, -9, 0, -5, -3, -4,
    -5, 0, 0, -3, 0, 0, 0, 0,
    -5, -5, -4, -11, 3, 0, 0, 0,
    -25, 0, 0, 0, 0, 0, 0, 0,
    0, -8, 0, 0, 0, 0, 0, 0,
    0, 0, 0, 0, 0, 0, 0, 0,
    0, 0, 0, 0, 0, 0, 0, 0,
    0, 0, 0, 0, 0, 0, 0, 0,
    0, 0, 0, 0, 0, 0, 0, 0,
    0, -20, 0, 0, 0, 0, 0, 0,
    0, 0, 0, 0, 0, 0, 0, 0,
    0, 0, 0, 0, 0, 0, 0, 0,
    0, 0, 0, 0, 0, 0, 0, 0,
    0, 0, 0, 1, -5, -7, -2, 0,
    -33, -9, 0, -4, -20, -5, 0, 0,
    0, 0, 0, 0, -5, 0, 0, -6,
    -2, -4, -4, -4, -2, 0, 0, 0,
    0, -16, 0, 0, 0, 0, 0, 0,
    -4, 0, 0, 0, 0, 0, 0, 0,
    0, 0, 0, 0, 0, 0, 0, 0,
    0, 0, 0, 0, 0, 0, 0, 0,
    0, 0, 0, 0, 0, 0, 0, 0,
    0, 0, 0, 0, 0, 0, 0, 0,
    0, 0, 0, 0, 0, 0, 0, 0,
    0, 0, 0, 0, 0, 0, 0, 0,
    0, 0, 0, 0, 0, 0, 0, 0,
    0, 0, 0, 0, 0, 0, 0, 0,
    0, 0, 0, 0, 0, 0, 0, -7,
    0, 0, 0, 0, 0, 0, 0, 0,
    0, 0, 0, 0, 0, 0, -5, 0,
    0, 0, 0, 0, 0, 0, 0, 0,
    0, 0, 0, 0, 0, 0, 0, 0,
    0, 0, 0, 0, 0, 0, 0, 0,
    0, 0, 0, 0, 0, 0, 0, 0,
    0, 0, 0, 0, 0, 0, 0, 0,
    0, 0, 0, 0, 0, 0, 0, 0,
    0, 0, 0, 0, 0, 0, 0, 0,
    0, 0, 0, 0, 0, 0, 0, 0,
    0, 0, 0, 0, 0, 0, 0, 0,
    0, 0, 0, 0, 0, 0, 0, 0,
    0, 0, 0, 0, 0, 0, 0, 0,
    0, 0, 0, 0, 0, 0, 0, 0,
    0, 0, 0, 0, -4, 0, 0, 0,
    0, -2, -9, -4, 0, -10, -3, -6,
    -3, -7, -4, 0, 0, 0, 0, 0,
    0, 0, 0, 0, 0, 0, 0, 0,
    0, 0, 0, 0, 0, 0, 0, 0,
    0, 0, 0, 0, 0, 0, 0, 0,
    0, 0, 0, 0, 0, 0, 0, 0,
    0, 0, 0, 0, 0, 0, 0, 0,
    0, 0, 0, 0, 0, 0, 0, 0,
    0, 0, 0, 0, 0, 0, 0, 0,
    0, 0, 0, 0, 0, 0, 0, 0,
    0, 0, 0, 0, 0, 0, 0, 0,
    0, 0, 0, 0, 0, 0, 0, 0,
    0, 0, 0, 0, 0, 0, 0, 0,
    0, 0, 0, 0, 0, 0, 0, 0,
    0, -6, 0, 0, -7, -2, 0, -4,
    -5, -2, 0, 0, 0, 0, 0, -29,
    -14, -29, 0, 0, 0, 0, 0, 0,
    0, 0, 0, 0, 0, 0, 0, 0,
    0, 0, 0, 0, 0, 0, 0, 0,
    0, 0, 0, 0, 0, 0, 0, 0,
    0, 0, -10, 16, 0, 0, 0, 0,
    0, 0, 0, 0, 0, 1, 0, 0,
    0, 0, 0, 0, 0, 0, 0, 0,
    0, 0, 0, 0, 0, 0, 0, 0,
    0, 0, 0, 0, 0, 0, 0, 0,
    0, 0, 0, 0, 0, 0, 0, 0,
    0, 0, 0, 0, 0, 0, 0, 0,
    0, 0, -10, 0, 0, -15, -13, -4,
    -6, -18, 0, 0, -4, -5, 0, -5,
    -13, 0, 0, -3, 5, 0, 5, -2,
    5, 0, 5, 5, 0, 0, 0, 0,
    0, 0, 0, 0, 0, 0, 0, 0,
    0, 0, 0, 0, 0, 0, 0, 0,
    0, 0, 0, 0, 0, 0, 0, 0,
    0, 0, 0, 0, 0, 0, 0, 0,
    0, 0, 0, 0, 0, 0, 0, 0,
    0, 0, 0, 0, 0, 0, 0, 0,
    0, 0, 0, 0, 0, 0, 0, 0,
    0, 0, 0, 0, 0, 0, 0, 0,
    0, 0, 0, 0, 0, 0, 0, 0,
    0, 0, 0, 0, 0, 0, 0, 0,
    0, 1, 0, 0, 11, 0, 1, 0,
    4, 2, -5, -2, 0, -2, 0, 0,
    0, 0, 0, 0, -10, 0, 2, 0,
    0, 0, 0, -3, 0, 0, 0, 0,
    0, 0, 0, 0, 0, 0, 0, -6,
    0, 0, 0, 0, 0, 0, 0, 0,
    0, 0, 0, 0, 0, 0, 0, 0,
    -1, 0, 0, 0, 0, 0, 0, 0,
    0, 0, 0, 0, 0, 0, 0, 0,
    0, 0, 0, 0, 0, 0, 0, 0,
    0, 0, 0, 0, 0, 0, 0, 0,
    0, 0, 0, 0, 0, 0, 0, 0,
    0, 0, 0, 0, 0, 0, 0, 0,
    0, 0, -7, 0, 0, 0, 0, 0,
    -5, 0, 0, 0, 0, -2, 0, 0,
    0, -4, 1, -3, 0, 0, -2, 0,
    0, 0, 0, 0, 0, -7, 0, 0,
    0, 0, 0, 0, 0, 0, 0, 0,
    0, 0, 0, 0, 0, 0, 0, 0,
    0, 0, 0, 0, 0, 0, 0, 0,
    0, 0, 0, 0, 0, 0, 0, -5,
    6, -6, 0, 0, 0, 0, 0, 0,
    0, 0, 0, 0, 0, 0, 0, 0,
    0, 0, 0, 0, 0, 0, 0, 0,
    0, 0, 0, 0, 0, 0, 0, 0,
    0, 0, 0, 0, 0, 0, 0, 0,
    0, 0, 0, 0, 0, 0, 0, 0,
    0, 0, 0, 0, 0, 0, 0, -4,
    -2, 0, 3, -6, -3, 0, 0, 0,
    -6, -5, 0, -6, 2, -5, 0, 0,
    0, 0, -8, 0, 0, 0, 0, 0,
    0, 0, 0, 0, 0, 0, 0, 0,
    0, 0, 0, 0, 0, 0, 0, 0,
    0, 0, 0, 0, 0, 0, 0, 0,
    0, 0, 0, 0, 0, 0, 0, 0,
    0, 0, 0, 0, 0, 0, 0, 0,
    0, 0, 0, 0, 0, 0, 0, 0,
    0, 0, 0, 0, 0, 0, 0, 0,
    0, 0, 0, 0, 0, 0, 0, 0,
    0, 0, 0, 0, 0, 0, 0, 0,
    0, 0, 0, 0, 0, 0, 0, 0,
    -6, 0, 0, 0, 0, 0, 0, 0,
    0, 0, 0, 0, 0, 0, 0, 0,
    0, 0, 0, 0, 0, 0, 0, -9,
    0, -8, -4, 1, -4, 0, 0, 0,
    -4, 0, 0, 0, 0, 0, 0, 0,
    0, 0, 0, 0, -8, 0, 0, 0,
    0, 0, 0, 0, 0, 0, 0, 0,
    0, 0, 0, 0, 0, 0, 0, 0,
    0, 0, 0, 0, 0, 0, 0, 0,
    -5, 0, 0, 0, 0, 0, 0, 0,
    0, 0, 0, 0, 0, 0, 0, 0,
    0, 0, 0, 0, 0, 0, 0, 0,
    0, 0, 0, 0, 0, 0, 0, 0,
    0, 0, 0, 0, 0, 0, 0, -17,
    0, 0, -2, 0, 0, -5, 0, 0,
    0, 0, 0, -6, 0, 0, -6, -2,
    -6, 0, -7, -2, 0, 0, 0, 0,
    0, 0, -6, 0, 0, 0, 0, 0,
    0, 0, 0, 0, 0, 0, 0, 0,
    0, 0, 0, 0, 0, 0, 0, 0,
    0, 0, 0, 0, 0, 0, 0, 0,
    0, 0, 0, 0, -5, 0, 0, 0,
    0, 0, 0, 0, 0, 0, 0, 0,
    0, 0, 0, 0, 0, 0, 0, 0,
    0, 0, 0, 0, 0, 0, 0, 0,
    0, 0, 0, 0, 0, 0, 0, 0,
    0, 0, 0, 0, 0, 0, 0, 0,
    0, 0, 0, 0, 0, 0, -6, 0,
    0, 0, 0, 0, -4, -3, 0, 0,
    -7, 0, 0, 3, 0, -4, 1, 2,
    -4, 0, -4, 0, 0, 0, 0, 0,
    1, -8, 1, 2, 3, 3, -8, 0,
    0, 0, 0, 0, 0, 0, 0, 0,
    0, 0, 0, 0, 0, 0, 0, 0,
    0, 0, 0, 0, 0, 0, 0, 0,
    0, 0, 0, -6, 10, -5, 0, 0,
    0, 0, 0, 0, 0, 0, 0, 0,
    0, 0, 0, 0, 0, 0, 0, 0,
    0, 0, 0, 0, 0, 0, 0, 0,
    0, 0, 0, 0, 0, 0, 0, 0,
    0, 0, 0, 0, 0, 0, 0, 0,
    0, 0, 0, 0, 0, -5, 0, 0,
    0, 0, 0, -7, 0, 0, -9, -5,
    0, -6, -12, 0, -6, 0, -5, 0,
    -4, -11, 0, 0, 0, 0, 0, -10,
    0, -10, -5, 0, 0, 0, 0, 0,
    0, 0, 0, 0, 0, 0, 0, 0,
    0, 0, 0, 0, 0, 0, 0, 0,
    0, 0, 0, 0, 0, 0, 0, 0,
    0, 0, -2, 0, -2, 0, 0, 0,
    0, 0, 0, 0, 0, 0, 0, 0,
    0, 0, 0, 0, 0, 0, 0, 0,
    0, 0, 0, 0, 0, 0, 0, 0,
    0, 0, 0, 0, 0, 0, 0, 0,
    0, 0, 0, 0, 0, 0, 0, 0,
    0, 0, 0, 0, -6, 0, 0, -2,
    0, 0, -6, 0, 0, -3, -2, -4,
    -5, -3, 0, 0, 0, -5, 0, -3,
    -4, 0, -5, 0, 0, -7, 1, -5,
    -3, 0, 0, 1, 0, 0, 0, 0,
    0, 0, 0, 0, 0, 0, 0, 0,
    0, 0, 0, 0, 0, 0, 0, 0,
    0, 0, 0, 0, 0, 0, 0, 0,
    0, -7, 0, -6, 0, 0, 0, 0,
    0, 0, 0, 0, 0, 0, 0, 0,
    0, 0, 0, 0, 0, 0, 0, 0,
    0, 0, 0, 0, 0, 0, 0, 0,
    0, 0, 0, 0, 0, 0, 0, 0,
    0, 0, 0, 0, 0, 0, 0, 0,
    0, 0, -4, -10, 0, 0, -4, 0,
    0, -4, -4, 0, 3, -6, -3, -3,
    0, 0, -7, -1, 0, -5, 2, -6,
    0, 0, -24, 0, 0, 0, 0, 0,
    0, 0, 0, -6, 0, 0, 0, 0,
    0, 0, 0, 0, 0, 0, 0, 0,
    0, 0, 0, 0, 0, 0, 0, 0,
    0, 0, 0, 0, 0, 0, 0, 0,
    0, -16, 0, 0, 0, 0, 0, 0,
    0, 0, 0, -20, 0, 0, 0, 0,
    0, 0, 0, 0, 0, 0, 0, 0,
    0, 0, 0, 0, 0, 0, 0, 0,
    0, 0, 0, 0, 0, 0, 0, 0,
    0, 0, 0, 0, 0, 0, 0, 0,
    0, 0, 0, 0, 0, 0, 0, 0,
    0, 0, 0, 0, 0, -2, -6, 0,
    0, -22, -6, -5, -10, -6, -4, 0
};


/*Collect the kern class' data in one place*/
static const lv_font_fmt_txt_kern_classes_t kern_classes =
{
    .class_pair_values   = kern_class_values,
    .left_class_mapping  = kern_left_class_mapping,
    .right_class_mapping = kern_right_class_mapping,
    .left_class_cnt      = 120,
    .right_class_cnt     = 111,
};

/*--------------------
 *  ALL CUSTOM DATA
 *--------------------*/

#if LVGL_VERSION_MAJOR == 8
/*Store all the custom data of the font*/
static  lv_font_fmt_txt_glyph_cache_t cache;
#endif

#if LVGL_VERSION_MAJOR >= 8
static const lv_font_fmt_txt_dsc_t font_dsc = {
#else
static lv_font_fmt_txt_dsc_t font_dsc = {
#endif
    .glyph_bitmap = glyph_bitmap,
    .glyph_dsc = glyph_dsc,
    .cmaps = cmaps,
    .kern_dsc = &kern_classes,
    .kern_scale = 16,
    .cmap_num = 23,
    .bpp = 4,
    .kern_classes = 1,
    .bitmap_format = 1,
#if LVGL_VERSION_MAJOR == 8
    .cache = &cache
#endif
};

extern const lv_font_t noto_sans_cjk;


/*-----------------
 *  PUBLIC FONT
 *----------------*/

/*Initialize a public general font descriptor*/
#if LVGL_VERSION_MAJOR >= 8
const lv_font_t noto_sans_eu = {
#else
lv_font_t noto_sans_eu = {
#endif
    .get_glyph_dsc = lv_font_get_glyph_dsc_fmt_txt,    /*Function pointer to get glyph's data*/
    .get_glyph_bitmap = lv_font_get_bitmap_fmt_txt,    /*Function pointer to get glyph's bitmap*/
    .line_height = 23,          /*The maximum line height required by the font*/
    .base_line = 5,             /*Baseline measured from the bottom of the line*/
#if !(LVGL_VERSION_MAJOR == 6 && LVGL_VERSION_MINOR == 0)
    .subpx = LV_FONT_SUBPX_NONE,
#endif
#if LV_VERSION_CHECK(7, 4, 0) || LVGL_VERSION_MAJOR >= 8
    .underline_position = -2,
    .underline_thickness = 1,
#endif
    .dsc = &font_dsc,          /*The custom font data. Will be accessed by `get_glyph_bitmap/dsc` */
#if LV_VERSION_CHECK(8, 2, 0) || LVGL_VERSION_MAJOR >= 9
    .fallback = &noto_sans_cjk,
#endif
    .user_data = NULL,
};



#endif /*#if NOTO_SANS_EU*/

